RadiomicsFeature,RadiomicsValue
mask_necrosis__fla__follow_up_3__original_shape_Elongation,0.6711841076871168
mask_necrosis__fla__follow_up_3__original_shape_Flatness,0.5782724325905594
mask_necrosis__fla__follow_up_3__original_shape_LeastAxisLength,3.480584008281434
mask_necrosis__fla__follow_up_3__original_shape_MajorAxisLength,6.018934696037689
mask_necrosis__fla__follow_up_3__original_shape_Maximum2DDiameterColumn,5.830951894845301
mask_necrosis__fla__follow_up_3__original_shape_Maximum2DDiameterRow,5.830951894845301
mask_necrosis__fla__follow_up_3__original_shape_Maximum2DDiameterSlice,5.0
mask_necrosis__fla__follow_up_3__original_shape_Maximum3DDiameter,6.164414002968976
mask_necrosis__fla__follow_up_3__original_shape_MeshVolume,36.16666666666666
mask_necrosis__fla__follow_up_3__original_shape_MinorAxisLength,4.039813313187084
mask_necrosis__fla__follow_up_3__original_shape_Sphericity,0.7163836990310406
mask_necrosis__fla__follow_up_3__original_shape_SurfaceArea,73.82624025116921
mask_necrosis__fla__follow_up_3__original_shape_SurfaceVolumeRatio,2.041278532290393
mask_necrosis__fla__follow_up_3__original_shape_VoxelVolume,42.0
mask_necrosis__fla__follow_up_3__original_firstorder_10Percentile,556.6019592829105
mask_necrosis__fla__follow_up_3__original_firstorder_90Percentile,789.4040605574216
mask_necrosis__fla__follow_up_3__original_firstorder_Energy,19393133.05297769
mask_necrosis__fla__follow_up_3__original_firstorder_Entropy,4.850534387012956
mask_necrosis__fla__follow_up_3__original_firstorder_InterquartileRange,158.08100816872798
mask_necrosis__fla__follow_up_3__original_firstorder_Kurtosis,1.8041752046392936
mask_necrosis__fla__follow_up_3__original_firstorder_MeanAbsoluteDeviation,83.93611591414661
mask_necrosis__fla__follow_up_3__original_firstorder_Mean,673.090650642525
mask_necrosis__fla__follow_up_3__original_firstorder_Median,696.6592071866272
mask_necrosis__fla__follow_up_3__original_firstorder_Range,338.9005448836332
mask_necrosis__fla__follow_up_3__original_firstorder_RobustMeanAbsoluteDeviation,65.89222287295961
mask_necrosis__fla__follow_up_3__original_firstorder_RootMeanSquared,679.5154620508171
mask_necrosis__fla__follow_up_3__original_firstorder_Skewness,-0.0112318974721851
mask_necrosis__fla__follow_up_3__original_firstorder_TotalEnergy,19393133.05297769
mask_necrosis__fla__follow_up_3__original_firstorder_Uniformity,0.0374149659863945
mask_necrosis__fla__follow_up_3__original_firstorder_Variance,8690.239183757914
mask_necrosis__fla__follow_up_3__original_glcm_Autocorrelation,1342.1362288488233
mask_necrosis__fla__follow_up_3__original_glcm_ClusterProminence,1860414.364963513
mask_necrosis__fla__follow_up_3__original_glcm_ClusterShade,5120.584033337307
mask_necrosis__fla__follow_up_3__original_glcm_ClusterTendency,940.0145154467772
mask_necrosis__fla__follow_up_3__original_glcm_Contrast,417.3099369615488
mask_necrosis__fla__follow_up_3__original_glcm_Correlation,0.3980732866246633
mask_necrosis__fla__follow_up_3__original_glcm_DifferenceAverage,16.115624262472338
mask_necrosis__fla__follow_up_3__original_glcm_DifferenceEntropy,3.3516822666500667
mask_necrosis__fla__follow_up_3__original_glcm_DifferenceVariance,91.92265858039816
mask_necrosis__fla__follow_up_3__original_glcm_Id,0.1328080255023321
mask_necrosis__fla__follow_up_3__original_glcm_Idm,0.0668384130058323
mask_necrosis__fla__follow_up_3__original_glcm_Idmn,0.928102304972274
mask_necrosis__fla__follow_up_3__original_glcm_Idn,0.8272727764537382
mask_necrosis__fla__follow_up_3__original_glcm_Imc1,-0.8751502266338915
mask_necrosis__fla__follow_up_3__original_glcm_Imc2,0.9997665105828184
mask_necrosis__fla__follow_up_3__original_glcm_InverseVariance,0.0918057225573543
mask_necrosis__fla__follow_up_3__original_glcm_JointAverage,34.776979691295466
mask_necrosis__fla__follow_up_3__original_glcm_JointEnergy,0.0321576265177336
mask_necrosis__fla__follow_up_3__original_glcm_JointEntropy,5.0353751965702624
mask_necrosis__fla__follow_up_3__original_glcm_MCC,0.9999999999999538
mask_necrosis__fla__follow_up_3__original_glcm_MaximumProbability,0.0391640372229471
mask_necrosis__fla__follow_up_3__original_glcm_SumAverage,69.55395938259093
mask_necrosis__fla__follow_up_3__original_glcm_SumEntropy,3.865972727997768
mask_necrosis__fla__follow_up_3__original_glcm_SumSquares,339.3311131020816
mask_necrosis__fla__follow_up_3__original_glrlm_GrayLevelNonUniformity,1.5585633878316807
mask_necrosis__fla__follow_up_3__original_glrlm_GrayLevelNonUniformityNormalized,0.0372415748892335
mask_necrosis__fla__follow_up_3__original_glrlm_GrayLevelVariance,349.5194433834486
mask_necrosis__fla__follow_up_3__original_glrlm_HighGrayLevelRunEmphasis,1654.4947288483877
mask_necrosis__fla__follow_up_3__original_glrlm_LongRunEmphasis,1.0112570356472796
mask_necrosis__fla__follow_up_3__original_glrlm_LongRunHighGrayLevelEmphasis,1659.9431341016707
mask_necrosis__fla__follow_up_3__original_glrlm_LongRunLowGrayLevelEmphasis,0.0264871372634898
mask_necrosis__fla__follow_up_3__original_glrlm_LowGrayLevelRunEmphasis,0.0264638789253756
mask_necrosis__fla__follow_up_3__original_glrlm_RunEntropy,4.860994883530067
mask_necrosis__fla__follow_up_3__original_glrlm_RunLengthNonUniformity,41.54596622889306
mask_necrosis__fla__follow_up_3__original_glrlm_RunLengthNonUniformityNormalized,0.9926783507985172
mask_necrosis__fla__follow_up_3__original_glrlm_RunPercentage,0.9963369963369964
mask_necrosis__fla__follow_up_3__original_glrlm_RunVariance,0.0036608246007413
mask_necrosis__fla__follow_up_3__original_glrlm_ShortRunEmphasis,0.99718574108818
mask_necrosis__fla__follow_up_3__original_glrlm_ShortRunHighGrayLevelEmphasis,1653.1326275350668
mask_necrosis__fla__follow_up_3__original_glrlm_ShortRunLowGrayLevelEmphasis,0.0264580643408471
mask_necrosis__fla__follow_up_3__original_glszm_GrayLevelNonUniformity,1.45
mask_necrosis__fla__follow_up_3__original_glszm_GrayLevelNonUniformityNormalized,0.03625
mask_necrosis__fla__follow_up_3__original_glszm_GrayLevelVariance,356.024375
mask_necrosis__fla__follow_up_3__original_glszm_HighGrayLevelZoneEmphasis,1708.425
mask_necrosis__fla__follow_up_3__original_glszm_LargeAreaEmphasis,1.2
mask_necrosis__fla__follow_up_3__original_glszm_LargeAreaHighGrayLevelEmphasis,1805.225
mask_necrosis__fla__follow_up_3__original_glszm_LargeAreaLowGrayLevelEmphasis,0.0280012233059545
mask_necrosis__fla__follow_up_3__original_glszm_LowGrayLevelZoneEmphasis,0.0275880001654586
mask_necrosis__fla__follow_up_3__original_glszm_SizeZoneNonUniformity,38.05
mask_necrosis__fla__follow_up_3__original_glszm_SizeZoneNonUniformityNormalized,0.95125
mask_necrosis__fla__follow_up_3__original_glszm_SmallAreaEmphasis,0.977777777777778
mask_necrosis__fla__follow_up_3__original_glszm_SmallAreaHighGrayLevelEmphasis,1697.6694444444445
mask_necrosis__fla__follow_up_3__original_glszm_SmallAreaLowGrayLevelEmphasis,0.0275420864831813
mask_necrosis__fla__follow_up_3__original_glszm_ZoneEntropy,4.871928094887352
mask_necrosis__fla__follow_up_3__original_glszm_ZonePercentage,0.9523809523809524
mask_necrosis__fla__follow_up_3__original_glszm_ZoneVariance,0.0975
mask_necrosis__fla__follow_up_3__original_gldm_DependenceEntropy,4.916126946588273
mask_necrosis__fla__follow_up_3__original_gldm_DependenceNonUniformity,36.333333333333336
mask_necrosis__fla__follow_up_3__original_gldm_DependenceNonUniformityNormalized,0.8650793650793651
mask_necrosis__fla__follow_up_3__original_gldm_DependenceVariance,0.1337868480725623
mask_necrosis__fla__follow_up_3__original_gldm_GrayLevelNonUniformity,1.5714285714285714
mask_necrosis__fla__follow_up_3__original_gldm_GrayLevelVariance,348.97108843537416
mask_necrosis__fla__follow_up_3__original_gldm_HighGrayLevelEmphasis,1650.1190476190477
mask_necrosis__fla__follow_up_3__original_gldm_LargeDependenceEmphasis,1.3333333333333333
mask_necrosis__fla__follow_up_3__original_gldm_LargeDependenceHighGrayLevelEmphasis,1811.452380952381
mask_necrosis__fla__follow_up_3__original_gldm_LargeDependenceLowGrayLevelEmphasis,0.0270613775680479
mask_necrosis__fla__follow_up_3__original_gldm_LowGrayLevelEmphasis,0.0263726723338882
mask_necrosis__fla__follow_up_3__original_gldm_SmallDependenceEmphasis,0.9431216931216932
mask_necrosis__fla__follow_up_3__original_gldm_SmallDependenceHighGrayLevelEmphasis,1622.5899470899471
mask_necrosis__fla__follow_up_3__original_gldm_SmallDependenceLowGrayLevelEmphasis,0.0262551551709165
mask_necrosis__fla__follow_up_3__original_ngtdm_Busyness,0.017376517227001
mask_necrosis__fla__follow_up_3__original_ngtdm_Coarseness,0.0724016032816355
mask_necrosis__fla__follow_up_3__original_ngtdm_Complexity,7230.079947475421
mask_necrosis__fla__follow_up_3__original_ngtdm_Contrast,7.2592607193070435
mask_necrosis__fla__follow_up_3__original_ngtdm_Strength,113.5679577369439
mask_all__fla__follow_up_3__original_shape_Elongation,0.7160858000536782
mask_all__fla__follow_up_3__original_shape_Flatness,0.46350199577358553
mask_all__fla__follow_up_3__original_shape_LeastAxisLength,10.99532895062926
mask_all__fla__follow_up_3__original_shape_MajorAxisLength,23.72229041274795
mask_all__fla__follow_up_3__original_shape_Maximum2DDiameterColumn,22.20360331117452
mask_all__fla__follow_up_3__original_shape_Maximum2DDiameterRow,26.1725046566048
mask_all__fla__follow_up_3__original_shape_Maximum2DDiameterSlice,30.886890422961
mask_all__fla__follow_up_3__original_shape_Maximum3DDiameter,31.44837038703277
mask_all__fla__follow_up_3__original_shape_MeshVolume,2257.875
mask_all__fla__follow_up_3__original_shape_MinorAxisLength,16.98719530931831
mask_all__fla__follow_up_3__original_shape_Sphericity,0.5829098143903932
mask_all__fla__follow_up_3__original_shape_SurfaceArea,1427.8503321185303
mask_all__fla__follow_up_3__original_shape_SurfaceVolumeRatio,0.6323867938298313
mask_all__fla__follow_up_3__original_shape_VoxelVolume,2285.0
mask_all__fla__follow_up_3__original_firstorder_10Percentile,686.1949060528266
mask_all__fla__follow_up_3__original_firstorder_90Percentile,1005.4028991387498
mask_all__fla__follow_up_3__original_firstorder_Energy,1658716567.157672
mask_all__fla__follow_up_3__original_firstorder_Entropy,6.284175282990796
mask_all__fla__follow_up_3__original_firstorder_InterquartileRange,177.49467911527222
mask_all__fla__follow_up_3__original_firstorder_Kurtosis,2.3728859063365384
mask_all__fla__follow_up_3__original_firstorder_MeanAbsoluteDeviation,95.98471955876876
mask_all__fla__follow_up_3__original_firstorder_Mean,844.0400465458365
mask_all__fla__follow_up_3__original_firstorder_Median,842.1600753215254
mask_all__fla__follow_up_3__original_firstorder_Range,525.6871389122607
mask_all__fla__follow_up_3__original_firstorder_RobustMeanAbsoluteDeviation,71.64514087045764
mask_all__fla__follow_up_3__original_firstorder_RootMeanSquared,852.0066588221703
mask_all__fla__follow_up_3__original_firstorder_Skewness,-0.2531923398942773
mask_all__fla__follow_up_3__original_firstorder_TotalEnergy,1658716567.157672
mask_all__fla__follow_up_3__original_firstorder_Uniformity,0.0162649569784868
mask_all__fla__follow_up_3__original_firstorder_Variance,13511.746504220437
mask_all__fla__follow_up_3__original_glcm_Autocorrelation,5755.443747162313
mask_all__fla__follow_up_3__original_glcm_ClusterProminence,9173108.116964914
mask_all__fla__follow_up_3__original_glcm_ClusterShade,-31255.418699068137
mask_all__fla__follow_up_3__original_glcm_ClusterTendency,1931.5482028898248
mask_all__fla__follow_up_3__original_glcm_Contrast,166.5072399493815
mask_all__fla__follow_up_3__original_glcm_Correlation,0.8420993851628295
mask_all__fla__follow_up_3__original_glcm_DifferenceAverage,9.379950640547388
mask_all__fla__follow_up_3__original_glcm_DifferenceEntropy,4.629710696710685
mask_all__fla__follow_up_3__original_glcm_DifferenceVariance,72.40590922683685
mask_all__fla__follow_up_3__original_glcm_Id,0.2307900032244694
mask_all__fla__follow_up_3__original_glcm_Idm,0.1532360930168963
mask_all__fla__follow_up_3__original_glcm_Idmn,0.9860324021566657
mask_all__fla__follow_up_3__original_glcm_Idn,0.9236550281202576
mask_all__fla__follow_up_3__original_glcm_Imc1,-0.3193195346054711
mask_all__fla__follow_up_3__original_glcm_Imc2,0.9898141512846114
mask_all__fla__follow_up_3__original_glcm_InverseVariance,0.1177781119284257
mask_all__fla__follow_up_3__original_glcm_JointAverage,72.89509094112512
mask_all__fla__follow_up_3__original_glcm_JointEnergy,0.0029485117836188
mask_all__fla__follow_up_3__original_glcm_JointEntropy,10.467599660681426
mask_all__fla__follow_up_3__original_glcm_MCC,0.8772088819811998
mask_all__fla__follow_up_3__original_glcm_MaximumProbability,0.0465201726474839
mask_all__fla__follow_up_3__original_glcm_SumAverage,145.79018188225
mask_all__fla__follow_up_3__original_glcm_SumEntropy,7.162770371021713
mask_all__fla__follow_up_3__original_glcm_SumSquares,524.5138607098014
mask_all__fla__follow_up_3__original_glrlm_GrayLevelNonUniformity,29.03039559143798
mask_all__fla__follow_up_3__original_glrlm_GrayLevelNonUniformityNormalized,0.0135778842649528
mask_all__fla__follow_up_3__original_glrlm_GrayLevelVariance,508.2951466919572
mask_all__fla__follow_up_3__original_glrlm_HighGrayLevelRunEmphasis,5229.354650869032
mask_all__fla__follow_up_3__original_glrlm_LongRunEmphasis,1.276412626423991
mask_all__fla__follow_up_3__original_glrlm_LongRunHighGrayLevelEmphasis,7872.0991503960495
mask_all__fla__follow_up_3__original_glrlm_LongRunLowGrayLevelEmphasis,0.0015847834493744
mask_all__fla__follow_up_3__original_glrlm_LowGrayLevelRunEmphasis,0.0014169019974294
mask_all__fla__follow_up_3__original_glrlm_RunEntropy,6.569775706775015
mask_all__fla__follow_up_3__original_glrlm_RunLengthNonUniformity,1932.317467351684
mask_all__fla__follow_up_3__original_glrlm_RunLengthNonUniformityNormalized,0.9037852241460488
mask_all__fla__follow_up_3__original_glrlm_RunPercentage,0.935330752398586
mask_all__fla__follow_up_3__original_glrlm_RunVariance,0.132000599217805
mask_all__fla__follow_up_3__original_glrlm_ShortRunEmphasis,0.9604399079820074
mask_all__fla__follow_up_3__original_glrlm_ShortRunHighGrayLevelEmphasis,4893.75126053587
mask_all__fla__follow_up_3__original_glrlm_ShortRunLowGrayLevelEmphasis,0.0013777956140439
mask_all__fla__follow_up_3__original_glszm_GrayLevelNonUniformity,19.23652904128761
mask_all__fla__follow_up_3__original_glszm_GrayLevelNonUniformityNormalized,0.0134615318693405
mask_all__fla__follow_up_3__original_glszm_GrayLevelVariance,447.3119442753599
mask_all__fla__follow_up_3__original_glszm_HighGrayLevelZoneEmphasis,4628.757872638209
mask_all__fla__follow_up_3__original_glszm_LargeAreaEmphasis,21.016794961511547
mask_all__fla__follow_up_3__original_glszm_LargeAreaHighGrayLevelEmphasis,218207.077676697
mask_all__fla__follow_up_3__original_glszm_LargeAreaLowGrayLevelEmphasis,0.0058153015206356
mask_all__fla__follow_up_3__original_glszm_LowGrayLevelZoneEmphasis,0.0012552641958698
mask_all__fla__follow_up_3__original_glszm_SizeZoneNonUniformity,783.2043386983905
mask_all__fla__follow_up_3__original_glszm_SizeZoneNonUniformityNormalized,0.5480786135048219
mask_all__fla__follow_up_3__original_glszm_SmallAreaEmphasis,0.7684728671638912
mask_all__fla__follow_up_3__original_glszm_SmallAreaHighGrayLevelEmphasis,3401.941689754164
mask_all__fla__follow_up_3__original_glszm_SmallAreaLowGrayLevelEmphasis,0.0005877329528753
mask_all__fla__follow_up_3__original_glszm_ZoneEntropy,7.425168968706662
mask_all__fla__follow_up_3__original_glszm_ZonePercentage,0.6253829321663019
mask_all__fla__follow_up_3__original_glszm_ZoneVariance,18.459929061169685
mask_all__fla__follow_up_3__original_gldm_DependenceEntropy,7.903392112610238
mask_all__fla__follow_up_3__original_gldm_DependenceNonUniformity,728.200875273523
mask_all__fla__follow_up_3__original_gldm_DependenceNonUniformityNormalized,0.3186874727674061
mask_all__fla__follow_up_3__original_gldm_DependenceVariance,13.839850992822566
mask_all__fla__follow_up_3__original_gldm_GrayLevelNonUniformity,37.16542669584245
mask_all__fla__follow_up_3__original_gldm_GrayLevelVariance,539.1913384311154
mask_all__fla__follow_up_3__original_gldm_HighGrayLevelEmphasis,5479.835448577681
mask_all__fla__follow_up_3__original_gldm_LargeDependenceEmphasis,21.029759299781183
mask_all__fla__follow_up_3__original_gldm_LargeDependenceHighGrayLevelEmphasis,217365.141356674
mask_all__fla__follow_up_3__original_gldm_LargeDependenceLowGrayLevelEmphasis,0.0066152364833859
mask_all__fla__follow_up_3__original_gldm_LowGrayLevelEmphasis,0.0013750606091993
mask_all__fla__follow_up_3__original_gldm_SmallDependenceEmphasis,0.542744029384532
mask_all__fla__follow_up_3__original_gldm_SmallDependenceHighGrayLevelEmphasis,2477.0604683655674
mask_all__fla__follow_up_3__original_gldm_SmallDependenceLowGrayLevelEmphasis,0.0005100357234061
mask_all__fla__follow_up_3__original_ngtdm_Busyness,0.0258775811796221
mask_all__fla__follow_up_3__original_ngtdm_Coarseness,0.005884025495895
mask_all__fla__follow_up_3__original_ngtdm_Complexity,21166.31293507641
mask_all__fla__follow_up_3__original_ngtdm_Contrast,0.5685339285785217
mask_all__fla__follow_up_3__original_ngtdm_Strength,26.752921681411436
mask_tumor__fla__follow_up_3__original_shape_Elongation,0.6404371016161745
mask_tumor__fla__follow_up_3__original_shape_Flatness,0.4585638030499313
mask_tumor__fla__follow_up_3__original_shape_LeastAxisLength,6.227970347214892
mask_tumor__fla__follow_up_3__original_shape_MajorAxisLength,13.581469592218887
mask_tumor__fla__follow_up_3__original_shape_Maximum2DDiameterColumn,11.180339887498947
mask_tumor__fla__follow_up_3__original_shape_Maximum2DDiameterRow,14.422205101855956
mask_tumor__fla__follow_up_3__original_shape_Maximum2DDiameterSlice,10.198039027185567
mask_tumor__fla__follow_up_3__original_shape_Maximum3DDiameter,15.132745950421556
mask_tumor__fla__follow_up_3__original_shape_MeshVolume,287.0833333333333
mask_tumor__fla__follow_up_3__original_shape_MinorAxisLength,8.698077021328873
mask_tumor__fla__follow_up_3__original_shape_Sphericity,0.513543165782509
mask_tumor__fla__follow_up_3__original_shape_SurfaceArea,409.8067969948726
mask_tumor__fla__follow_up_3__original_shape_SurfaceVolumeRatio,1.427483763117118
mask_tumor__fla__follow_up_3__original_shape_VoxelVolume,296.0
mask_tumor__fla__follow_up_3__original_firstorder_10Percentile,596.7682191567033
mask_tumor__fla__follow_up_3__original_firstorder_90Percentile,776.3123648235091
mask_tumor__fla__follow_up_3__original_firstorder_Energy,140263860.28132665
mask_tumor__fla__follow_up_3__original_firstorder_Entropy,5.656242532376416
mask_tumor__fla__follow_up_3__original_firstorder_InterquartileRange,98.47462751220178
mask_tumor__fla__follow_up_3__original_firstorder_Kurtosis,2.80318904140775
mask_tumor__fla__follow_up_3__original_firstorder_MeanAbsoluteDeviation,57.36217300855458
mask_tumor__fla__follow_up_3__original_firstorder_Mean,684.7398775486479
mask_tumor__fla__follow_up_3__original_firstorder_Median,682.122221535601
mask_tumor__fla__follow_up_3__original_firstorder_Range,388.0336194339908
mask_tumor__fla__follow_up_3__original_firstorder_RobustMeanAbsoluteDeviation,41.15880084607351
mask_tumor__fla__follow_up_3__original_firstorder_RootMeanSquared,688.3780885838246
mask_tumor__fla__follow_up_3__original_firstorder_Skewness,0.0479480201079735
mask_tumor__fla__follow_up_3__original_firstorder_TotalEnergy,140263860.28132665
mask_tumor__fla__follow_up_3__original_firstorder_Uniformity,0.022758400292184
mask_tumor__fla__follow_up_3__original_firstorder_Variance,4995.692936982506
mask_tumor__fla__follow_up_3__original_glcm_Autocorrelation,1667.7016254974674
mask_tumor__fla__follow_up_3__original_glcm_ClusterProminence,850904.3216811249
mask_tumor__fla__follow_up_3__original_glcm_ClusterShade,1723.0092294106812
mask_tumor__fla__follow_up_3__original_glcm_ClusterTendency,580.4786609449345
mask_tumor__fla__follow_up_3__original_glcm_Contrast,144.6283627587099
mask_tumor__fla__follow_up_3__original_glcm_Correlation,0.5995450030452495
mask_tumor__fla__follow_up_3__original_glcm_DifferenceAverage,9.134523707409638
mask_tumor__fla__follow_up_3__original_glcm_DifferenceEntropy,4.392545417367986
mask_tumor__fla__follow_up_3__original_glcm_DifferenceVariance,57.15774986197859
mask_tumor__fla__follow_up_3__original_glcm_Id,0.194039544009842
mask_tumor__fla__follow_up_3__original_glcm_Idm,0.1099608083852726
mask_tumor__fla__follow_up_3__original_glcm_Idmn,0.9787479542795298
mask_tumor__fla__follow_up_3__original_glcm_Idn,0.9027142700578245
mask_tumor__fla__follow_up_3__original_glcm_Imc1,-0.5344591225782993
mask_tumor__fla__follow_up_3__original_glcm_Imc2,0.9985862862937676
mask_tumor__fla__follow_up_3__original_glcm_InverseVariance,0.1188734295613492
mask_tumor__fla__follow_up_3__original_glcm_JointAverage,39.46797612149441
mask_tumor__fla__follow_up_3__original_glcm_JointEnergy,0.0039298765281548
mask_tumor__fla__follow_up_3__original_glcm_JointEntropy,8.094203501951066
mask_tumor__fla__follow_up_3__original_glcm_MCC,0.8757393096702287
mask_tumor__fla__follow_up_3__original_glcm_MaximumProbability,0.0103073791757208
mask_tumor__fla__follow_up_3__original_glcm_SumAverage,78.93595224298882
mask_tumor__fla__follow_up_3__original_glcm_SumEntropy,6.033445243017885
mask_tumor__fla__follow_up_3__original_glcm_SumSquares,181.27675592591115
mask_tumor__fla__follow_up_3__original_glrlm_GrayLevelNonUniformity,6.611285840096763
mask_tumor__fla__follow_up_3__original_glrlm_GrayLevelNonUniformityNormalized,0.0227857413922084
mask_tumor__fla__follow_up_3__original_glrlm_GrayLevelVariance,198.95845191100244
mask_tumor__fla__follow_up_3__original_glrlm_HighGrayLevelRunEmphasis,1671.2019089840242
mask_tumor__fla__follow_up_3__original_glrlm_LongRunEmphasis,1.0618342621846877
mask_tumor__fla__follow_up_3__original_glrlm_LongRunHighGrayLevelEmphasis,1789.74222177429
mask_tumor__fla__follow_up_3__original_glrlm_LongRunLowGrayLevelEmphasis,0.0056030256495801
mask_tumor__fla__follow_up_3__original_glrlm_LowGrayLevelRunEmphasis,0.0054533729794414
mask_tumor__fla__follow_up_3__original_glrlm_RunEntropy,5.72422972471134
mask_tumor__fla__follow_up_3__original_glrlm_RunLengthNonUniformity,279.0375357528402
mask_tumor__fla__follow_up_3__original_glrlm_RunLengthNonUniformityNormalized,0.9615024037093804
mask_tumor__fla__follow_up_3__original_glrlm_RunPercentage,0.98024948024948
mask_tumor__fla__follow_up_3__original_glrlm_RunVariance,0.0208117859912454
mask_tumor__fla__follow_up_3__original_glrlm_ShortRunEmphasis,0.9851391273592132
mask_tumor__fla__follow_up_3__original_glrlm_ShortRunHighGrayLevelEmphasis,1642.6346091619282
mask_tumor__fla__follow_up_3__original_glrlm_ShortRunLowGrayLevelEmphasis,0.005416974158558
mask_tumor__fla__follow_up_3__original_glszm_GrayLevelNonUniformity,5.135135135135135
mask_tumor__fla__follow_up_3__original_glszm_GrayLevelNonUniformityNormalized,0.0231312393474555
mask_tumor__fla__follow_up_3__original_glszm_GrayLevelVariance,190.9731555880205
mask_tumor__fla__follow_up_3__original_glszm_HighGrayLevelZoneEmphasis,1603.3108108108108
mask_tumor__fla__follow_up_3__original_glszm_LargeAreaEmphasis,2.2612612612612613
mask_tumor__fla__follow_up_3__original_glszm_LargeAreaHighGrayLevelEmphasis,4233.1621621621625
mask_tumor__fla__follow_up_3__original_glszm_LargeAreaLowGrayLevelEmphasis,0.0089631897598593
mask_tumor__fla__follow_up_3__original_glszm_LowGrayLevelZoneEmphasis,0.0063689286289962
mask_tumor__fla__follow_up_3__original_glszm_SizeZoneNonUniformity,133.4954954954955
mask_tumor__fla__follow_up_3__original_glszm_SizeZoneNonUniformityNormalized,0.6013310607905202
mask_tumor__fla__follow_up_3__original_glszm_SmallAreaEmphasis,0.8027952952952953
mask_tumor__fla__follow_up_3__original_glszm_SmallAreaHighGrayLevelEmphasis,1268.8820495495495
mask_tumor__fla__follow_up_3__original_glszm_SmallAreaLowGrayLevelEmphasis,0.0057825612410249
mask_tumor__fla__follow_up_3__original_glszm_ZoneEntropy,6.248465123720504
mask_tumor__fla__follow_up_3__original_glszm_ZonePercentage,0.75
mask_tumor__fla__follow_up_3__original_glszm_ZoneVariance,0.4834834834834834
mask_tumor__fla__follow_up_3__original_gldm_DependenceEntropy,6.471327428538007
mask_tumor__fla__follow_up_3__original_gldm_DependenceNonUniformity,134.13513513513513
mask_tumor__fla__follow_up_3__original_gldm_DependenceNonUniformityNormalized,0.4531592403214025
mask_tumor__fla__follow_up_3__original_gldm_DependenceVariance,0.3984660336011687
mask_tumor__fla__follow_up_3__original_gldm_GrayLevelNonUniformity,6.736486486486487
mask_tumor__fla__follow_up_3__original_gldm_GrayLevelVariance,199.5958272461651
mask_tumor__fla__follow_up_3__original_gldm_HighGrayLevelEmphasis,1676.1283783783783
mask_tumor__fla__follow_up_3__original_gldm_LargeDependenceEmphasis,2.689189189189189
mask_tumor__fla__follow_up_3__original_gldm_LargeDependenceHighGrayLevelEmphasis,5032.385135135135
mask_tumor__fla__follow_up_3__original_gldm_LargeDependenceLowGrayLevelEmphasis,0.0092038116202881
mask_tumor__fla__follow_up_3__original_gldm_LowGrayLevelEmphasis,0.0053934167766499
mask_tumor__fla__follow_up_3__original_gldm_SmallDependenceEmphasis,0.6602852852852853
mask_tumor__fla__follow_up_3__original_gldm_SmallDependenceHighGrayLevelEmphasis,1056.9553303303303
mask_tumor__fla__follow_up_3__original_gldm_SmallDependenceLowGrayLevelEmphasis,0.0044892635066016
mask_tumor__fla__follow_up_3__original_ngtdm_Busyness,0.0162370789870205
mask_tumor__fla__follow_up_3__original_ngtdm_Coarseness,0.0301131188817107
mask_tumor__fla__follow_up_3__original_ngtdm_Complexity,8671.250136584267
mask_tumor__fla__follow_up_3__original_ngtdm_Contrast,0.583078617568514
mask_tumor__fla__follow_up_3__original_ngtdm_Strength,43.191935327976935
mask_oedema__fla__follow_up_3__original_shape_Elongation,0.5742225510206695
mask_oedema__fla__follow_up_3__original_shape_Flatness,0.4363913342021835
mask_oedema__fla__follow_up_3__original_shape_LeastAxisLength,11.07232443057976
mask_oedema__fla__follow_up_3__original_shape_MajorAxisLength,25.37246632273836
mask_oedema__fla__follow_up_3__original_shape_Maximum2DDiameterColumn,19.1049731745428
mask_oedema__fla__follow_up_3__original_shape_Maximum2DDiameterRow,26.1725046566048
mask_oedema__fla__follow_up_3__original_shape_Maximum2DDiameterSlice,30.886890422961
mask_oedema__fla__follow_up_3__original_shape_Maximum3DDiameter,31.44837038703277
mask_oedema__fla__follow_up_3__original_shape_MeshVolume,1920.8333333333333
mask_oedema__fla__follow_up_3__original_shape_MinorAxisLength,14.569442337528848
mask_oedema__fla__follow_up_3__original_shape_Sphericity,0.5741788031679445
mask_oedema__fla__follow_up_3__original_shape_SurfaceArea,1301.4578019126914
mask_oedema__fla__follow_up_3__original_shape_SurfaceVolumeRatio,0.6775485302799261
mask_oedema__fla__follow_up_3__original_shape_VoxelVolume,1947.0
mask_oedema__fla__follow_up_3__original_firstorder_10Percentile,741.1044195447749
mask_oedema__fla__follow_up_3__original_firstorder_90Percentile,1012.8455380163106
mask_oedema__fla__follow_up_3__original_firstorder_Energy,1499059573.8233676
mask_oedema__fla__follow_up_3__original_firstorder_Entropy,6.00795523225144
mask_oedema__fla__follow_up_3__original_firstorder_InterquartileRange,153.88452423864692
mask_oedema__fla__follow_up_3__original_firstorder_Kurtosis,2.138576741943956
mask_oedema__fla__follow_up_3__original_firstorder_MeanAbsoluteDeviation,82.85182718934249
mask_oedema__fla__follow_up_3__original_firstorder_Mean,871.9459143686958
mask_oedema__fla__follow_up_3__original_firstorder_Median,866.9747095969533
mask_oedema__fla__follow_up_3__original_firstorder_Range,434.1586079087491
mask_oedema__fla__follow_up_3__original_firstorder_RobustMeanAbsoluteDeviation,63.68519816450683
mask_oedema__fla__follow_up_3__original_firstorder_RootMeanSquared,877.4582677952983
mask_oedema__fla__follow_up_3__original_firstorder_Skewness,-0.1232174207052861
mask_oedema__fla__follow_up_3__original_firstorder_TotalEnergy,1499059573.8233676
mask_oedema__fla__follow_up_3__original_firstorder_Uniformity,0.0198567113246803
mask_oedema__fla__follow_up_3__original_firstorder_Variance,9643.334138064723
mask_oedema__fla__follow_up_3__original_glcm_Autocorrelation,3992.9492650200455
mask_oedema__fla__follow_up_3__original_glcm_ClusterProminence,3236631.136088207
mask_oedema__fla__follow_up_3__original_glcm_ClusterShade,-7229.057898227013
mask_oedema__fla__follow_up_3__original_glcm_ClusterTendency,1233.5898331335327
mask_oedema__fla__follow_up_3__original_glcm_Contrast,155.07258806495582
mask_oedema__fla__follow_up_3__original_glcm_Correlation,0.7768385281986105
mask_oedema__fla__follow_up_3__original_glcm_DifferenceAverage,9.028238744099491
mask_oedema__fla__follow_up_3__original_glcm_DifferenceEntropy,4.567151717459434
mask_oedema__fla__follow_up_3__original_glcm_DifferenceVariance,67.37952908685631
mask_oedema__fla__follow_up_3__original_glcm_Id,0.2414637796048301
mask_oedema__fla__follow_up_3__original_glcm_Idm,0.1641249687358466
mask_oedema__fla__follow_up_3__original_glcm_Idmn,0.98144664084677
mask_oedema__fla__follow_up_3__original_glcm_Idn,0.9133840252228456
mask_oedema__fla__follow_up_3__original_glcm_Imc1,-0.2912105872712055
mask_oedema__fla__follow_up_3__original_glcm_Imc2,0.9822935595069174
mask_oedema__fla__follow_up_3__original_glcm_InverseVariance,0.1200510339892784
mask_oedema__fla__follow_up_3__original_glcm_JointAverage,61.01379344659384
mask_oedema__fla__follow_up_3__original_glcm_JointEnergy,0.0040749280145022
mask_oedema__fla__follow_up_3__original_glcm_JointEntropy,10.09029290896417
mask_oedema__fla__follow_up_3__original_glcm_MCC,0.8213528822785017
mask_oedema__fla__follow_up_3__original_glcm_MaximumProbability,0.0555461056920333
mask_oedema__fla__follow_up_3__original_glcm_SumAverage,122.0275868931876
mask_oedema__fla__follow_up_3__original_glcm_SumEntropy,6.824366997126021
mask_oedema__fla__follow_up_3__original_glcm_SumSquares,347.1656052996223
mask_oedema__fla__follow_up_3__original_glrlm_GrayLevelNonUniformity,29.24224513403662
mask_oedema__fla__follow_up_3__original_glrlm_GrayLevelNonUniformityNormalized,0.0161641194808161
mask_oedema__fla__follow_up_3__original_glrlm_GrayLevelVariance,358.7284461618883
mask_oedema__fla__follow_up_3__original_glrlm_HighGrayLevelRunEmphasis,3527.998253069566
mask_oedema__fla__follow_up_3__original_glrlm_LongRunEmphasis,1.3119796162836177
mask_oedema__fla__follow_up_3__original_glrlm_LongRunHighGrayLevelEmphasis,5619.12773349727
mask_oedema__fla__follow_up_3__original_glrlm_LongRunLowGrayLevelEmphasis,0.0011925134871193
mask_oedema__fla__follow_up_3__original_glrlm_LowGrayLevelRunEmphasis,0.0011291165317998
mask_oedema__fla__follow_up_3__original_glrlm_RunEntropy,6.319257171682652
mask_oedema__fla__follow_up_3__original_glrlm_RunLengthNonUniformity,1620.3584781842874
mask_oedema__fla__follow_up_3__original_glrlm_RunLengthNonUniformityNormalized,0.8957209895716347
mask_oedema__fla__follow_up_3__original_glrlm_RunPercentage,0.9286871320769626
mask_oedema__fla__follow_up_3__original_glrlm_RunVariance,0.1507230645503624
mask_oedema__fla__follow_up_3__original_glrlm_ShortRunEmphasis,0.9568256144705956
mask_oedema__fla__follow_up_3__original_glrlm_ShortRunHighGrayLevelEmphasis,3269.631940384965
mask_oedema__fla__follow_up_3__original_glrlm_ShortRunLowGrayLevelEmphasis,0.0011179922153523
mask_oedema__fla__follow_up_3__original_glszm_GrayLevelNonUniformity,19.01836393989983
mask_oedema__fla__follow_up_3__original_glszm_GrayLevelNonUniformityNormalized,0.0158750951084305
mask_oedema__fla__follow_up_3__original_glszm_GrayLevelVariance,315.5807933924376
mask_oedema__fla__follow_up_3__original_glszm_HighGrayLevelZoneEmphasis,3026.4432387312186
mask_oedema__fla__follow_up_3__original_glszm_LargeAreaEmphasis,24.51168614357262
mask_oedema__fla__follow_up_3__original_glszm_LargeAreaHighGrayLevelEmphasis,176984.89065108515
mask_oedema__fla__follow_up_3__original_glszm_LargeAreaLowGrayLevelEmphasis,0.0050800793583615
mask_oedema__fla__follow_up_3__original_glszm_LowGrayLevelZoneEmphasis,0.0015120655169074
mask_oedema__fla__follow_up_3__original_glszm_SizeZoneNonUniformity,661.9031719532554
mask_oedema__fla__follow_up_3__original_glszm_SizeZoneNonUniformityNormalized,0.5525068213299295
mask_oedema__fla__follow_up_3__original_glszm_SmallAreaEmphasis,0.7716840145237249
mask_oedema__fla__follow_up_3__original_glszm_SmallAreaHighGrayLevelEmphasis,2195.750275334863
mask_oedema__fla__follow_up_3__original_glszm_SmallAreaLowGrayLevelEmphasis,0.0014017446126677
mask_oedema__fla__follow_up_3__original_glszm_ZoneEntropy,7.158070541916508
mask_oedema__fla__follow_up_3__original_glszm_ZonePercentage,0.6153055983564458
mask_oedema__fla__follow_up_3__original_glszm_ZoneVariance,21.87038288633532
mask_oedema__fla__follow_up_3__original_gldm_DependenceEntropy,7.664438850594432
mask_oedema__fla__follow_up_3__original_gldm_DependenceNonUniformity,598.0261941448382
mask_oedema__fla__follow_up_3__original_gldm_DependenceNonUniformityNormalized,0.3071526420877443
mask_oedema__fla__follow_up_3__original_gldm_DependenceVariance,15.93866164188172
mask_oedema__fla__follow_up_3__original_gldm_GrayLevelNonUniformity,38.66101694915254
mask_oedema__fla__follow_up_3__original_gldm_GrayLevelVariance,384.1444045321197
mask_oedema__fla__follow_up_3__original_gldm_HighGrayLevelEmphasis,3733.325629173087
mask_oedema__fla__follow_up_3__original_gldm_LargeDependenceEmphasis,24.084745762711865
mask_oedema__fla__follow_up_3__original_gldm_LargeDependenceHighGrayLevelEmphasis,173236.07139188497
mask_oedema__fla__follow_up_3__original_gldm_LargeDependenceLowGrayLevelEmphasis,0.0046632213064264
mask_oedema__fla__follow_up_3__original_gldm_LowGrayLevelEmphasis,0.0010643448379671
mask_oedema__fla__follow_up_3__original_gldm_SmallDependenceEmphasis,0.5356335082059522
mask_oedema__fla__follow_up_3__original_gldm_SmallDependenceHighGrayLevelEmphasis,1588.1760964763828
mask_oedema__fla__follow_up_3__original_gldm_SmallDependenceLowGrayLevelEmphasis,0.0008896542860922
mask_oedema__fla__follow_up_3__original_ngtdm_Busyness,0.0407292651041845
mask_oedema__fla__follow_up_3__original_ngtdm_Coarseness,0.0059001749222492
mask_oedema__fla__follow_up_3__original_ngtdm_Complexity,13409.440022972423
mask_oedema__fla__follow_up_3__original_ngtdm_Contrast,0.6208227885663138
mask_oedema__fla__follow_up_3__original_ngtdm_Strength,16.7688634877092
mask_necrosis__t1c__follow_up_3__original_shape_Elongation,0.6711841076871168
mask_necrosis__t1c__follow_up_3__original_shape_Flatness,0.5782724325905594
mask_necrosis__t1c__follow_up_3__original_shape_LeastAxisLength,3.480584008281434
mask_necrosis__t1c__follow_up_3__original_shape_MajorAxisLength,6.018934696037689
mask_necrosis__t1c__follow_up_3__original_shape_Maximum2DDiameterColumn,5.830951894845301
mask_necrosis__t1c__follow_up_3__original_shape_Maximum2DDiameterRow,5.830951894845301
mask_necrosis__t1c__follow_up_3__original_shape_Maximum2DDiameterSlice,5.0
mask_necrosis__t1c__follow_up_3__original_shape_Maximum3DDiameter,6.164414002968976
mask_necrosis__t1c__follow_up_3__original_shape_MeshVolume,36.16666666666666
mask_necrosis__t1c__follow_up_3__original_shape_MinorAxisLength,4.039813313187084
mask_necrosis__t1c__follow_up_3__original_shape_Sphericity,0.7163836990310406
mask_necrosis__t1c__follow_up_3__original_shape_SurfaceArea,73.82624025116921
mask_necrosis__t1c__follow_up_3__original_shape_SurfaceVolumeRatio,2.041278532290393
mask_necrosis__t1c__follow_up_3__original_shape_VoxelVolume,42.0
mask_necrosis__t1c__follow_up_3__original_firstorder_10Percentile,473.0789830278436
mask_necrosis__t1c__follow_up_3__original_firstorder_90Percentile,754.9204514281861
mask_necrosis__t1c__follow_up_3__original_firstorder_Energy,16048330.460305065
mask_necrosis__t1c__follow_up_3__original_firstorder_Entropy,5.041010577489143
mask_necrosis__t1c__follow_up_3__original_firstorder_InterquartileRange,155.07191590671164
mask_necrosis__t1c__follow_up_3__original_firstorder_Kurtosis,2.463177638650217
mask_necrosis__t1c__follow_up_3__original_firstorder_MeanAbsoluteDeviation,90.67312874084712
mask_necrosis__t1c__follow_up_3__original_firstorder_Mean,608.2513951291976
mask_necrosis__t1c__follow_up_3__original_firstorder_Median,606.3302183425866
mask_necrosis__t1c__follow_up_3__original_firstorder_Range,443.0574937471856
mask_necrosis__t1c__follow_up_3__original_firstorder_RobustMeanAbsoluteDeviation,63.03598550209774
mask_necrosis__t1c__follow_up_3__original_firstorder_RootMeanSquared,618.1448909420344
mask_necrosis__t1c__follow_up_3__original_firstorder_Skewness,0.4127596289432557
mask_necrosis__t1c__follow_up_3__original_firstorder_TotalEnergy,16048330.460305065
mask_necrosis__t1c__follow_up_3__original_firstorder_Uniformity,0.0328798185941043
mask_necrosis__t1c__follow_up_3__original_firstorder_Variance,12133.346521124447
mask_necrosis__t1c__follow_up_3__original_glcm_Autocorrelation,1096.671536268694
mask_necrosis__t1c__follow_up_3__original_glcm_ClusterProminence,2735040.8134515565
mask_necrosis__t1c__follow_up_3__original_glcm_ClusterShade,17046.145156908202
mask_necrosis__t1c__follow_up_3__original_glcm_ClusterTendency,905.9171605709224
mask_necrosis__t1c__follow_up_3__original_glcm_Contrast,511.0656857769116
mask_necrosis__t1c__follow_up_3__original_glcm_Correlation,0.2143027667117958
mask_necrosis__t1c__follow_up_3__original_glcm_DifferenceAverage,18.49738721666897
mask_necrosis__t1c__follow_up_3__original_glcm_DifferenceEntropy,3.681341280483181
mask_necrosis__t1c__follow_up_3__original_glcm_DifferenceVariance,149.0817585307562
mask_necrosis__t1c__follow_up_3__original_glcm_Id,0.1119547357210602
mask_necrosis__t1c__follow_up_3__original_glcm_Idm,0.0519090729058013
mask_necrosis__t1c__follow_up_3__original_glcm_Idmn,0.9454364787415488
mask_necrosis__t1c__follow_up_3__original_glcm_Idn,0.8406969448079514
mask_necrosis__t1c__follow_up_3__original_glcm_Imc1,-0.8903953545596323
mask_necrosis__t1c__follow_up_3__original_glcm_Imc2,0.9998094397551548
mask_necrosis__t1c__follow_up_3__original_glcm_InverseVariance,0.0428114890945423
mask_necrosis__t1c__follow_up_3__original_glcm_JointAverage,31.173768103672
mask_necrosis__t1c__follow_up_3__original_glcm_JointEnergy,0.0332701210714136
mask_necrosis__t1c__follow_up_3__original_glcm_JointEntropy,5.004681716880128
mask_necrosis__t1c__follow_up_3__original_glcm_MCC,0.9999999999999556
mask_necrosis__t1c__follow_up_3__original_glcm_MaximumProbability,0.0482077155810067
mask_necrosis__t1c__follow_up_3__original_glcm_SumAverage,62.34753620734399
mask_necrosis__t1c__follow_up_3__original_glcm_SumEntropy,3.840700747297684
mask_necrosis__t1c__follow_up_3__original_glcm_SumSquares,354.24571158695846
mask_necrosis__t1c__follow_up_3__original_glrlm_GrayLevelNonUniformity,1.3613522187631006
mask_necrosis__t1c__follow_up_3__original_glrlm_GrayLevelNonUniformityNormalized,0.0327027806836699
mask_necrosis__t1c__follow_up_3__original_glrlm_GrayLevelVariance,491.5425993563533
mask_necrosis__t1c__follow_up_3__original_glrlm_HighGrayLevelRunEmphasis,1949.0965507288213
mask_necrosis__t1c__follow_up_3__original_glrlm_LongRunEmphasis,1.0329532881127628
mask_necrosis__t1c__follow_up_3__original_glrlm_LongRunHighGrayLevelEmphasis,2003.595227786598
mask_necrosis__t1c__follow_up_3__original_glrlm_LongRunLowGrayLevelEmphasis,0.0275797015798228
mask_necrosis__t1c__follow_up_3__original_glrlm_LowGrayLevelRunEmphasis,0.0275410518802317
mask_necrosis__t1c__follow_up_3__original_glrlm_RunEntropy,5.044868781816135
mask_necrosis__t1c__follow_up_3__original_glrlm_RunLengthNonUniformity,41.01933900995815
mask_necrosis__t1c__follow_up_3__original_glrlm_RunLengthNonUniformityNormalized,0.9850922485378588
mask_necrosis__t1c__follow_up_3__original_glrlm_RunPercentage,0.9908424908424908
mask_necrosis__t1c__follow_up_3__original_glrlm_RunVariance,0.0130675914039578
mask_necrosis__t1c__follow_up_3__original_glrlm_ShortRunEmphasis,0.9939532186248884
mask_necrosis__t1c__follow_up_3__original_glrlm_ShortRunHighGrayLevelEmphasis,1940.950733097075
mask_necrosis__t1c__follow_up_3__original_glrlm_ShortRunLowGrayLevelEmphasis,0.0275322660715951
mask_necrosis__t1c__follow_up_3__original_glszm_GrayLevelNonUniformity,1.108108108108108
mask_necrosis__t1c__follow_up_3__original_glszm_GrayLevelNonUniformityNormalized,0.0299488677867056
mask_necrosis__t1c__follow_up_3__original_glszm_GrayLevelVariance,531.7954711468226
mask_necrosis__t1c__follow_up_3__original_glszm_HighGrayLevelZoneEmphasis,2002.6216216216217
mask_necrosis__t1c__follow_up_3__original_glszm_LargeAreaEmphasis,1.4594594594594594
mask_necrosis__t1c__follow_up_3__original_glszm_LargeAreaHighGrayLevelEmphasis,2753.972972972973
mask_necrosis__t1c__follow_up_3__original_glszm_LargeAreaLowGrayLevelEmphasis,0.0313508147108476
mask_necrosis__t1c__follow_up_3__original_glszm_LowGrayLevelZoneEmphasis,0.0308013648281394
mask_necrosis__t1c__follow_up_3__original_glszm_SizeZoneNonUniformity,29.7027027027027
mask_necrosis__t1c__follow_up_3__original_glszm_SizeZoneNonUniformityNormalized,0.8027757487216947
mask_necrosis__t1c__follow_up_3__original_glszm_SmallAreaEmphasis,0.9151651651651652
mask_necrosis__t1c__follow_up_3__original_glszm_SmallAreaHighGrayLevelEmphasis,1889.8588588588589
mask_necrosis__t1c__follow_up_3__original_glszm_SmallAreaLowGrayLevelEmphasis,0.0306760143694744
mask_necrosis__t1c__follow_up_3__original_glszm_ZoneEntropy,5.101345257520832
mask_necrosis__t1c__follow_up_3__original_glszm_ZonePercentage,0.8809523809523809
mask_necrosis__t1c__follow_up_3__original_glszm_ZoneVariance,0.1709276844411979
mask_necrosis__t1c__follow_up_3__original_gldm_DependenceEntropy,5.106603137064462
mask_necrosis__t1c__follow_up_3__original_gldm_DependenceNonUniformity,27.476190476190474
mask_necrosis__t1c__follow_up_3__original_gldm_DependenceNonUniformityNormalized,0.6541950113378685
mask_necrosis__t1c__follow_up_3__original_gldm_DependenceVariance,0.2290249433106575
mask_necrosis__t1c__follow_up_3__original_gldm_GrayLevelNonUniformity,1.380952380952381
mask_necrosis__t1c__follow_up_3__original_gldm_GrayLevelVariance,488.4722222222222
mask_necrosis__t1c__follow_up_3__original_gldm_HighGrayLevelEmphasis,1945.1666666666667
mask_necrosis__t1c__follow_up_3__original_gldm_LargeDependenceEmphasis,1.761904761904762
mask_necrosis__t1c__follow_up_3__original_gldm_LargeDependenceHighGrayLevelEmphasis,3149.928571428572
mask_necrosis__t1c__follow_up_3__original_gldm_LargeDependenceLowGrayLevelEmphasis,0.0282385636154357
mask_necrosis__t1c__follow_up_3__original_gldm_LowGrayLevelEmphasis,0.0272895328697117
mask_necrosis__t1c__follow_up_3__original_gldm_SmallDependenceEmphasis,0.835978835978836
mask_necrosis__t1c__follow_up_3__original_gldm_SmallDependenceHighGrayLevelEmphasis,1710.1137566137568
mask_necrosis__t1c__follow_up_3__original_gldm_SmallDependenceLowGrayLevelEmphasis,0.0270628571938628
mask_necrosis__t1c__follow_up_3__original_ngtdm_Busyness,0.0159069365994248
mask_necrosis__t1c__follow_up_3__original_ngtdm_Coarseness,0.0626627477861469
mask_necrosis__t1c__follow_up_3__original_ngtdm_Complexity,12228.151693043452
mask_necrosis__t1c__follow_up_3__original_ngtdm_Contrast,10.210553695890802
mask_necrosis__t1c__follow_up_3__original_ngtdm_Strength,139.18504789084977
mask_all__t1c__follow_up_3__original_shape_Elongation,0.7160858000536782
mask_all__t1c__follow_up_3__original_shape_Flatness,0.46350199577358553
mask_all__t1c__follow_up_3__original_shape_LeastAxisLength,10.99532895062926
mask_all__t1c__follow_up_3__original_shape_MajorAxisLength,23.72229041274795
mask_all__t1c__follow_up_3__original_shape_Maximum2DDiameterColumn,22.20360331117452
mask_all__t1c__follow_up_3__original_shape_Maximum2DDiameterRow,26.1725046566048
mask_all__t1c__follow_up_3__original_shape_Maximum2DDiameterSlice,30.886890422961
mask_all__t1c__follow_up_3__original_shape_Maximum3DDiameter,31.44837038703277
mask_all__t1c__follow_up_3__original_shape_MeshVolume,2257.875
mask_all__t1c__follow_up_3__original_shape_MinorAxisLength,16.98719530931831
mask_all__t1c__follow_up_3__original_shape_Sphericity,0.5829098143903932
mask_all__t1c__follow_up_3__original_shape_SurfaceArea,1427.8503321185303
mask_all__t1c__follow_up_3__original_shape_SurfaceVolumeRatio,0.6323867938298313
mask_all__t1c__follow_up_3__original_shape_VoxelVolume,2285.0
mask_all__t1c__follow_up_3__original_firstorder_10Percentile,527.8901443430747
mask_all__t1c__follow_up_3__original_firstorder_90Percentile,661.2106223939782
mask_all__t1c__follow_up_3__original_firstorder_Energy,821822073.0172042
mask_all__t1c__follow_up_3__original_firstorder_Entropy,5.463821225247439
mask_all__t1c__follow_up_3__original_firstorder_InterquartileRange,65.81547348594768
mask_all__t1c__follow_up_3__original_firstorder_Kurtosis,10.84896732480208
mask_all__t1c__follow_up_3__original_firstorder_MeanAbsoluteDeviation,48.33724780315303
mask_all__t1c__follow_up_3__original_firstorder_Mean,595.1836170813281
mask_all__t1c__follow_up_3__original_firstorder_Median,584.9544758515302
mask_all__t1c__follow_up_3__original_firstorder_Range,600.7984941562144
mask_all__t1c__follow_up_3__original_firstorder_RobustMeanAbsoluteDeviation,27.725068423410363
mask_all__t1c__follow_up_3__original_firstorder_RootMeanSquared,599.7162250219475
mask_all__t1c__follow_up_3__original_firstorder_Skewness,2.3032413341412115
mask_all__t1c__follow_up_3__original_firstorder_TotalEnergy,821822073.0172042
mask_all__t1c__follow_up_3__original_firstorder_Uniformity,0.029233178037721
mask_all__t1c__follow_up_3__original_firstorder_Variance,5416.012512562238
mask_all__t1c__follow_up_3__original_glcm_Autocorrelation,1404.740027137127
mask_all__t1c__follow_up_3__original_glcm_ClusterProminence,7129456.155456568
mask_all__t1c__follow_up_3__original_glcm_ClusterShade,54796.86038269989
mask_all__t1c__follow_up_3__original_glcm_ClusterTendency,813.4252684221624
mask_all__t1c__follow_up_3__original_glcm_Contrast,85.58253696397583
mask_all__t1c__follow_up_3__original_glcm_Correlation,0.8084877224041978
mask_all__t1c__follow_up_3__original_glcm_DifferenceAverage,5.561105210216085
mask_all__t1c__follow_up_3__original_glcm_DifferenceEntropy,3.864364262826354
mask_all__t1c__follow_up_3__original_glcm_DifferenceVariance,53.49833111230767
mask_all__t1c__follow_up_3__original_glcm_Id,0.2994086128847325
mask_all__t1c__follow_up_3__original_glcm_Idm,0.2108282638472143
mask_all__t1c__follow_up_3__original_glcm_Idmn,0.9946575595077708
mask_all__t1c__follow_up_3__original_glcm_Idn,0.9587497795865404
mask_all__t1c__follow_up_3__original_glcm_Imc1,-0.2835426053159529
mask_all__t1c__follow_up_3__original_glcm_Imc2,0.9748268782615974
mask_all__t1c__follow_up_3__original_glcm_InverseVariance,0.2190190302352026
mask_all__t1c__follow_up_3__original_glcm_JointAverage,34.967815505871854
mask_all__t1c__follow_up_3__original_glcm_JointEnergy,0.0021687277378627
mask_all__t1c__follow_up_3__original_glcm_JointEntropy,9.358323428148331
mask_all__t1c__follow_up_3__original_glcm_MCC,0.8853189273975542
mask_all__t1c__follow_up_3__original_glcm_MaximumProbability,0.0062793594104777
mask_all__t1c__follow_up_3__original_glcm_SumAverage,69.93563101174367
mask_all__t1c__follow_up_3__original_glcm_SumEntropy,6.326940773791237
mask_all__t1c__follow_up_3__original_glcm_SumSquares,224.7519513465346
mask_all__t1c__follow_up_3__original_glrlm_GrayLevelNonUniformity,61.70382832862111
mask_all__t1c__follow_up_3__original_glrlm_GrayLevelNonUniformityNormalized,0.0288250092192377
mask_all__t1c__follow_up_3__original_glrlm_GrayLevelVariance,223.4784550622682
mask_all__t1c__follow_up_3__original_glrlm_HighGrayLevelRunEmphasis,1508.67443709568
mask_all__t1c__follow_up_3__original_glrlm_LongRunEmphasis,1.21806964206487
mask_all__t1c__follow_up_3__original_glrlm_LongRunHighGrayLevelEmphasis,1738.5124913153231
mask_all__t1c__follow_up_3__original_glrlm_LongRunLowGrayLevelEmphasis,0.0019105499376813
mask_all__t1c__follow_up_3__original_glrlm_LowGrayLevelRunEmphasis,0.0016240868271296
mask_all__t1c__follow_up_3__original_glrlm_RunEntropy,5.81019887706627
mask_all__t1c__follow_up_3__original_glrlm_RunLengthNonUniformity,1893.952396614084
mask_all__t1c__follow_up_3__original_glrlm_RunLengthNonUniformityNormalized,0.8841724749241873
mask_all__t1c__follow_up_3__original_glrlm_RunPercentage,0.9368119845143916
mask_all__t1c__follow_up_3__original_glrlm_RunVariance,0.077061682316369
mask_all__t1c__follow_up_3__original_glrlm_ShortRunEmphasis,0.9529873174599324
mask_all__t1c__follow_up_3__original_glrlm_ShortRunHighGrayLevelEmphasis,1458.2944801895496
mask_all__t1c__follow_up_3__original_glrlm_ShortRunLowGrayLevelEmphasis,0.0015627564155872
mask_all__t1c__follow_up_3__original_glszm_GrayLevelNonUniformity,22.89648033126294
mask_all__t1c__follow_up_3__original_glszm_GrayLevelNonUniformityNormalized,0.0237023605913695
mask_all__t1c__follow_up_3__original_glszm_GrayLevelVariance,321.00245618096005
mask_all__t1c__follow_up_3__original_glszm_HighGrayLevelZoneEmphasis,1964.0207039337477
mask_all__t1c__follow_up_3__original_glszm_LargeAreaEmphasis,19.48550724637681
mask_all__t1c__follow_up_3__original_glszm_LargeAreaHighGrayLevelEmphasis,18302.707039337474
mask_all__t1c__follow_up_3__original_glszm_LargeAreaLowGrayLevelEmphasis,0.0289844042708777
mask_all__t1c__follow_up_3__original_glszm_LowGrayLevelZoneEmphasis,0.0020824091090804
mask_all__t1c__follow_up_3__original_glszm_SizeZoneNonUniformity,405.3726708074534
mask_all__t1c__follow_up_3__original_glszm_SizeZoneNonUniformityNormalized,0.4196404459704487
mask_all__t1c__follow_up_3__original_glszm_SmallAreaEmphasis,0.6733814725149727
mask_all__t1c__follow_up_3__original_glszm_SmallAreaHighGrayLevelEmphasis,1488.6314563301162
mask_all__t1c__follow_up_3__original_glszm_SmallAreaLowGrayLevelEmphasis,0.0017217052756753
mask_all__t1c__follow_up_3__original_glszm_ZoneEntropy,7.3279931574224655
mask_all__t1c__follow_up_3__original_glszm_ZonePercentage,0.4227571115973741
mask_all__t1c__follow_up_3__original_glszm_ZoneVariance,13.890274509299624
mask_all__t1c__follow_up_3__original_gldm_DependenceEntropy,7.558612670533429
mask_all__t1c__follow_up_3__original_gldm_DependenceNonUniformity,491.4796498905908
mask_all__t1c__follow_up_3__original_gldm_DependenceNonUniformityNormalized,0.215089562315357
mask_all__t1c__follow_up_3__original_gldm_DependenceVariance,2.343368462381912
mask_all__t1c__follow_up_3__original_gldm_GrayLevelNonUniformity,66.79781181619256
mask_all__t1c__follow_up_3__original_gldm_GrayLevelVariance,216.82395683005427
mask_all__t1c__follow_up_3__original_gldm_HighGrayLevelEmphasis,1480.229759299781
mask_all__t1c__follow_up_3__original_gldm_LargeDependenceEmphasis,9.328227571115974
mask_all__t1c__follow_up_3__original_gldm_LargeDependenceHighGrayLevelEmphasis,9707.852516411378
mask_all__t1c__follow_up_3__original_gldm_LargeDependenceLowGrayLevelEmphasis,0.0129980457713506
mask_all__t1c__follow_up_3__original_gldm_LowGrayLevelEmphasis,0.0016040896494694
mask_all__t1c__follow_up_3__original_gldm_SmallDependenceEmphasis,0.3666278773520809
mask_all__t1c__follow_up_3__original_gldm_SmallDependenceHighGrayLevelEmphasis,732.1322210453483
mask_all__t1c__follow_up_3__original_gldm_SmallDependenceLowGrayLevelEmphasis,0.0008237713185422
mask_all__t1c__follow_up_3__original_ngtdm_Busyness,0.0395112703286842
mask_all__t1c__follow_up_3__original_ngtdm_Coarseness,0.0059395690965802
mask_all__t1c__follow_up_3__original_ngtdm_Complexity,16839.920480634613
mask_all__t1c__follow_up_3__original_ngtdm_Contrast,0.1452036764826543
mask_all__t1c__follow_up_3__original_ngtdm_Strength,45.57579360703552
mask_tumor__t1c__follow_up_3__original_shape_Elongation,0.6404371016161745
mask_tumor__t1c__follow_up_3__original_shape_Flatness,0.4585638030499313
mask_tumor__t1c__follow_up_3__original_shape_LeastAxisLength,6.227970347214892
mask_tumor__t1c__follow_up_3__original_shape_MajorAxisLength,13.581469592218887
mask_tumor__t1c__follow_up_3__original_shape_Maximum2DDiameterColumn,11.180339887498947
mask_tumor__t1c__follow_up_3__original_shape_Maximum2DDiameterRow,14.422205101855956
mask_tumor__t1c__follow_up_3__original_shape_Maximum2DDiameterSlice,10.198039027185567
mask_tumor__t1c__follow_up_3__original_shape_Maximum3DDiameter,15.132745950421556
mask_tumor__t1c__follow_up_3__original_shape_MeshVolume,287.0833333333333
mask_tumor__t1c__follow_up_3__original_shape_MinorAxisLength,8.698077021328873
mask_tumor__t1c__follow_up_3__original_shape_Sphericity,0.513543165782509
mask_tumor__t1c__follow_up_3__original_shape_SurfaceArea,409.8067969948726
mask_tumor__t1c__follow_up_3__original_shape_SurfaceVolumeRatio,1.427483763117118
mask_tumor__t1c__follow_up_3__original_shape_VoxelVolume,296.0
mask_tumor__t1c__follow_up_3__original_firstorder_10Percentile,585.4713122472369
mask_tumor__t1c__follow_up_3__original_firstorder_90Percentile,884.0055215827829
mask_tumor__t1c__follow_up_3__original_firstorder_Energy,154731790.3109936
mask_tumor__t1c__follow_up_3__original_firstorder_Entropy,6.115840097550374
mask_tumor__t1c__follow_up_3__original_firstorder_InterquartileRange,153.18819689751206
mask_tumor__t1c__follow_up_3__original_firstorder_Kurtosis,2.964434791154752
mask_tumor__t1c__follow_up_3__original_firstorder_MeanAbsoluteDeviation,92.18066641121818
mask_tumor__t1c__follow_up_3__original_firstorder_Mean,713.7902635378325
mask_tumor__t1c__follow_up_3__original_firstorder_Median,693.0597418535492
mask_tumor__t1c__follow_up_3__original_firstorder_Range,570.0887677978008
mask_tumor__t1c__follow_up_3__original_firstorder_RobustMeanAbsoluteDeviation,64.26319924917165
mask_tumor__t1c__follow_up_3__original_firstorder_RootMeanSquared,723.0093601292018
mask_tumor__t1c__follow_up_3__original_firstorder_Skewness,0.6813590839017631
mask_tumor__t1c__follow_up_3__original_firstorder_TotalEnergy,154731790.3109936
mask_tumor__t1c__follow_up_3__original_firstorder_Uniformity,0.0171201607012417
mask_tumor__t1c__follow_up_3__original_firstorder_Variance,13245.994513029387
mask_tumor__t1c__follow_up_3__original_glcm_Autocorrelation,3725.498567564061
mask_tumor__t1c__follow_up_3__original_glcm_ClusterProminence,10235823.26617349
mask_tumor__t1c__follow_up_3__original_glcm_ClusterShade,43321.81175179
mask_tumor__t1c__follow_up_3__original_glcm_ClusterTendency,2089.564926002696
mask_tumor__t1c__follow_up_3__original_glcm_Contrast,305.983266872012
mask_tumor__t1c__follow_up_3__original_glcm_Correlation,0.7435010625104604
mask_tumor__t1c__follow_up_3__original_glcm_DifferenceAverage,13.696279935056731
mask_tumor__t1c__follow_up_3__original_glcm_DifferenceEntropy,4.865101516218868
mask_tumor__t1c__follow_up_3__original_glcm_DifferenceVariance,111.88726928391124
mask_tumor__t1c__follow_up_3__original_glcm_Id,0.141759018064053
mask_tumor__t1c__follow_up_3__original_glcm_Idm,0.069163073734634
mask_tumor__t1c__follow_up_3__original_glcm_Idmn,0.9785198780502068
mask_tumor__t1c__follow_up_3__original_glcm_Idn,0.8994536551620287
mask_tumor__t1c__follow_up_3__original_glcm_Imc1,-0.6526090529653045
mask_tumor__t1c__follow_up_3__original_glcm_Imc2,0.999812858160089
mask_tumor__t1c__follow_up_3__original_glcm_InverseVariance,0.0728489174634976
mask_tumor__t1c__follow_up_3__original_glcm_JointAverage,57.22417474597645
mask_tumor__t1c__follow_up_3__original_glcm_JointEnergy,0.0034647771434157
mask_tumor__t1c__follow_up_3__original_glcm_JointEntropy,8.230193126920712
mask_tumor__t1c__follow_up_3__original_glcm_MCC,0.9474117895105332
mask_tumor__t1c__follow_up_3__original_glcm_MaximumProbability,0.0077136826887438
mask_tumor__t1c__follow_up_3__original_glcm_SumAverage,114.4483494919529
mask_tumor__t1c__follow_up_3__original_glcm_SumEntropy,6.47233509367672
mask_tumor__t1c__follow_up_3__original_glcm_SumSquares,598.8870482186769
mask_tumor__t1c__follow_up_3__original_glrlm_GrayLevelNonUniformity,4.990641131722997
mask_tumor__t1c__follow_up_3__original_glrlm_GrayLevelNonUniformityNormalized,0.0170774835743342
mask_tumor__t1c__follow_up_3__original_glrlm_GrayLevelVariance,528.6107906910321
mask_tumor__t1c__follow_up_3__original_glrlm_HighGrayLevelRunEmphasis,3365.116573226509
mask_tumor__t1c__follow_up_3__original_glrlm_LongRunEmphasis,1.0399641804107795
mask_tumor__t1c__follow_up_3__original_glrlm_LongRunHighGrayLevelEmphasis,3507.9922683060627
mask_tumor__t1c__follow_up_3__original_glrlm_LongRunLowGrayLevelEmphasis,0.0041388479580972
mask_tumor__t1c__follow_up_3__original_glrlm_LowGrayLevelRunEmphasis,0.0041059119121546
mask_tumor__t1c__follow_up_3__original_glrlm_RunEntropy,6.156009928785645
mask_tumor__t1c__follow_up_3__original_glrlm_RunLengthNonUniformity,285.1202546706392
mask_tumor__t1c__follow_up_3__original_glrlm_RunLengthNonUniformityNormalized,0.9755450224038832
mask_tumor__t1c__follow_up_3__original_glrlm_RunPercentage,0.9872661122661124
mask_tumor__t1c__follow_up_3__original_glrlm_RunVariance,0.0137910538171203
mask_tumor__t1c__follow_up_3__original_glrlm_ShortRunEmphasis,0.9905995645104712
mask_tumor__t1c__follow_up_3__original_glrlm_ShortRunHighGrayLevelEmphasis,3330.1010869269744
mask_tumor__t1c__follow_up_3__original_glrlm_ShortRunLowGrayLevelEmphasis,0.0040981741961415
mask_tumor__t1c__follow_up_3__original_glszm_GrayLevelNonUniformity,4.131474103585657
mask_tumor__t1c__follow_up_3__original_glszm_GrayLevelNonUniformityNormalized,0.0164600561895842
mask_tumor__t1c__follow_up_3__original_glszm_GrayLevelVariance,503.2705195155632
mask_tumor__t1c__follow_up_3__original_glszm_HighGrayLevelZoneEmphasis,3314.3824701195217
mask_tumor__t1c__follow_up_3__original_glszm_LargeAreaEmphasis,1.5856573705179282
mask_tumor__t1c__follow_up_3__original_glszm_LargeAreaHighGrayLevelEmphasis,5413.302788844621
mask_tumor__t1c__follow_up_3__original_glszm_LargeAreaLowGrayLevelEmphasis,0.0051275452490867
mask_tumor__t1c__follow_up_3__original_glszm_LowGrayLevelZoneEmphasis,0.0046451579416032
mask_tumor__t1c__follow_up_3__original_glszm_SizeZoneNonUniformity,183.5418326693227
mask_tumor__t1c__follow_up_3__original_glszm_SizeZoneNonUniformityNormalized,0.7312423612323614
mask_tumor__t1c__follow_up_3__original_glszm_SmallAreaEmphasis,0.8801460823373174
mask_tumor__t1c__follow_up_3__original_glszm_SmallAreaHighGrayLevelEmphasis,2858.727202301904
mask_tumor__t1c__follow_up_3__original_glszm_SmallAreaLowGrayLevelEmphasis,0.0045470120923795
mask_tumor__t1c__follow_up_3__original_glszm_ZoneEntropy,6.554769925333244
mask_tumor__t1c__follow_up_3__original_glszm_ZonePercentage,0.847972972972973
mask_tumor__t1c__follow_up_3__original_glszm_ZoneVariance,0.1949492865192615
mask_tumor__t1c__follow_up_3__original_gldm_DependenceEntropy,6.677748574095778
mask_tumor__t1c__follow_up_3__original_gldm_DependenceNonUniformity,169.05405405405406
mask_tumor__t1c__follow_up_3__original_gldm_DependenceNonUniformityNormalized,0.5711285609934259
mask_tumor__t1c__follow_up_3__original_gldm_DependenceVariance,0.3160609934258583
mask_tumor__t1c__follow_up_3__original_gldm_GrayLevelNonUniformity,5.067567567567568
mask_tumor__t1c__follow_up_3__original_gldm_GrayLevelVariance,530.5568731738496
mask_tumor__t1c__follow_up_3__original_gldm_HighGrayLevelEmphasis,3368.6385135135133
mask_tumor__t1c__follow_up_3__original_gldm_LargeDependenceEmphasis,2.0878378378378377
mask_tumor__t1c__follow_up_3__original_gldm_LargeDependenceHighGrayLevelEmphasis,7269.584459459459
mask_tumor__t1c__follow_up_3__original_gldm_LargeDependenceLowGrayLevelEmphasis,0.0049622679560527
mask_tumor__t1c__follow_up_3__original_gldm_LowGrayLevelEmphasis,0.0040638961627304
mask_tumor__t1c__follow_up_3__original_gldm_SmallDependenceEmphasis,0.7805930930930931
mask_tumor__t1c__follow_up_3__original_gldm_SmallDependenceHighGrayLevelEmphasis,2551.2473723723724
mask_tumor__t1c__follow_up_3__original_gldm_SmallDependenceLowGrayLevelEmphasis,0.0038837937199705
mask_tumor__t1c__follow_up_3__original_ngtdm_Busyness,0.0112552129353538
mask_tumor__t1c__follow_up_3__original_ngtdm_Coarseness,0.0290600993220252
mask_tumor__t1c__follow_up_3__original_ngtdm_Complexity,23054.04063694743
mask_tumor__t1c__follow_up_3__original_ngtdm_Contrast,1.1056976188733498
mask_tumor__t1c__follow_up_3__original_ngtdm_Strength,104.8609592358112
mask_oedema__t1c__follow_up_3__original_shape_Elongation,0.5742225510206695
mask_oedema__t1c__follow_up_3__original_shape_Flatness,0.4363913342021835
mask_oedema__t1c__follow_up_3__original_shape_LeastAxisLength,11.07232443057976
mask_oedema__t1c__follow_up_3__original_shape_MajorAxisLength,25.37246632273836
mask_oedema__t1c__follow_up_3__original_shape_Maximum2DDiameterColumn,19.1049731745428
mask_oedema__t1c__follow_up_3__original_shape_Maximum2DDiameterRow,26.1725046566048
mask_oedema__t1c__follow_up_3__original_shape_Maximum2DDiameterSlice,30.886890422961
mask_oedema__t1c__follow_up_3__original_shape_Maximum3DDiameter,31.44837038703277
mask_oedema__t1c__follow_up_3__original_shape_MeshVolume,1920.8333333333333
mask_oedema__t1c__follow_up_3__original_shape_MinorAxisLength,14.569442337528848
mask_oedema__t1c__follow_up_3__original_shape_Sphericity,0.5741788031679445
mask_oedema__t1c__follow_up_3__original_shape_SurfaceArea,1301.4578019126914
mask_oedema__t1c__follow_up_3__original_shape_SurfaceVolumeRatio,0.6775485302799261
mask_oedema__t1c__follow_up_3__original_shape_VoxelVolume,1947.0
mask_oedema__t1c__follow_up_3__original_firstorder_10Percentile,526.4007783953534
mask_oedema__t1c__follow_up_3__original_firstorder_90Percentile,625.9648619074028
mask_oedema__t1c__follow_up_3__original_firstorder_Energy,651041952.2459054
mask_oedema__t1c__follow_up_3__original_firstorder_Entropy,4.977939234281785
mask_oedema__t1c__follow_up_3__original_firstorder_InterquartileRange,59.19641642854549
mask_oedema__t1c__follow_up_3__original_firstorder_Kurtosis,3.477396985979168
mask_oedema__t1c__follow_up_3__original_firstorder_MeanAbsoluteDeviation,32.70162629610132
mask_oedema__t1c__follow_up_3__original_firstorder_Mean,576.8701019148484
mask_oedema__t1c__follow_up_3__original_firstorder_Median,577.8108132349964
mask_oedema__t1c__follow_up_3__original_firstorder_Range,312.8243771024919
mask_oedema__t1c__follow_up_3__original_firstorder_RobustMeanAbsoluteDeviation,23.986036062841418
mask_oedema__t1c__follow_up_3__original_firstorder_RootMeanSquared,578.2578160485294
mask_oedema__t1c__follow_up_3__original_firstorder_Skewness,0.3317216841706409
mask_oedema__t1c__follow_up_3__original_firstorder_TotalEnergy,651041952.2459054
mask_oedema__t1c__follow_up_3__original_firstorder_Uniformity,0.0358939213239179
mask_oedema__t1c__follow_up_3__original_firstorder_Variance,1602.987337967402
mask_oedema__t1c__follow_up_3__original_glcm_Autocorrelation,409.1948543937205
mask_oedema__t1c__follow_up_3__original_glcm_ClusterProminence,126206.75515969229
mask_oedema__t1c__follow_up_3__original_glcm_ClusterShade,821.8992214675161
mask_oedema__t1c__follow_up_3__original_glcm_ClusterTendency,217.3059911740496
mask_oedema__t1c__follow_up_3__original_glcm_Contrast,23.38452516687145
mask_oedema__t1c__follow_up_3__original_glcm_Correlation,0.8053248355203568
mask_oedema__t1c__follow_up_3__original_glcm_DifferenceAverage,3.72380424487046
mask_oedema__t1c__follow_up_3__original_glcm_DifferenceEntropy,3.332848643468945
mask_oedema__t1c__follow_up_3__original_glcm_DifferenceVariance,9.037655186364589
mask_oedema__t1c__follow_up_3__original_glcm_Id,0.3305584940685939
mask_oedema__t1c__follow_up_3__original_glcm_Idm,0.2385864421186999
mask_oedema__t1c__follow_up_3__original_glcm_Idmn,0.9942411335175392
mask_oedema__t1c__follow_up_3__original_glcm_Idn,0.9460991366599872
mask_oedema__t1c__follow_up_3__original_glcm_Imc1,-0.2176249736445472
mask_oedema__t1c__follow_up_3__original_glcm_Imc2,0.9328056204999308
mask_oedema__t1c__follow_up_3__original_glcm_InverseVariance,0.2474467252163966
mask_oedema__t1c__follow_up_3__original_glcm_JointAverage,18.99038138976335
mask_oedema__t1c__follow_up_3__original_glcm_JointEnergy,0.0028893388657083
mask_oedema__t1c__follow_up_3__original_glcm_JointEntropy,8.794255939371357
mask_oedema__t1c__follow_up_3__original_glcm_MCC,0.8565081859673517
mask_oedema__t1c__follow_up_3__original_glcm_MaximumProbability,0.0074906829843862
mask_oedema__t1c__follow_up_3__original_glcm_SumAverage,37.9807627795267
mask_oedema__t1c__follow_up_3__original_glcm_SumEntropy,5.838461237918182
mask_oedema__t1c__follow_up_3__original_glcm_SumSquares,60.17262908523026
mask_oedema__t1c__follow_up_3__original_glrlm_GrayLevelNonUniformity,64.60454540348323
mask_oedema__t1c__follow_up_3__original_glrlm_GrayLevelNonUniformityNormalized,0.0357197551396102
mask_oedema__t1c__follow_up_3__original_glrlm_GrayLevelVariance,64.54495288067407
mask_oedema__t1c__follow_up_3__original_glrlm_HighGrayLevelRunEmphasis,465.3737936995543
mask_oedema__t1c__follow_up_3__original_glrlm_LongRunEmphasis,1.247445588314713
mask_oedema__t1c__follow_up_3__original_glrlm_LongRunHighGrayLevelEmphasis,559.1780485906139
mask_oedema__t1c__follow_up_3__original_glrlm_LongRunLowGrayLevelEmphasis,0.0096969877179577
mask_oedema__t1c__follow_up_3__original_glrlm_LowGrayLevelRunEmphasis,0.0077991939951188
mask_oedema__t1c__follow_up_3__original_glrlm_RunEntropy,5.348468915270953
mask_oedema__t1c__follow_up_3__original_glrlm_RunLengthNonUniformity,1574.7725354052063
mask_oedema__t1c__follow_up_3__original_glrlm_RunLengthNonUniformityNormalized,0.8699037795545593
mask_oedema__t1c__follow_up_3__original_glrlm_RunPercentage,0.9290032001896408
mask_oedema__t1c__follow_up_3__original_glrlm_RunVariance,0.0868242967792353
mask_oedema__t1c__follow_up_3__original_glrlm_ShortRunEmphasis,0.9467436797448224
mask_oedema__t1c__follow_up_3__original_glrlm_ShortRunHighGrayLevelEmphasis,444.9638439647263
mask_oedema__t1c__follow_up_3__original_glrlm_ShortRunLowGrayLevelEmphasis,0.0073799500248927
mask_oedema__t1c__follow_up_3__original_glszm_GrayLevelNonUniformity,23.922857142857143
mask_oedema__t1c__follow_up_3__original_glszm_GrayLevelNonUniformityNormalized,0.0341755102040816
mask_oedema__t1c__follow_up_3__original_glszm_GrayLevelVariance,73.2761551020408
mask_oedema__t1c__follow_up_3__original_glszm_HighGrayLevelZoneEmphasis,562.1914285714286
mask_oedema__t1c__follow_up_3__original_glszm_LargeAreaEmphasis,26.012857142857143
mask_oedema__t1c__follow_up_3__original_glszm_LargeAreaHighGrayLevelEmphasis,8355.652857142857
mask_oedema__t1c__follow_up_3__original_glszm_LargeAreaLowGrayLevelEmphasis,0.1908953791532741
mask_oedema__t1c__follow_up_3__original_glszm_LowGrayLevelZoneEmphasis,0.0078389382629853
mask_oedema__t1c__follow_up_3__original_glszm_SizeZoneNonUniformity,238.1742857142857
mask_oedema__t1c__follow_up_3__original_glszm_SizeZoneNonUniformityNormalized,0.3402489795918367
mask_oedema__t1c__follow_up_3__original_glszm_SmallAreaEmphasis,0.6026463137274674
mask_oedema__t1c__follow_up_3__original_glszm_SmallAreaHighGrayLevelEmphasis,370.9292061104335
mask_oedema__t1c__follow_up_3__original_glszm_SmallAreaLowGrayLevelEmphasis,0.0042012599967721
mask_oedema__t1c__follow_up_3__original_glszm_ZoneEntropy,6.862987453106127
mask_oedema__t1c__follow_up_3__original_glszm_ZonePercentage,0.3595274781715459
mask_oedema__t1c__follow_up_3__original_glszm_ZoneVariance,18.27651224489796
mask_oedema__t1c__follow_up_3__original_gldm_DependenceEntropy,7.225830261766159
mask_oedema__t1c__follow_up_3__original_gldm_DependenceNonUniformity,399.5413456599897
mask_oedema__t1c__follow_up_3__original_gldm_DependenceNonUniformityNormalized,0.2052087034720029
mask_oedema__t1c__follow_up_3__original_gldm_DependenceVariance,2.3809835842428364
mask_oedema__t1c__follow_up_3__original_gldm_GrayLevelNonUniformity,69.88546481766821
mask_oedema__t1c__follow_up_3__original_gldm_GrayLevelVariance,64.08994175121985
mask_oedema__t1c__follow_up_3__original_gldm_HighGrayLevelEmphasis,459.3174114021572
mask_oedema__t1c__follow_up_3__original_gldm_LargeDependenceEmphasis,10.480225988700566
mask_oedema__t1c__follow_up_3__original_gldm_LargeDependenceHighGrayLevelEmphasis,3840.5562403698
mask_oedema__t1c__follow_up_3__original_gldm_LargeDependenceLowGrayLevelEmphasis,0.0804085616514169
mask_oedema__t1c__follow_up_3__original_gldm_LowGrayLevelEmphasis,0.0077963099084858
mask_oedema__t1c__follow_up_3__original_gldm_SmallDependenceEmphasis,0.3052068594273552
mask_oedema__t1c__follow_up_3__original_gldm_SmallDependenceHighGrayLevelEmphasis,172.12652179115688
mask_oedema__t1c__follow_up_3__original_gldm_SmallDependenceLowGrayLevelEmphasis,0.0022114863619626
mask_oedema__t1c__follow_up_3__original_ngtdm_Busyness,0.152419243108359
mask_oedema__t1c__follow_up_3__original_ngtdm_Coarseness,0.0067233230442261
mask_oedema__t1c__follow_up_3__original_ngtdm_Complexity,2402.818971673152
mask_oedema__t1c__follow_up_3__original_ngtdm_Contrast,0.1334663020370106
mask_oedema__t1c__follow_up_3__original_ngtdm_Strength,7.011896912750731
mask_necrosis__t2__follow_up_3__original_shape_Elongation,0.6711841076871168
mask_necrosis__t2__follow_up_3__original_shape_Flatness,0.5782724325905594
mask_necrosis__t2__follow_up_3__original_shape_LeastAxisLength,3.480584008281434
mask_necrosis__t2__follow_up_3__original_shape_MajorAxisLength,6.018934696037689
mask_necrosis__t2__follow_up_3__original_shape_Maximum2DDiameterColumn,5.830951894845301
mask_necrosis__t2__follow_up_3__original_shape_Maximum2DDiameterRow,5.830951894845301
mask_necrosis__t2__follow_up_3__original_shape_Maximum2DDiameterSlice,5.0
mask_necrosis__t2__follow_up_3__original_shape_Maximum3DDiameter,6.164414002968976
mask_necrosis__t2__follow_up_3__original_shape_MeshVolume,36.16666666666666
mask_necrosis__t2__follow_up_3__original_shape_MinorAxisLength,4.039813313187084
mask_necrosis__t2__follow_up_3__original_shape_Sphericity,0.7163836990310406
mask_necrosis__t2__follow_up_3__original_shape_SurfaceArea,73.82624025116921
mask_necrosis__t2__follow_up_3__original_shape_SurfaceVolumeRatio,2.041278532290393
mask_necrosis__t2__follow_up_3__original_shape_VoxelVolume,42.0
mask_necrosis__t2__follow_up_3__original_firstorder_10Percentile,324.784216551312
mask_necrosis__t2__follow_up_3__original_firstorder_90Percentile,599.6679833872441
mask_necrosis__t2__follow_up_3__original_firstorder_Energy,9614255.838405771
mask_necrosis__t2__follow_up_3__original_firstorder_Entropy,4.880179922675728
mask_necrosis__t2__follow_up_3__original_firstorder_InterquartileRange,188.84561997199324
mask_necrosis__t2__follow_up_3__original_firstorder_Kurtosis,1.8844613095053409
mask_necrosis__t2__follow_up_3__original_firstorder_MeanAbsoluteDeviation,90.78768735472748
mask_necrosis__t2__follow_up_3__original_firstorder_Mean,466.4771980604272
mask_necrosis__t2__follow_up_3__original_firstorder_Median,477.2018553468
mask_necrosis__t2__follow_up_3__original_firstorder_Range,379.2515785815162
mask_necrosis__t2__follow_up_3__original_firstorder_RobustMeanAbsoluteDeviation,68.2135917372134
mask_necrosis__t2__follow_up_3__original_firstorder_RootMeanSquared,478.4462909202824
mask_necrosis__t2__follow_up_3__original_firstorder_Skewness,0.0116546662782992
mask_necrosis__t2__follow_up_3__original_firstorder_TotalEnergy,9614255.838405771
mask_necrosis__t2__follow_up_3__original_firstorder_Uniformity,0.0374149659863945
mask_necrosis__t2__follow_up_3__original_firstorder_Variance,11309.876985068518
mask_necrosis__t2__follow_up_3__original_glcm_Autocorrelation,1923.860511774504
mask_necrosis__t2__follow_up_3__original_glcm_ClusterProminence,2757510.5674770395
mask_necrosis__t2__follow_up_3__original_glcm_ClusterShade,-9494.52488230284
mask_necrosis__t2__follow_up_3__original_glcm_ClusterTendency,1142.0592257045128
mask_necrosis__t2__follow_up_3__original_glcm_Contrast,511.0099448216864
mask_necrosis__t2__follow_up_3__original_glcm_Correlation,0.3738058286550672
mask_necrosis__t2__follow_up_3__original_glcm_DifferenceAverage,18.59867993586063
mask_necrosis__t2__follow_up_3__original_glcm_DifferenceEntropy,3.5738582011437874
mask_necrosis__t2__follow_up_3__original_glcm_DifferenceVariance,131.8445672821
mask_necrosis__t2__follow_up_3__original_glcm_Id,0.1118583420787948
mask_necrosis__t2__follow_up_3__original_glcm_Idm,0.0498474710693985
mask_necrosis__t2__follow_up_3__original_glcm_Idmn,0.9274153258045816
mask_necrosis__t2__follow_up_3__original_glcm_Idn,0.819591571203261
mask_necrosis__t2__follow_up_3__original_glcm_Imc1,-0.8691537366391702
mask_necrosis__t2__follow_up_3__original_glcm_Imc2,0.9997479572670666
mask_necrosis__t2__follow_up_3__original_glcm_InverseVariance,0.0449667540901471
mask_necrosis__t2__follow_up_3__original_glcm_JointAverage,41.92885654664166
mask_necrosis__t2__follow_up_3__original_glcm_JointEnergy,0.0327187812451943
mask_necrosis__t2__follow_up_3__original_glcm_JointEntropy,5.017276563044347
mask_necrosis__t2__follow_up_3__original_glcm_MCC,0.99999999999996
mask_necrosis__t2__follow_up_3__original_glcm_MaximumProbability,0.0455988598516911
mask_necrosis__t2__follow_up_3__original_glcm_SumAverage,83.85771309328332
mask_necrosis__t2__follow_up_3__original_glcm_SumEntropy,3.92296448992699
mask_necrosis__t2__follow_up_3__original_glcm_SumSquares,413.2672926315498
mask_necrosis__t2__follow_up_3__original_glrlm_GrayLevelNonUniformity,1.5532028946663097
mask_necrosis__t2__follow_up_3__original_glrlm_GrayLevelNonUniformityNormalized,0.0372512250221096
mask_necrosis__t2__follow_up_3__original_glrlm_GrayLevelVariance,451.5002367395501
mask_necrosis__t2__follow_up_3__original_glrlm_HighGrayLevelRunEmphasis,1889.923612972393
mask_necrosis__t2__follow_up_3__original_glrlm_LongRunEmphasis,1.022514071294559
mask_necrosis__t2__follow_up_3__original_glrlm_LongRunHighGrayLevelEmphasis,1917.160010720986
mask_necrosis__t2__follow_up_3__original_glrlm_LongRunLowGrayLevelEmphasis,0.0271682447285135
mask_necrosis__t2__follow_up_3__original_glrlm_LowGrayLevelRunEmphasis,0.0270591841442726
mask_necrosis__t2__follow_up_3__original_glrlm_RunEntropy,4.890986107339076
mask_necrosis__t2__follow_up_3__original_glrlm_RunLengthNonUniformity,41.09193245778612
mask_necrosis__t2__follow_up_3__original_glrlm_RunLengthNonUniformityNormalized,0.9853567015970348
mask_necrosis__t2__follow_up_3__original_glrlm_RunPercentage,0.9926739926739928
mask_necrosis__t2__follow_up_3__original_glrlm_RunVariance,0.0073216492014826
mask_necrosis__t2__follow_up_3__original_glrlm_ShortRunEmphasis,0.9943714821763604
mask_necrosis__t2__follow_up_3__original_glrlm_ShortRunHighGrayLevelEmphasis,1883.114513535245
mask_necrosis__t2__follow_up_3__original_glrlm_ShortRunLowGrayLevelEmphasis,0.0270319189982124
mask_necrosis__t2__follow_up_3__original_glszm_GrayLevelNonUniformity,1.3157894736842106
mask_necrosis__t2__follow_up_3__original_glszm_GrayLevelNonUniformityNormalized,0.0346260387811634
mask_necrosis__t2__follow_up_3__original_glszm_GrayLevelVariance,449.2555401662049
mask_necrosis__t2__follow_up_3__original_glszm_HighGrayLevelZoneEmphasis,1955.921052631579
mask_necrosis__t2__follow_up_3__original_glszm_LargeAreaEmphasis,1.3157894736842106
mask_necrosis__t2__follow_up_3__original_glszm_LargeAreaHighGrayLevelEmphasis,2337.9473684210525
mask_necrosis__t2__follow_up_3__original_glszm_LargeAreaLowGrayLevelEmphasis,0.0307444375504573
mask_necrosis__t2__follow_up_3__original_glszm_LowGrayLevelZoneEmphasis,0.0292147193557103
mask_necrosis__t2__follow_up_3__original_glszm_SizeZoneNonUniformity,30.84210526315789
mask_necrosis__t2__follow_up_3__original_glszm_SizeZoneNonUniformityNormalized,0.8116343490304709
mask_necrosis__t2__follow_up_3__original_glszm_SmallAreaEmphasis,0.9210526315789472
mask_necrosis__t2__follow_up_3__original_glszm_SmallAreaHighGrayLevelEmphasis,1860.4144736842104
mask_necrosis__t2__follow_up_3__original_glszm_SmallAreaLowGrayLevelEmphasis,0.0288322898070236
mask_necrosis__t2__follow_up_3__original_glszm_ZoneEntropy,5.037401197654102
mask_necrosis__t2__follow_up_3__original_glszm_ZonePercentage,0.9047619047619048
mask_necrosis__t2__follow_up_3__original_glszm_ZoneVariance,0.0941828254847645
mask_necrosis__t2__follow_up_3__original_gldm_DependenceEntropy,5.011365041826368
mask_necrosis__t2__follow_up_3__original_gldm_DependenceNonUniformity,29.047619047619047
mask_necrosis__t2__follow_up_3__original_gldm_DependenceNonUniformityNormalized,0.691609977324263
mask_necrosis__t2__follow_up_3__original_gldm_DependenceVariance,0.1541950113378684
mask_necrosis__t2__follow_up_3__original_gldm_GrayLevelNonUniformity,1.5714285714285714
mask_necrosis__t2__follow_up_3__original_gldm_GrayLevelVariance,451.6938775510204
mask_necrosis__t2__follow_up_3__original_gldm_HighGrayLevelEmphasis,1884.857142857143
mask_necrosis__t2__follow_up_3__original_gldm_LargeDependenceEmphasis,1.5714285714285714
mask_necrosis__t2__follow_up_3__original_gldm_LargeDependenceHighGrayLevelEmphasis,2576.1428571428573
mask_necrosis__t2__follow_up_3__original_gldm_LargeDependenceLowGrayLevelEmphasis,0.0296617702091561
mask_necrosis__t2__follow_up_3__original_gldm_LowGrayLevelEmphasis,0.0268937087138997
mask_necrosis__t2__follow_up_3__original_gldm_SmallDependenceEmphasis,0.8571428571428571
mask_necrosis__t2__follow_up_3__original_gldm_SmallDependenceHighGrayLevelEmphasis,1712.0357142857142
mask_necrosis__t2__follow_up_3__original_gldm_SmallDependenceLowGrayLevelEmphasis,0.0262016933400856
mask_necrosis__t2__follow_up_3__original_ngtdm_Busyness,0.0195956594774337
mask_necrosis__t2__follow_up_3__original_ngtdm_Coarseness,0.058268045750846
mask_necrosis__t2__follow_up_3__original_ngtdm_Complexity,10278.47006962133
mask_necrosis__t2__follow_up_3__original_ngtdm_Contrast,10.123441927663151
mask_necrosis__t2__follow_up_3__original_ngtdm_Strength,128.50981298526554
mask_all__t2__follow_up_3__original_shape_Elongation,0.7160858000536782
mask_all__t2__follow_up_3__original_shape_Flatness,0.46350199577358553
mask_all__t2__follow_up_3__original_shape_LeastAxisLength,10.99532895062926
mask_all__t2__follow_up_3__original_shape_MajorAxisLength,23.72229041274795
mask_all__t2__follow_up_3__original_shape_Maximum2DDiameterColumn,22.20360331117452
mask_all__t2__follow_up_3__original_shape_Maximum2DDiameterRow,26.1725046566048
mask_all__t2__follow_up_3__original_shape_Maximum2DDiameterSlice,30.886890422961
mask_all__t2__follow_up_3__original_shape_Maximum3DDiameter,31.44837038703277
mask_all__t2__follow_up_3__original_shape_MeshVolume,2257.875
mask_all__t2__follow_up_3__original_shape_MinorAxisLength,16.98719530931831
mask_all__t2__follow_up_3__original_shape_Sphericity,0.5829098143903932
mask_all__t2__follow_up_3__original_shape_SurfaceArea,1427.8503321185303
mask_all__t2__follow_up_3__original_shape_SurfaceVolumeRatio,0.6323867938298313
mask_all__t2__follow_up_3__original_shape_VoxelVolume,2285.0
mask_all__t2__follow_up_3__original_firstorder_10Percentile,253.73808532614825
mask_all__t2__follow_up_3__original_firstorder_90Percentile,400.0844413516844
mask_all__t2__follow_up_3__original_firstorder_Energy,254042424.00510815
mask_all__t2__follow_up_3__original_firstorder_Entropy,5.5612226771715685
mask_all__t2__follow_up_3__original_firstorder_InterquartileRange,76.50243114451217
mask_all__t2__follow_up_3__original_firstorder_Kurtosis,6.91256721843435
mask_all__t2__follow_up_3__original_firstorder_MeanAbsoluteDeviation,47.46485806491703
mask_all__t2__follow_up_3__original_firstorder_Mean,327.3019975470438
mask_all__t2__follow_up_3__original_firstorder_Median,321.9641593387732
mask_all__t2__follow_up_3__original_firstorder_Range,501.7508560327016
mask_all__t2__follow_up_3__original_firstorder_RobustMeanAbsoluteDeviation,31.62779696606318
mask_all__t2__follow_up_3__original_firstorder_RootMeanSquared,333.4341070168857
mask_all__t2__follow_up_3__original_firstorder_Skewness,1.229258745848459
mask_all__t2__follow_up_3__original_firstorder_TotalEnergy,254042424.00510815
mask_all__t2__follow_up_3__original_firstorder_Uniformity,0.0253471168164559
mask_all__t2__follow_up_3__original_firstorder_Variance,4051.706123862919
mask_all__t2__follow_up_3__original_glcm_Autocorrelation,977.6159935253448
mask_all__t2__follow_up_3__original_glcm_ClusterProminence,2103146.248356437
mask_all__t2__follow_up_3__original_glcm_ClusterShade,16359.286269280816
mask_all__t2__follow_up_3__original_glcm_ClusterTendency,547.7635108818432
mask_all__t2__follow_up_3__original_glcm_Contrast,77.00414880758326
mask_all__t2__follow_up_3__original_glcm_Correlation,0.7547026686913274
mask_all__t2__follow_up_3__original_glcm_DifferenceAverage,5.856939921832764
mask_all__t2__follow_up_3__original_glcm_DifferenceEntropy,3.958957434581952
mask_all__t2__follow_up_3__original_glcm_DifferenceVariance,40.89300398592049
mask_all__t2__follow_up_3__original_glcm_Id,0.2798011925951587
mask_all__t2__follow_up_3__original_glcm_Idm,0.1910635770276868
mask_all__t2__follow_up_3__original_glcm_Idmn,0.9930901045683233
mask_all__t2__follow_up_3__original_glcm_Idn,0.9486786136441928
mask_all__t2__follow_up_3__original_glcm_Imc1,-0.2468026155971125
mask_all__t2__follow_up_3__original_glcm_Imc2,0.9622539566290657
mask_all__t2__follow_up_3__original_glcm_InverseVariance,0.1972127494741943
mask_all__t2__follow_up_3__original_glcm_JointAverage,29.32204456061481
mask_all__t2__follow_up_3__original_glcm_JointEnergy,0.0017152442892346
mask_all__t2__follow_up_3__original_glcm_JointEntropy,9.65112876419678
mask_all__t2__follow_up_3__original_glcm_MCC,0.807614690720835
mask_all__t2__follow_up_3__original_glcm_MaximumProbability,0.0061448092071417
mask_all__t2__follow_up_3__original_glcm_SumAverage,58.644089121229584
mask_all__t2__follow_up_3__original_glcm_SumEntropy,6.384191601881761
mask_all__t2__follow_up_3__original_glcm_SumSquares,156.19191492235672
mask_all__t2__follow_up_3__original_glrlm_GrayLevelNonUniformity,53.99789582781791
mask_all__t2__follow_up_3__original_glrlm_GrayLevelNonUniformityNormalized,0.0250716307240896
mask_all__t2__follow_up_3__original_glrlm_GrayLevelVariance,166.7835526616034
mask_all__t2__follow_up_3__original_glrlm_HighGrayLevelRunEmphasis,945.2056982735842
mask_all__t2__follow_up_3__original_glrlm_LongRunEmphasis,1.2018857290691654
mask_all__t2__follow_up_3__original_glrlm_LongRunHighGrayLevelEmphasis,1132.6604989455734
mask_all__t2__follow_up_3__original_glrlm_LongRunLowGrayLevelEmphasis,0.0058736893166613
mask_all__t2__follow_up_3__original_glrlm_LowGrayLevelRunEmphasis,0.0054459305447287
mask_all__t2__follow_up_3__original_glrlm_RunEntropy,5.867368668522551
mask_all__t2__follow_up_3__original_glrlm_RunLengthNonUniformity,1932.219659227152
mask_all__t2__follow_up_3__original_glrlm_RunLengthNonUniformityNormalized,0.8965760134539791
mask_all__t2__follow_up_3__original_glrlm_RunPercentage,0.9424339336811984
mask_all__t2__follow_up_3__original_glrlm_RunVariance,0.0742412214626941
mask_all__t2__follow_up_3__original_glrlm_ShortRunEmphasis,0.95814648342075
mask_all__t2__follow_up_3__original_glrlm_ShortRunHighGrayLevelEmphasis,906.223705062244
mask_all__t2__follow_up_3__original_glrlm_ShortRunLowGrayLevelEmphasis,0.0053518510596146
mask_all__t2__follow_up_3__original_glszm_GrayLevelNonUniformity,24.466666666666665
mask_all__t2__follow_up_3__original_glszm_GrayLevelNonUniformityNormalized,0.0226543209876543
mask_all__t2__follow_up_3__original_glszm_GrayLevelVariance,228.12943672839512
mask_all__t2__follow_up_3__original_glszm_HighGrayLevelZoneEmphasis,971.449074074074
mask_all__t2__follow_up_3__original_glszm_LargeAreaEmphasis,13.010185185185184
mask_all__t2__follow_up_3__original_glszm_LargeAreaHighGrayLevelEmphasis,12495.657407407409
mask_all__t2__follow_up_3__original_glszm_LargeAreaLowGrayLevelEmphasis,0.029063100906439
mask_all__t2__follow_up_3__original_glszm_LowGrayLevelZoneEmphasis,0.0083482841849753
mask_all__t2__follow_up_3__original_glszm_SizeZoneNonUniformity,484.4037037037037
mask_all__t2__follow_up_3__original_glszm_SizeZoneNonUniformityNormalized,0.4485219478737997
mask_all__t2__follow_up_3__original_glszm_SmallAreaEmphasis,0.6964601085346189
mask_all__t2__follow_up_3__original_glszm_SmallAreaHighGrayLevelEmphasis,691.3937628040231
mask_all__t2__follow_up_3__original_glszm_SmallAreaLowGrayLevelEmphasis,0.0073020183174006
mask_all__t2__follow_up_3__original_glszm_ZoneEntropy,7.209509772409363
mask_all__t2__follow_up_3__original_glszm_ZonePercentage,0.4726477024070022
mask_all__t2__follow_up_3__original_glszm_ZoneVariance,8.533826303155008
mask_all__t2__follow_up_3__original_gldm_DependenceEntropy,7.645560774758255
mask_all__t2__follow_up_3__original_gldm_DependenceNonUniformity,531.0481400437636
mask_all__t2__follow_up_3__original_gldm_DependenceNonUniformityNormalized,0.23240618820296
mask_all__t2__follow_up_3__original_gldm_DependenceVariance,2.385656622727425
mask_all__t2__follow_up_3__original_gldm_GrayLevelNonUniformity,57.91816192560175
mask_all__t2__follow_up_3__original_gldm_GrayLevelVariance,162.29899305239667
mask_all__t2__follow_up_3__original_gldm_HighGrayLevelEmphasis,944.3396061269146
mask_all__t2__follow_up_3__original_gldm_LargeDependenceEmphasis,8.61925601750547
mask_all__t2__follow_up_3__original_gldm_LargeDependenceHighGrayLevelEmphasis,8157.370678336981
mask_all__t2__follow_up_3__original_gldm_LargeDependenceLowGrayLevelEmphasis,0.0196399012277886
mask_all__t2__follow_up_3__original_gldm_LowGrayLevelEmphasis,0.0052561520228882
mask_all__t2__follow_up_3__original_gldm_SmallDependenceEmphasis,0.4084921625226798
mask_all__t2__follow_up_3__original_gldm_SmallDependenceHighGrayLevelEmphasis,399.4774089054092
mask_all__t2__follow_up_3__original_gldm_SmallDependenceLowGrayLevelEmphasis,0.0036952821047871
mask_all__t2__follow_up_3__original_ngtdm_Busyness,0.0547987140609167
mask_all__t2__follow_up_3__original_ngtdm_Coarseness,0.0066136627154704
mask_all__t2__follow_up_3__original_ngtdm_Complexity,12205.097262410556
mask_all__t2__follow_up_3__original_ngtdm_Contrast,0.1382698555055239
mask_all__t2__follow_up_3__original_ngtdm_Strength,28.285720970601105
mask_tumor__t2__follow_up_3__original_shape_Elongation,0.6404371016161745
mask_tumor__t2__follow_up_3__original_shape_Flatness,0.4585638030499313
mask_tumor__t2__follow_up_3__original_shape_LeastAxisLength,6.227970347214892
mask_tumor__t2__follow_up_3__original_shape_MajorAxisLength,13.581469592218887
mask_tumor__t2__follow_up_3__original_shape_Maximum2DDiameterColumn,11.180339887498947
mask_tumor__t2__follow_up_3__original_shape_Maximum2DDiameterRow,14.422205101855956
mask_tumor__t2__follow_up_3__original_shape_Maximum2DDiameterSlice,10.198039027185567
mask_tumor__t2__follow_up_3__original_shape_Maximum3DDiameter,15.132745950421556
mask_tumor__t2__follow_up_3__original_shape_MeshVolume,287.0833333333333
mask_tumor__t2__follow_up_3__original_shape_MinorAxisLength,8.698077021328873
mask_tumor__t2__follow_up_3__original_shape_Sphericity,0.513543165782509
mask_tumor__t2__follow_up_3__original_shape_SurfaceArea,409.8067969948726
mask_tumor__t2__follow_up_3__original_shape_SurfaceVolumeRatio,1.427483763117118
mask_tumor__t2__follow_up_3__original_shape_VoxelVolume,296.0
mask_tumor__t2__follow_up_3__original_firstorder_10Percentile,253.068156926443
mask_tumor__t2__follow_up_3__original_firstorder_90Percentile,476.4276523483815
mask_tumor__t2__follow_up_3__original_firstorder_Energy,38448928.04294901
mask_tumor__t2__follow_up_3__original_firstorder_Entropy,5.805610535252496
mask_tumor__t2__follow_up_3__original_firstorder_InterquartileRange,107.62104007664698
mask_tumor__t2__follow_up_3__original_firstorder_Kurtosis,4.629131802174663
mask_tumor__t2__follow_up_3__original_firstorder_MeanAbsoluteDeviation,71.61740619692723
mask_tumor__t2__follow_up_3__original_firstorder_Mean,347.97703833188115
mask_tumor__t2__follow_up_3__original_firstorder_Median,321.134858314842
mask_tumor__t2__follow_up_3__original_firstorder_Range,501.5819691141768
mask_tumor__t2__follow_up_3__original_firstorder_RobustMeanAbsoluteDeviation,46.36270553337343
mask_tumor__t2__follow_up_3__original_firstorder_RootMeanSquared,360.4095270274151
mask_tumor__t2__follow_up_3__original_firstorder_Skewness,1.2764361700692408
mask_tumor__t2__follow_up_3__original_firstorder_TotalEnergy,38448928.04294901
mask_tumor__t2__follow_up_3__original_firstorder_Uniformity,0.0221649013878743
mask_tumor__t2__follow_up_3__original_firstorder_Variance,8807.007965897541
mask_tumor__t2__follow_up_3__original_glcm_Autocorrelation,1227.80678683012
mask_tumor__t2__follow_up_3__original_glcm_ClusterProminence,6420163.543135355
mask_tumor__t2__follow_up_3__original_glcm_ClusterShade,53044.1605907112
mask_tumor__t2__follow_up_3__original_glcm_ClusterTendency,1107.2994904544275
mask_tumor__t2__follow_up_3__original_glcm_Contrast,185.89801641474563
mask_tumor__t2__follow_up_3__original_glcm_Correlation,0.7125483551020586
mask_tumor__t2__follow_up_3__original_glcm_DifferenceAverage,10.239260166032354
mask_tumor__t2__follow_up_3__original_glcm_DifferenceEntropy,4.50208375584536
mask_tumor__t2__follow_up_3__original_glcm_DifferenceVariance,76.63629326780617
mask_tumor__t2__follow_up_3__original_glcm_Id,0.1791567065157205
mask_tumor__t2__follow_up_3__original_glcm_Idm,0.0975812618972852
mask_tumor__t2__follow_up_3__original_glcm_Idmn,0.9834069652083136
mask_tumor__t2__follow_up_3__original_glcm_Idn,0.9140223325339428
mask_tumor__t2__follow_up_3__original_glcm_Imc1,-0.5644738979301961
mask_tumor__t2__follow_up_3__original_glcm_Imc2,0.9991175872231094
mask_tumor__t2__follow_up_3__original_glcm_InverseVariance,0.1103192780388221
mask_tumor__t2__follow_up_3__original_glcm_JointAverage,31.566967792303046
mask_tumor__t2__follow_up_3__original_glcm_JointEnergy,0.0039424733507443
mask_tumor__t2__follow_up_3__original_glcm_JointEntropy,8.097685594867372
mask_tumor__t2__follow_up_3__original_glcm_MCC,0.9959734707946948
mask_tumor__t2__follow_up_3__original_glcm_MaximumProbability,0.010854283034379
mask_tumor__t2__follow_up_3__original_glcm_SumAverage,63.1339355846061
mask_tumor__t2__follow_up_3__original_glcm_SumEntropy,6.0978070489644125
mask_tumor__t2__follow_up_3__original_glcm_SumSquares,323.29937671729346
mask_tumor__t2__follow_up_3__original_glrlm_GrayLevelNonUniformity,6.395021074950274
mask_tumor__t2__follow_up_3__original_glrlm_GrayLevelNonUniformityNormalized,0.0219722419539888
mask_tumor__t2__follow_up_3__original_glrlm_GrayLevelVariance,355.24376831291204
mask_tumor__t2__follow_up_3__original_glrlm_HighGrayLevelRunEmphasis,1390.9183645935177
mask_tumor__t2__follow_up_3__original_glrlm_LongRunEmphasis,1.0567942353314956
mask_tumor__t2__follow_up_3__original_glrlm_LongRunHighGrayLevelEmphasis,1443.3534721233882
mask_tumor__t2__follow_up_3__original_glrlm_LongRunLowGrayLevelEmphasis,0.0070666259803045
mask_tumor__t2__follow_up_3__original_glrlm_LowGrayLevelRunEmphasis,0.0069398234730174
mask_tumor__t2__follow_up_3__original_glrlm_RunEntropy,5.872706961537451
mask_tumor__t2__follow_up_3__original_glrlm_RunLengthNonUniformity,282.0207657354518
mask_tumor__t2__follow_up_3__original_glrlm_RunLengthNonUniformityNormalized,0.968701404818339
mask_tumor__t2__follow_up_3__original_glrlm_RunPercentage,0.9831081081081082
mask_tumor__t2__follow_up_3__original_glrlm_RunVariance,0.0212605613270943
mask_tumor__t2__follow_up_3__original_glrlm_ShortRunEmphasis,0.9877965571622422
mask_tumor__t2__follow_up_3__original_glrlm_ShortRunHighGrayLevelEmphasis,1378.7392043166665
mask_tumor__t2__follow_up_3__original_glrlm_ShortRunLowGrayLevelEmphasis,0.0069128286902954
mask_tumor__t2__follow_up_3__original_glszm_GrayLevelNonUniformity,4.720338983050848
mask_tumor__t2__follow_up_3__original_glszm_GrayLevelNonUniformityNormalized,0.0200014363688595
mask_tumor__t2__follow_up_3__original_glszm_GrayLevelVariance,384.4137280953749
mask_tumor__t2__follow_up_3__original_glszm_HighGrayLevelZoneEmphasis,1486.5974576271187
mask_tumor__t2__follow_up_3__original_glszm_LargeAreaEmphasis,2.059322033898305
mask_tumor__t2__follow_up_3__original_glszm_LargeAreaHighGrayLevelEmphasis,2429.8177966101694
mask_tumor__t2__follow_up_3__original_glszm_LargeAreaLowGrayLevelEmphasis,0.010375587704254
mask_tumor__t2__follow_up_3__original_glszm_LowGrayLevelZoneEmphasis,0.0080237777755505
mask_tumor__t2__follow_up_3__original_glszm_SizeZoneNonUniformity,165.34745762711864
mask_tumor__t2__follow_up_3__original_glszm_SizeZoneNonUniformityNormalized,0.7006248204538925
mask_tumor__t2__follow_up_3__original_glszm_SmallAreaEmphasis,0.8625146767746645
mask_tumor__t2__follow_up_3__original_glszm_SmallAreaHighGrayLevelEmphasis,1338.832284820708
mask_tumor__t2__follow_up_3__original_glszm_SmallAreaLowGrayLevelEmphasis,0.0077029278823938
mask_tumor__t2__follow_up_3__original_glszm_ZoneEntropy,6.397592164147552
mask_tumor__t2__follow_up_3__original_glszm_ZonePercentage,0.7972972972972973
mask_tumor__t2__follow_up_3__original_glszm_ZoneVariance,0.4862108589485779
mask_tumor__t2__follow_up_3__original_gldm_DependenceEntropy,6.56838505000152
mask_tumor__t2__follow_up_3__original_gldm_DependenceNonUniformity,150.1689189189189
mask_tumor__t2__follow_up_3__original_gldm_DependenceNonUniformityNormalized,0.5073274287801315
mask_tumor__t2__follow_up_3__original_gldm_DependenceVariance,0.489545288531775
mask_tumor__t2__follow_up_3__original_gldm_GrayLevelNonUniformity,6.5608108108108105
mask_tumor__t2__follow_up_3__original_gldm_GrayLevelVariance,352.8302478999269
mask_tumor__t2__follow_up_3__original_gldm_HighGrayLevelEmphasis,1383.543918918919
mask_tumor__t2__follow_up_3__original_gldm_LargeDependenceEmphasis,2.560810810810811
mask_tumor__t2__follow_up_3__original_gldm_LargeDependenceHighGrayLevelEmphasis,2834.402027027027
mask_tumor__t2__follow_up_3__original_gldm_LargeDependenceLowGrayLevelEmphasis,0.0102685463004646
mask_tumor__t2__follow_up_3__original_gldm_LowGrayLevelEmphasis,0.0068589142389149
mask_tumor__t2__follow_up_3__original_gldm_SmallDependenceEmphasis,0.7323986486486487
mask_tumor__t2__follow_up_3__original_gldm_SmallDependenceHighGrayLevelEmphasis,1112.6615249624626
mask_tumor__t2__follow_up_3__original_gldm_SmallDependenceLowGrayLevelEmphasis,0.0062463905037122
mask_tumor__t2__follow_up_3__original_ngtdm_Busyness,0.0196725592537293
mask_tumor__t2__follow_up_3__original_ngtdm_Coarseness,0.0274465059252558
mask_tumor__t2__follow_up_3__original_ngtdm_Complexity,17499.6678327477
mask_tumor__t2__follow_up_3__original_ngtdm_Contrast,0.7523638752135041
mask_tumor__t2__follow_up_3__original_ngtdm_Strength,94.6999164234242
mask_oedema__t2__follow_up_3__original_shape_Elongation,0.5742225510206695
mask_oedema__t2__follow_up_3__original_shape_Flatness,0.4363913342021835
mask_oedema__t2__follow_up_3__original_shape_LeastAxisLength,11.07232443057976
mask_oedema__t2__follow_up_3__original_shape_MajorAxisLength,25.37246632273836
mask_oedema__t2__follow_up_3__original_shape_Maximum2DDiameterColumn,19.1049731745428
mask_oedema__t2__follow_up_3__original_shape_Maximum2DDiameterRow,26.1725046566048
mask_oedema__t2__follow_up_3__original_shape_Maximum2DDiameterSlice,30.886890422961
mask_oedema__t2__follow_up_3__original_shape_Maximum3DDiameter,31.44837038703277
mask_oedema__t2__follow_up_3__original_shape_MeshVolume,1920.8333333333333
mask_oedema__t2__follow_up_3__original_shape_MinorAxisLength,14.569442337528848
mask_oedema__t2__follow_up_3__original_shape_Sphericity,0.5741788031679445
mask_oedema__t2__follow_up_3__original_shape_SurfaceArea,1301.4578019126914
mask_oedema__t2__follow_up_3__original_shape_SurfaceVolumeRatio,0.6775485302799261
mask_oedema__t2__follow_up_3__original_shape_VoxelVolume,1947.0
mask_oedema__t2__follow_up_3__original_firstorder_10Percentile,252.85723609026053
mask_oedema__t2__follow_up_3__original_firstorder_90Percentile,387.50918791092033
mask_oedema__t2__follow_up_3__original_firstorder_Energy,205979240.1237534
mask_oedema__t2__follow_up_3__original_firstorder_Entropy,5.376879110004876
mask_oedema__t2__follow_up_3__original_firstorder_InterquartileRange,73.50268418443193
mask_oedema__t2__follow_up_3__original_firstorder_Kurtosis,2.822446169717099
mask_oedema__t2__follow_up_3__original_firstorder_MeanAbsoluteDeviation,41.80142718432629
mask_oedema__t2__follow_up_3__original_firstorder_Mean,321.15655815625087
mask_oedema__t2__follow_up_3__original_firstorder_Median,320.30058003491354
mask_oedema__t2__follow_up_3__original_firstorder_Range,368.717426306038
mask_oedema__t2__follow_up_3__original_firstorder_RobustMeanAbsoluteDeviation,29.972070089887776
mask_oedema__t2__follow_up_3__original_firstorder_RootMeanSquared,325.258571331848
mask_oedema__t2__follow_up_3__original_firstorder_Skewness,0.1178252313040703
mask_oedema__t2__follow_up_3__original_firstorder_TotalEnergy,205979240.1237534
mask_oedema__t2__follow_up_3__original_firstorder_Uniformity,0.027159110364041
mask_oedema__t2__follow_up_3__original_firstorder_Variance,2651.603378065499
mask_oedema__t2__follow_up_3__original_glcm_Autocorrelation,852.8196414831675
mask_oedema__t2__follow_up_3__original_glcm_ClusterProminence,273714.79586402245
mask_oedema__t2__follow_up_3__original_glcm_ClusterShade,78.42479411052851
mask_oedema__t2__follow_up_3__original_glcm_ClusterTendency,328.0281251440325
mask_oedema__t2__follow_up_3__original_glcm_Contrast,38.777887111331545
mask_oedema__t2__follow_up_3__original_glcm_Correlation,0.7889164945726491
mask_oedema__t2__follow_up_3__original_glcm_DifferenceAverage,4.650154230163379
mask_oedema__t2__follow_up_3__original_glcm_DifferenceEntropy,3.620301001763212
mask_oedema__t2__follow_up_3__original_glcm_DifferenceVariance,15.811767979513434
mask_oedema__t2__follow_up_3__original_glcm_Id,0.3009391075337771
mask_oedema__t2__follow_up_3__original_glcm_Idm,0.2100213193433692
mask_oedema__t2__follow_up_3__original_glcm_Idmn,0.9933404339018744
mask_oedema__t2__follow_up_3__original_glcm_Idn,0.9439687355874242
mask_oedema__t2__follow_up_3__original_glcm_Imc1,-0.2347741231599408
mask_oedema__t2__follow_up_3__original_glcm_Imc2,0.9499949993396064
mask_oedema__t2__follow_up_3__original_glcm_InverseVariance,0.2153413369472896
mask_oedema__t2__follow_up_3__original_glcm_JointAverage,27.93540667453226
mask_oedema__t2__follow_up_3__original_glcm_JointEnergy,0.002086959242848
mask_oedema__t2__follow_up_3__original_glcm_JointEntropy,9.312956319682373
mask_oedema__t2__follow_up_3__original_glcm_MCC,0.8231013641690735
mask_oedema__t2__follow_up_3__original_glcm_MaximumProbability,0.0072137863719237
mask_oedema__t2__follow_up_3__original_glcm_SumAverage,55.87081334906453
mask_oedema__t2__follow_up_3__original_glcm_SumEntropy,6.16579874233704
mask_oedema__t2__follow_up_3__original_glcm_SumSquares,91.70150306384105
mask_oedema__t2__follow_up_3__original_glrlm_GrayLevelNonUniformity,49.07113946016104
mask_oedema__t2__follow_up_3__original_glrlm_GrayLevelNonUniformityNormalized,0.0269049401346727
mask_oedema__t2__follow_up_3__original_glrlm_GrayLevelVariance,108.01536449560848
mask_oedema__t2__follow_up_3__original_glrlm_HighGrayLevelRunEmphasis,815.0070526206977
mask_oedema__t2__follow_up_3__original_glrlm_LongRunEmphasis,1.224057525907519
mask_oedema__t2__follow_up_3__original_glrlm_LongRunHighGrayLevelEmphasis,1018.6280380460444
mask_oedema__t2__follow_up_3__original_glrlm_LongRunLowGrayLevelEmphasis,0.005788795343476
mask_oedema__t2__follow_up_3__original_glrlm_LowGrayLevelRunEmphasis,0.0053138065618625
mask_oedema__t2__follow_up_3__original_glrlm_RunEntropy,5.702406639197222
mask_oedema__t2__follow_up_3__original_glrlm_RunLengthNonUniformity,1618.0787527442658
mask_oedema__t2__follow_up_3__original_glrlm_RunLengthNonUniformityNormalized,0.8863514999030954
mask_oedema__t2__follow_up_3__original_glrlm_RunPercentage,0.9366678519220892
mask_oedema__t2__follow_up_3__original_glrlm_RunVariance,0.0819528757716275
mask_oedema__t2__follow_up_3__original_glrlm_ShortRunEmphasis,0.9536755536920372
mask_oedema__t2__follow_up_3__original_glrlm_ShortRunHighGrayLevelEmphasis,773.1330933531065
mask_oedema__t2__follow_up_3__original_glrlm_ShortRunLowGrayLevelEmphasis,0.0052088392540995
mask_oedema__t2__follow_up_3__original_glszm_GrayLevelNonUniformity,21.182254196642685
mask_oedema__t2__follow_up_3__original_glszm_GrayLevelNonUniformityNormalized,0.0253983863269096
mask_oedema__t2__follow_up_3__original_glszm_GrayLevelVariance,129.83566528072504
mask_oedema__t2__follow_up_3__original_glszm_HighGrayLevelZoneEmphasis,737.2158273381295
mask_oedema__t2__follow_up_3__original_glszm_LargeAreaEmphasis,15.886091127098322
mask_oedema__t2__follow_up_3__original_glszm_LargeAreaHighGrayLevelEmphasis,14891.804556354917
mask_oedema__t2__follow_up_3__original_glszm_LargeAreaLowGrayLevelEmphasis,0.0341998280987504
mask_oedema__t2__follow_up_3__original_glszm_LowGrayLevelZoneEmphasis,0.0085768054226701
mask_oedema__t2__follow_up_3__original_glszm_SizeZoneNonUniformity,333.2470023980815
mask_oedema__t2__follow_up_3__original_glszm_SizeZoneNonUniformityNormalized,0.3995767414845102
mask_oedema__t2__follow_up_3__original_glszm_SmallAreaEmphasis,0.6564874142260172
mask_oedema__t2__follow_up_3__original_glszm_SmallAreaHighGrayLevelEmphasis,457.7843489139549
mask_oedema__t2__follow_up_3__original_glszm_SmallAreaLowGrayLevelEmphasis,0.007324006858491
mask_oedema__t2__follow_up_3__original_glszm_ZoneEntropy,7.083489318574612
mask_oedema__t2__follow_up_3__original_glszm_ZonePercentage,0.4283513097072419
mask_oedema__t2__follow_up_3__original_glszm_ZoneVariance,10.436049721373982
mask_oedema__t2__follow_up_3__original_gldm_DependenceEntropy,7.533570788903273
mask_oedema__t2__follow_up_3__original_gldm_DependenceNonUniformity,425.6769388803287
mask_oedema__t2__follow_up_3__original_gldm_DependenceNonUniformityNormalized,0.2186322233591827
mask_oedema__t2__follow_up_3__original_gldm_DependenceVariance,2.5089293604610523
mask_oedema__t2__follow_up_3__original_gldm_GrayLevelNonUniformity,52.87878787878788
mask_oedema__t2__follow_up_3__original_gldm_GrayLevelVariance,106.18704978277724
mask_oedema__t2__follow_up_3__original_gldm_HighGrayLevelEmphasis,820.8911145351823
mask_oedema__t2__follow_up_3__original_gldm_LargeDependenceEmphasis,9.51361068310221
mask_oedema__t2__follow_up_3__original_gldm_LargeDependenceHighGrayLevelEmphasis,8771.547508988187
mask_oedema__t2__follow_up_3__original_gldm_LargeDependenceLowGrayLevelEmphasis,0.0211410236578192
mask_oedema__t2__follow_up_3__original_gldm_LowGrayLevelEmphasis,0.0051136960700252
mask_oedema__t2__follow_up_3__original_gldm_SmallDependenceEmphasis,0.3649612693191183
mask_oedema__t2__follow_up_3__original_gldm_SmallDependenceHighGrayLevelEmphasis,267.3316018455595
mask_oedema__t2__follow_up_3__original_gldm_SmallDependenceLowGrayLevelEmphasis,0.0034036122403043
mask_oedema__t2__follow_up_3__original_ngtdm_Busyness,0.0825137708435105
mask_oedema__t2__follow_up_3__original_ngtdm_Coarseness,0.0086006271346945
mask_oedema__t2__follow_up_3__original_ngtdm_Complexity,3427.608503847519
mask_oedema__t2__follow_up_3__original_ngtdm_Contrast,0.1730802621272021
mask_oedema__t2__follow_up_3__original_ngtdm_Strength,9.5918017620272
mask_necrosis__t1__follow_up_3__original_shape_Elongation,0.6711841076871168
mask_necrosis__t1__follow_up_3__original_shape_Flatness,0.5782724325905594
mask_necrosis__t1__follow_up_3__original_shape_LeastAxisLength,3.480584008281434
mask_necrosis__t1__follow_up_3__original_shape_MajorAxisLength,6.018934696037689
mask_necrosis__t1__follow_up_3__original_shape_Maximum2DDiameterColumn,5.830951894845301
mask_necrosis__t1__follow_up_3__original_shape_Maximum2DDiameterRow,5.830951894845301
mask_necrosis__t1__follow_up_3__original_shape_Maximum2DDiameterSlice,5.0
mask_necrosis__t1__follow_up_3__original_shape_Maximum3DDiameter,6.164414002968976
mask_necrosis__t1__follow_up_3__original_shape_MeshVolume,36.16666666666666
mask_necrosis__t1__follow_up_3__original_shape_MinorAxisLength,4.039813313187084
mask_necrosis__t1__follow_up_3__original_shape_Sphericity,0.7163836990310406
mask_necrosis__t1__follow_up_3__original_shape_SurfaceArea,73.82624025116921
mask_necrosis__t1__follow_up_3__original_shape_SurfaceVolumeRatio,2.041278532290393
mask_necrosis__t1__follow_up_3__original_shape_VoxelVolume,42.0
mask_necrosis__t1__follow_up_3__original_firstorder_10Percentile,664.4536983690065
mask_necrosis__t1__follow_up_3__original_firstorder_90Percentile,794.1638977100667
mask_necrosis__t1__follow_up_3__original_firstorder_Energy,22958741.46180092
mask_necrosis__t1__follow_up_3__original_firstorder_Entropy,4.671730220243266
mask_necrosis__t1__follow_up_3__original_firstorder_InterquartileRange,65.9191981265277
mask_necrosis__t1__follow_up_3__original_firstorder_Kurtosis,3.933173956254411
mask_necrosis__t1__follow_up_3__original_firstorder_MeanAbsoluteDeviation,40.997061369895945
mask_necrosis__t1__follow_up_3__original_firstorder_Mean,737.3562940530622
mask_necrosis__t1__follow_up_3__original_firstorder_Median,741.8001397148719
mask_necrosis__t1__follow_up_3__original_firstorder_Range,281.12867204485
mask_necrosis__t1__follow_up_3__original_firstorder_RobustMeanAbsoluteDeviation,25.4869479456312
mask_necrosis__t1__follow_up_3__original_firstorder_RootMeanSquared,739.3488361196294
mask_necrosis__t1__follow_up_3__original_firstorder_Skewness,0.2879984572922888
mask_necrosis__t1__follow_up_3__original_firstorder_TotalEnergy,22958741.46180092
mask_necrosis__t1__follow_up_3__original_firstorder_Uniformity,0.0430839002267573
mask_necrosis__t1__follow_up_3__original_firstorder_Variance,2942.3970917846887
mask_necrosis__t1__follow_up_3__original_glcm_Autocorrelation,401.831951490269
mask_necrosis__t1__follow_up_3__original_glcm_ClusterProminence,110362.9626460236
mask_necrosis__t1__follow_up_3__original_glcm_ClusterShade,780.0145529047994
mask_necrosis__t1__follow_up_3__original_glcm_ClusterTendency,186.48284850371692
mask_necrosis__t1__follow_up_3__original_glcm_Contrast,224.4897918166309
mask_necrosis__t1__follow_up_3__original_glcm_Correlation,-0.0832455713198951
mask_necrosis__t1__follow_up_3__original_glcm_DifferenceAverage,12.080174298154038
mask_necrosis__t1__follow_up_3__original_glcm_DifferenceEntropy,3.5021948872507256
mask_necrosis__t1__follow_up_3__original_glcm_DifferenceVariance,67.71269571601526
mask_necrosis__t1__follow_up_3__original_glcm_Id,0.1535522494229841
mask_necrosis__t1__follow_up_3__original_glcm_Idm,0.0788446444970625
mask_necrosis__t1__follow_up_3__original_glcm_Idmn,0.9406005081916754
mask_necrosis__t1__follow_up_3__original_glcm_Idn,0.8381430657073483
mask_necrosis__t1__follow_up_3__original_glcm_Imc1,-0.8447473274659393
mask_necrosis__t1__follow_up_3__original_glcm_Imc2,0.9996415751200556
mask_necrosis__t1__follow_up_3__original_glcm_InverseVariance,0.1029373866106369
mask_necrosis__t1__follow_up_3__original_glcm_JointAverage,20.21718775909569
mask_necrosis__t1__follow_up_3__original_glcm_JointEnergy,0.0323496250579719
mask_necrosis__t1__follow_up_3__original_glcm_JointEntropy,5.018247930243912
mask_necrosis__t1__follow_up_3__original_glcm_MCC,0.999098791423469
mask_necrosis__t1__follow_up_3__original_glcm_MaximumProbability,0.0390144156774446
mask_necrosis__t1__follow_up_3__original_glcm_SumAverage,40.43437551819139
mask_necrosis__t1__follow_up_3__original_glcm_SumEntropy,3.7534926283698096
mask_necrosis__t1__follow_up_3__original_glcm_SumSquares,102.74316008008697
mask_necrosis__t1__follow_up_3__original_glrlm_GrayLevelNonUniformity,1.796725632091486
mask_necrosis__t1__follow_up_3__original_glrlm_GrayLevelNonUniformityNormalized,0.0430963306096092
mask_necrosis__t1__follow_up_3__original_glrlm_GrayLevelVariance,118.80855569262894
mask_necrosis__t1__follow_up_3__original_glrlm_HighGrayLevelRunEmphasis,645.453872956312
mask_necrosis__t1__follow_up_3__original_glrlm_LongRunEmphasis,1.0227954971857411
mask_necrosis__t1__follow_up_3__original_glrlm_LongRunHighGrayLevelEmphasis,655.5566403109086
mask_necrosis__t1__follow_up_3__original_glrlm_LongRunLowGrayLevelEmphasis,0.0312084424908652
mask_necrosis__t1__follow_up_3__original_glrlm_LowGrayLevelRunEmphasis,0.0311296693733827
mask_necrosis__t1__follow_up_3__original_glrlm_RunEntropy,4.675857392099124
mask_necrosis__t1__follow_up_3__original_glrlm_RunLengthNonUniformity,41.09981238273921
mask_necrosis__t1__follow_up_3__original_glrlm_RunLengthNonUniformityNormalized,0.9853706584908252
mask_necrosis__t1__follow_up_3__original_glrlm_RunPercentage,0.9926739926739928
mask_necrosis__t1__follow_up_3__original_glrlm_RunVariance,0.0073146707545874
mask_necrosis__t1__follow_up_3__original_glrlm_ShortRunEmphasis,0.9943011257035648
mask_necrosis__t1__follow_up_3__original_glrlm_ShortRunHighGrayLevelEmphasis,642.9281811176629
mask_necrosis__t1__follow_up_3__original_glrlm_ShortRunLowGrayLevelEmphasis,0.0311099760940121
mask_necrosis__t1__follow_up_3__original_glszm_GrayLevelNonUniformity,1.631578947368421
mask_necrosis__t1__follow_up_3__original_glszm_GrayLevelNonUniformityNormalized,0.0429362880886426
mask_necrosis__t1__follow_up_3__original_glszm_GrayLevelVariance,126.4819944598338
mask_necrosis__t1__follow_up_3__original_glszm_HighGrayLevelZoneEmphasis,665.2105263157895
mask_necrosis__t1__follow_up_3__original_glszm_LargeAreaEmphasis,1.3157894736842106
mask_necrosis__t1__follow_up_3__original_glszm_LargeAreaHighGrayLevelEmphasis,804.7105263157895
mask_necrosis__t1__follow_up_3__original_glszm_LargeAreaLowGrayLevelEmphasis,0.0349074811281128
mask_necrosis__t1__follow_up_3__original_glszm_LowGrayLevelZoneEmphasis,0.0338099796321813
mask_necrosis__t1__follow_up_3__original_glszm_SizeZoneNonUniformity,30.84210526315789
mask_necrosis__t1__follow_up_3__original_glszm_SizeZoneNonUniformityNormalized,0.8116343490304709
mask_necrosis__t1__follow_up_3__original_glszm_SmallAreaEmphasis,0.9210526315789472
mask_necrosis__t1__follow_up_3__original_glszm_SmallAreaHighGrayLevelEmphasis,630.3355263157895
mask_necrosis__t1__follow_up_3__original_glszm_SmallAreaLowGrayLevelEmphasis,0.0335356042581984
mask_necrosis__t1__follow_up_3__original_glszm_ZoneEntropy,4.734512381750762
mask_necrosis__t1__follow_up_3__original_glszm_ZonePercentage,0.9047619047619048
mask_necrosis__t1__follow_up_3__original_glszm_ZoneVariance,0.0941828254847645
mask_necrosis__t1__follow_up_3__original_gldm_DependenceEntropy,4.7373227798185855
mask_necrosis__t1__follow_up_3__original_gldm_DependenceNonUniformity,29.047619047619047
mask_necrosis__t1__follow_up_3__original_gldm_DependenceNonUniformityNormalized,0.691609977324263
mask_necrosis__t1__follow_up_3__original_gldm_DependenceVariance,0.1541950113378684
mask_necrosis__t1__follow_up_3__original_gldm_GrayLevelNonUniformity,1.809523809523809
mask_necrosis__t1__follow_up_3__original_gldm_GrayLevelVariance,118.20918367346938
mask_necrosis__t1__follow_up_3__original_gldm_HighGrayLevelEmphasis,643.9285714285714
mask_necrosis__t1__follow_up_3__original_gldm_LargeDependenceEmphasis,1.5714285714285714
mask_necrosis__t1__follow_up_3__original_gldm_LargeDependenceHighGrayLevelEmphasis,896.3571428571429
mask_necrosis__t1__follow_up_3__original_gldm_LargeDependenceLowGrayLevelEmphasis,0.0329069291744957
mask_necrosis__t1__follow_up_3__original_gldm_LowGrayLevelEmphasis,0.0309209740866196
mask_necrosis__t1__follow_up_3__original_gldm_SmallDependenceEmphasis,0.8571428571428571
mask_necrosis__t1__follow_up_3__original_gldm_SmallDependenceHighGrayLevelEmphasis,580.8214285714286
mask_necrosis__t1__follow_up_3__original_gldm_SmallDependenceLowGrayLevelEmphasis,0.0304244853146505
mask_necrosis__t1__follow_up_3__original_ngtdm_Busyness,0.028902291573684
mask_necrosis__t1__follow_up_3__original_ngtdm_Coarseness,0.0689949658420794
mask_necrosis__t1__follow_up_3__original_ngtdm_Complexity,4105.189654281194
mask_necrosis__t1__follow_up_3__original_ngtdm_Contrast,2.852467996690722
mask_necrosis__t1__follow_up_3__original_ngtdm_Strength,40.55799511852494
mask_all__t1__follow_up_3__original_shape_Elongation,0.7160858000536782
mask_all__t1__follow_up_3__original_shape_Flatness,0.46350199577358553
mask_all__t1__follow_up_3__original_shape_LeastAxisLength,10.99532895062926
mask_all__t1__follow_up_3__original_shape_MajorAxisLength,23.72229041274795
mask_all__t1__follow_up_3__original_shape_Maximum2DDiameterColumn,22.20360331117452
mask_all__t1__follow_up_3__original_shape_Maximum2DDiameterRow,26.1725046566048
mask_all__t1__follow_up_3__original_shape_Maximum2DDiameterSlice,30.886890422961
mask_all__t1__follow_up_3__original_shape_Maximum3DDiameter,31.44837038703277
mask_all__t1__follow_up_3__original_shape_MeshVolume,2257.875
mask_all__t1__follow_up_3__original_shape_MinorAxisLength,16.98719530931831
mask_all__t1__follow_up_3__original_shape_Sphericity,0.5829098143903932
mask_all__t1__follow_up_3__original_shape_SurfaceArea,1427.8503321185303
mask_all__t1__follow_up_3__original_shape_SurfaceVolumeRatio,0.6323867938298313
mask_all__t1__follow_up_3__original_shape_VoxelVolume,2285.0
mask_all__t1__follow_up_3__original_firstorder_10Percentile,802.852715243898
mask_all__t1__follow_up_3__original_firstorder_90Percentile,975.2578645069278
mask_all__t1__follow_up_3__original_firstorder_Energy,1823591868.6895185
mask_all__t1__follow_up_3__original_firstorder_Entropy,5.677145410586993
mask_all__t1__follow_up_3__original_firstorder_InterquartileRange,82.9728481553716
mask_all__t1__follow_up_3__original_firstorder_Kurtosis,3.243698566915986
mask_all__t1__follow_up_3__original_firstorder_MeanAbsoluteDeviation,51.87728602166536
mask_all__t1__follow_up_3__original_firstorder_Mean,890.9006871806212
mask_all__t1__follow_up_3__original_firstorder_Median,894.6107457440772
mask_all__t1__follow_up_3__original_firstorder_Range,396.9065529912909
mask_all__t1__follow_up_3__original_firstorder_RobustMeanAbsoluteDeviation,35.319317140742506
mask_all__t1__follow_up_3__original_firstorder_RootMeanSquared,893.3481066689889
mask_all__t1__follow_up_3__original_firstorder_Skewness,-0.3689972704796038
mask_all__t1__follow_up_3__original_firstorder_TotalEnergy,1823591868.6895185
mask_all__t1__follow_up_3__original_firstorder_Uniformity,0.0226669028819865
mask_all__t1__follow_up_3__original_firstorder_Variance,4366.80527016409
mask_all__t1__follow_up_3__original_glcm_Autocorrelation,2932.58648475796
mask_all__t1__follow_up_3__original_glcm_ClusterProminence,1157950.83929356
mask_all__t1__follow_up_3__original_glcm_ClusterShade,-5217.261587273321
mask_all__t1__follow_up_3__original_glcm_ClusterTendency,597.4561448083883
mask_all__t1__follow_up_3__original_glcm_Contrast,69.08465950456824
mask_all__t1__follow_up_3__original_glcm_Correlation,0.7919866392471889
mask_all__t1__follow_up_3__original_glcm_DifferenceAverage,6.165084145409194
mask_all__t1__follow_up_3__original_glcm_DifferenceEntropy,4.049298857581233
mask_all__t1__follow_up_3__original_glcm_DifferenceVariance,29.740747418727903
mask_all__t1__follow_up_3__original_glcm_Id,0.2544663494868413
mask_all__t1__follow_up_3__original_glcm_Idm,0.1637374757006637
mask_all__t1__follow_up_3__original_glcm_Idmn,0.9897703505437104
mask_all__t1__follow_up_3__original_glcm_Idn,0.931954097525961
mask_all__t1__follow_up_3__original_glcm_Imc1,-0.240681501858247
mask_all__t1__follow_up_3__original_glcm_Imc2,0.9644082582210864
mask_all__t1__follow_up_3__original_glcm_InverseVariance,0.1646968312334588
mask_all__t1__follow_up_3__original_glcm_JointAverage,52.91879777649426
mask_all__t1__follow_up_3__original_glcm_JointEnergy,0.0013585963634505
mask_all__t1__follow_up_3__original_glcm_JointEntropy,9.939932315735678
mask_all__t1__follow_up_3__original_glcm_MCC,0.8196462045773774
mask_all__t1__follow_up_3__original_glcm_MaximumProbability,0.0064551277865132
mask_all__t1__follow_up_3__original_glcm_SumAverage,105.83759555298845
mask_all__t1__follow_up_3__original_glcm_SumEntropy,6.551743128931458
mask_all__t1__follow_up_3__original_glcm_SumSquares,166.6352010782391
mask_all__t1__follow_up_3__original_glrlm_GrayLevelNonUniformity,48.82463416592753
mask_all__t1__follow_up_3__original_glrlm_GrayLevelNonUniformityNormalized,0.0224889262873861
mask_all__t1__follow_up_3__original_glrlm_GrayLevelVariance,174.669525699065
mask_all__t1__follow_up_3__original_glrlm_HighGrayLevelRunEmphasis,3041.2561995974206
mask_all__t1__follow_up_3__original_glrlm_LongRunEmphasis,1.1704161626307588
mask_all__t1__follow_up_3__original_glrlm_LongRunHighGrayLevelEmphasis,3615.322204345187
mask_all__t1__follow_up_3__original_glrlm_LongRunLowGrayLevelEmphasis,0.0010861241627738
mask_all__t1__follow_up_3__original_glrlm_LowGrayLevelRunEmphasis,0.001019652684307
mask_all__t1__follow_up_3__original_glrlm_RunEntropy,5.945664075563226
mask_all__t1__follow_up_3__original_glrlm_RunLengthNonUniformity,1973.0447925814915
mask_all__t1__follow_up_3__original_glrlm_RunLengthNonUniformityNormalized,0.908475980212962
mask_all__t1__follow_up_3__original_glrlm_RunPercentage,0.9501767379229086
mask_all__t1__follow_up_3__original_glrlm_RunVariance,0.0621937827554274
mask_all__t1__follow_up_3__original_glrlm_ShortRunEmphasis,0.9634411665944084
mask_all__t1__follow_up_3__original_glrlm_ShortRunHighGrayLevelEmphasis,2922.3174370309257
mask_all__t1__follow_up_3__original_glrlm_ShortRunLowGrayLevelEmphasis,0.0010049892188303
mask_all__t1__follow_up_3__original_glszm_GrayLevelNonUniformity,24.203071672354948
mask_all__t1__follow_up_3__original_glszm_GrayLevelNonUniformityNormalized,0.0206510850446714
mask_all__t1__follow_up_3__original_glszm_GrayLevelVariance,195.02520923365444
mask_all__t1__follow_up_3__original_glszm_HighGrayLevelZoneEmphasis,2964.819965870307
mask_all__t1__follow_up_3__original_glszm_LargeAreaEmphasis,10.362627986348125
mask_all__t1__follow_up_3__original_glszm_LargeAreaHighGrayLevelEmphasis,37141.764505119456
mask_all__t1__follow_up_3__original_glszm_LargeAreaLowGrayLevelEmphasis,0.0047160583101226
mask_all__t1__follow_up_3__original_glszm_LowGrayLevelZoneEmphasis,0.0015315679255105
mask_all__t1__follow_up_3__original_glszm_SizeZoneNonUniformity,528.0597269624574
mask_all__t1__follow_up_3__original_glszm_SizeZoneNonUniformityNormalized,0.450562906964554
mask_all__t1__follow_up_3__original_glszm_SmallAreaEmphasis,0.6977932319901535
mask_all__t1__follow_up_3__original_glszm_SmallAreaHighGrayLevelEmphasis,2054.31318173065
mask_all__t1__follow_up_3__original_glszm_SmallAreaLowGrayLevelEmphasis,0.0013872736334054
mask_all__t1__follow_up_3__original_glszm_ZoneEntropy,7.255993263385383
mask_all__t1__follow_up_3__original_glszm_ZonePercentage,0.512910284463895
mask_all__t1__follow_up_3__original_glszm_ZoneVariance,6.561458927885008
mask_all__t1__follow_up_3__original_gldm_DependenceEntropy,7.630075354656447
mask_all__t1__follow_up_3__original_gldm_DependenceNonUniformity,592.0407002188184
mask_all__t1__follow_up_3__original_gldm_DependenceNonUniformityNormalized,0.2590987747128308
mask_all__t1__follow_up_3__original_gldm_DependenceVariance,1.8825390593203704
mask_all__t1__follow_up_3__original_gldm_GrayLevelNonUniformity,51.79387308533917
mask_all__t1__follow_up_3__original_gldm_GrayLevelVariance,174.45917461898307
mask_all__t1__follow_up_3__original_gldm_HighGrayLevelEmphasis,3054.366739606127
mask_all__t1__follow_up_3__original_gldm_LargeDependenceEmphasis,7.151422319474836
mask_all__t1__follow_up_3__original_gldm_LargeDependenceHighGrayLevelEmphasis,24888.403501094093
mask_all__t1__follow_up_3__original_gldm_LargeDependenceLowGrayLevelEmphasis,0.0032438850330367
mask_all__t1__follow_up_3__original_gldm_LowGrayLevelEmphasis,0.0009884674159416
mask_all__t1__follow_up_3__original_gldm_SmallDependenceEmphasis,0.4381683735247835
mask_all__t1__follow_up_3__original_gldm_SmallDependenceHighGrayLevelEmphasis,1298.1473404308456
mask_all__t1__follow_up_3__original_gldm_SmallDependenceLowGrayLevelEmphasis,0.0007473859404947
mask_all__t1__follow_up_3__original_ngtdm_Busyness,0.0384642731560339
mask_all__t1__follow_up_3__original_ngtdm_Coarseness,0.0062804053202681
mask_all__t1__follow_up_3__original_ngtdm_Complexity,8412.036766647714
mask_all__t1__follow_up_3__original_ngtdm_Contrast,0.2158363396848746
mask_all__t1__follow_up_3__original_ngtdm_Strength,14.973464919097438
mask_tumor__t1__follow_up_3__original_shape_Elongation,0.6404371016161745
mask_tumor__t1__follow_up_3__original_shape_Flatness,0.4585638030499313
mask_tumor__t1__follow_up_3__original_shape_LeastAxisLength,6.227970347214892
mask_tumor__t1__follow_up_3__original_shape_MajorAxisLength,13.581469592218887
mask_tumor__t1__follow_up_3__original_shape_Maximum2DDiameterColumn,11.180339887498947
mask_tumor__t1__follow_up_3__original_shape_Maximum2DDiameterRow,14.422205101855956
mask_tumor__t1__follow_up_3__original_shape_Maximum2DDiameterSlice,10.198039027185567
mask_tumor__t1__follow_up_3__original_shape_Maximum3DDiameter,15.132745950421556
mask_tumor__t1__follow_up_3__original_shape_MeshVolume,287.0833333333333
mask_tumor__t1__follow_up_3__original_shape_MinorAxisLength,8.698077021328873
mask_tumor__t1__follow_up_3__original_shape_Sphericity,0.513543165782509
mask_tumor__t1__follow_up_3__original_shape_SurfaceArea,409.8067969948726
mask_tumor__t1__follow_up_3__original_shape_SurfaceVolumeRatio,1.427483763117118
mask_tumor__t1__follow_up_3__original_shape_VoxelVolume,296.0
mask_tumor__t1__follow_up_3__original_firstorder_10Percentile,750.1076421884816
mask_tumor__t1__follow_up_3__original_firstorder_90Percentile,902.603824946798
mask_tumor__t1__follow_up_3__original_firstorder_Energy,201456501.0819676
mask_tumor__t1__follow_up_3__original_firstorder_Entropy,5.387989553197253
mask_tumor__t1__follow_up_3__original_firstorder_InterquartileRange,79.90434299475328
mask_tumor__t1__follow_up_3__original_firstorder_Kurtosis,2.942652235444386
mask_tumor__t1__follow_up_3__original_firstorder_MeanAbsoluteDeviation,46.1618143777084
mask_tumor__t1__follow_up_3__original_firstorder_Mean,822.9328668435506
mask_tumor__t1__follow_up_3__original_firstorder_Median,824.8389829380703
mask_tumor__t1__follow_up_3__original_firstorder_Range,304.46736813249754
mask_tumor__t1__follow_up_3__original_firstorder_RobustMeanAbsoluteDeviation,31.98390742503797
mask_tumor__t1__follow_up_3__original_firstorder_RootMeanSquared,824.9825982643997
mask_tumor__t1__follow_up_3__original_firstorder_Skewness,0.1798488518632141
mask_tumor__t1__follow_up_3__original_firstorder_TotalEnergy,201456501.0819676
mask_tumor__t1__follow_up_3__original_firstorder_Uniformity,0.0279629291453615
mask_tumor__t1__follow_up_3__original_firstorder_Variance,3377.784107734689
mask_tumor__t1__follow_up_3__original_glcm_Autocorrelation,864.0287931200767
mask_tumor__t1__follow_up_3__original_glcm_ClusterProminence,478822.1571684706
mask_tumor__t1__follow_up_3__original_glcm_ClusterShade,1184.2354399852532
mask_tumor__t1__follow_up_3__original_glcm_ClusterTendency,374.9959336078088
mask_tumor__t1__follow_up_3__original_glcm_Contrast,139.09363559291185
mask_tumor__t1__follow_up_3__original_glcm_Correlation,0.4540365477794031
mask_tumor__t1__follow_up_3__original_glcm_DifferenceAverage,9.239067521159416
mask_tumor__t1__follow_up_3__original_glcm_DifferenceEntropy,4.400652106099323
mask_tumor__t1__follow_up_3__original_glcm_DifferenceVariance,48.63950618764064
mask_tumor__t1__follow_up_3__original_glcm_Id,0.193788490425286
mask_tumor__t1__follow_up_3__original_glcm_Idm,0.112230300161963
mask_tumor__t1__follow_up_3__original_glcm_Idmn,0.9672583390027014
mask_tumor__t1__follow_up_3__original_glcm_Idn,0.8788858983413138
mask_tumor__t1__follow_up_3__original_glcm_Imc1,-0.4847904514111363
mask_tumor__t1__follow_up_3__original_glcm_Imc2,0.9968296998877532
mask_tumor__t1__follow_up_3__original_glcm_InverseVariance,0.1213279937519535
mask_tumor__t1__follow_up_3__original_glcm_JointAverage,28.370491539720422
mask_tumor__t1__follow_up_3__original_glcm_JointEnergy,0.0042015545818448
mask_tumor__t1__follow_up_3__original_glcm_JointEntropy,8.02595528705842
mask_tumor__t1__follow_up_3__original_glcm_MCC,0.8499589048491928
mask_tumor__t1__follow_up_3__original_glcm_MaximumProbability,0.0116527147950378
mask_tumor__t1__follow_up_3__original_glcm_SumAverage,56.74098307944084
mask_tumor__t1__follow_up_3__original_glcm_SumEntropy,5.758116045547027
mask_tumor__t1__follow_up_3__original_glcm_SumSquares,128.52239230018017
mask_tumor__t1__follow_up_3__original_glrlm_GrayLevelNonUniformity,8.055664064763167
mask_tumor__t1__follow_up_3__original_glrlm_GrayLevelNonUniformityNormalized,0.0278065676983933
mask_tumor__t1__follow_up_3__original_glrlm_GrayLevelVariance,134.95742166585393
mask_tumor__t1__follow_up_3__original_glrlm_HighGrayLevelRunEmphasis,980.0433058486924
mask_tumor__t1__follow_up_3__original_glrlm_LongRunEmphasis,1.0676905244460593
mask_tumor__t1__follow_up_3__original_glrlm_LongRunHighGrayLevelEmphasis,1048.7780114631537
mask_tumor__t1__follow_up_3__original_glrlm_LongRunLowGrayLevelEmphasis,0.0080281607204915
mask_tumor__t1__follow_up_3__original_glrlm_LowGrayLevelRunEmphasis,0.0076897465202887
mask_tumor__t1__follow_up_3__original_glrlm_RunEntropy,5.480152985939006
mask_tumor__t1__follow_up_3__original_glrlm_RunLengthNonUniformity,277.90924733328734
mask_tumor__t1__follow_up_3__original_glrlm_RunLengthNonUniformityNormalized,0.9588909685021668
mask_tumor__t1__follow_up_3__original_glrlm_RunPercentage,0.9786902286902288
mask_tumor__t1__follow_up_3__original_glrlm_RunVariance,0.0229030505352526
mask_tumor__t1__follow_up_3__original_glrlm_ShortRunEmphasis,0.983980421331604
mask_tumor__t1__follow_up_3__original_glrlm_ShortRunHighGrayLevelEmphasis,963.906015504716
mask_tumor__t1__follow_up_3__original_glrlm_ShortRunLowGrayLevelEmphasis,0.0076059276081556
mask_tumor__t1__follow_up_3__original_glszm_GrayLevelNonUniformity,5.96
mask_tumor__t1__follow_up_3__original_glszm_GrayLevelNonUniformityNormalized,0.0264888888888888
mask_tumor__t1__follow_up_3__original_glszm_GrayLevelVariance,138.30648888888888
mask_tumor__t1__follow_up_3__original_glszm_HighGrayLevelZoneEmphasis,980.08
mask_tumor__t1__follow_up_3__original_glszm_LargeAreaEmphasis,2.2666666666666666
mask_tumor__t1__follow_up_3__original_glszm_LargeAreaHighGrayLevelEmphasis,2253.635555555556
mask_tumor__t1__follow_up_3__original_glszm_LargeAreaLowGrayLevelEmphasis,0.013990312305845
mask_tumor__t1__follow_up_3__original_glszm_LowGrayLevelZoneEmphasis,0.0082652762256371
mask_tumor__t1__follow_up_3__original_glszm_SizeZoneNonUniformity,145.7111111111111
mask_tumor__t1__follow_up_3__original_glszm_SizeZoneNonUniformityNormalized,0.6476049382716049
mask_tumor__t1__follow_up_3__original_glszm_SmallAreaEmphasis,0.831837037037037
mask_tumor__t1__follow_up_3__original_glszm_SmallAreaHighGrayLevelEmphasis,818.4875160493827
mask_tumor__t1__follow_up_3__original_glszm_SmallAreaLowGrayLevelEmphasis,0.007026435668609
mask_tumor__t1__follow_up_3__original_glszm_ZoneEntropy,6.096705721444344
mask_tumor__t1__follow_up_3__original_glszm_ZonePercentage,0.7601351351351351
mask_tumor__t1__follow_up_3__original_glszm_ZoneVariance,0.5359802469135803
mask_tumor__t1__follow_up_3__original_gldm_DependenceEntropy,6.353032770375807
mask_tumor__t1__follow_up_3__original_gldm_DependenceNonUniformity,132.4391891891892
mask_tumor__t1__follow_up_3__original_gldm_DependenceNonUniformityNormalized,0.4474296932067202
mask_tumor__t1__follow_up_3__original_gldm_DependenceVariance,0.6322132943754565
mask_tumor__t1__follow_up_3__original_gldm_GrayLevelNonUniformity,8.277027027027026
mask_tumor__t1__follow_up_3__original_gldm_GrayLevelVariance,134.62741964937914
mask_tumor__t1__follow_up_3__original_gldm_HighGrayLevelEmphasis,980.7297297297296
mask_tumor__t1__follow_up_3__original_gldm_LargeDependenceEmphasis,3.0472972972972974
mask_tumor__t1__follow_up_3__original_gldm_LargeDependenceHighGrayLevelEmphasis,3087.7905405405404
mask_tumor__t1__follow_up_3__original_gldm_LargeDependenceLowGrayLevelEmphasis,0.0164503397677904
mask_tumor__t1__follow_up_3__original_gldm_LowGrayLevelEmphasis,0.00763396770239
mask_tumor__t1__follow_up_3__original_gldm_SmallDependenceEmphasis,0.6825675675675675
mask_tumor__t1__follow_up_3__original_gldm_SmallDependenceHighGrayLevelEmphasis,669.50737987988
mask_tumor__t1__follow_up_3__original_gldm_SmallDependenceLowGrayLevelEmphasis,0.005667865397352
mask_tumor__t1__follow_up_3__original_ngtdm_Busyness,0.0299193480544018
mask_tumor__t1__follow_up_3__original_ngtdm_Coarseness,0.023410689402773
mask_tumor__t1__follow_up_3__original_ngtdm_Complexity,7173.622207049126
mask_tumor__t1__follow_up_3__original_ngtdm_Contrast,0.5562234689296668
mask_tumor__t1__follow_up_3__original_ngtdm_Strength,24.886419182088364
mask_oedema__t1__follow_up_3__original_shape_Elongation,0.5742225510206695
mask_oedema__t1__follow_up_3__original_shape_Flatness,0.4363913342021835
mask_oedema__t1__follow_up_3__original_shape_LeastAxisLength,11.07232443057976
mask_oedema__t1__follow_up_3__original_shape_MajorAxisLength,25.37246632273836
mask_oedema__t1__follow_up_3__original_shape_Maximum2DDiameterColumn,19.1049731745428
mask_oedema__t1__follow_up_3__original_shape_Maximum2DDiameterRow,26.1725046566048
mask_oedema__t1__follow_up_3__original_shape_Maximum2DDiameterSlice,30.886890422961
mask_oedema__t1__follow_up_3__original_shape_Maximum3DDiameter,31.44837038703277
mask_oedema__t1__follow_up_3__original_shape_MeshVolume,1920.8333333333333
mask_oedema__t1__follow_up_3__original_shape_MinorAxisLength,14.569442337528848
mask_oedema__t1__follow_up_3__original_shape_Sphericity,0.5741788031679445
mask_oedema__t1__follow_up_3__original_shape_SurfaceArea,1301.4578019126914
mask_oedema__t1__follow_up_3__original_shape_SurfaceVolumeRatio,0.6775485302799261
mask_oedema__t1__follow_up_3__original_shape_VoxelVolume,1947.0
mask_oedema__t1__follow_up_3__original_firstorder_10Percentile,831.7688838471325
mask_oedema__t1__follow_up_3__original_firstorder_90Percentile,981.7921089178908
mask_oedema__t1__follow_up_3__original_firstorder_Energy,1599176626.1457496
mask_oedema__t1__follow_up_3__original_firstorder_Entropy,5.446495176518929
mask_oedema__t1__follow_up_3__original_firstorder_InterquartileRange,73.68779905251608
mask_oedema__t1__follow_up_3__original_firstorder_Kurtosis,2.718499857231809
mask_oedema__t1__follow_up_3__original_firstorder_MeanAbsoluteDeviation,44.77118617016408
mask_oedema__t1__follow_up_3__original_firstorder_Mean,904.5459564826912
mask_oedema__t1__follow_up_3__original_firstorder_Median,903.4753307216512
mask_oedema__t1__follow_up_3__original_firstorder_Range,274.6886747324651
mask_oedema__t1__follow_up_3__original_firstorder_RobustMeanAbsoluteDeviation,31.022941197843124
mask_oedema__t1__follow_up_3__original_firstorder_RootMeanSquared,906.2859368630872
mask_oedema__t1__follow_up_3__original_firstorder_Skewness,-0.0173978244393341
mask_oedema__t1__follow_up_3__original_firstorder_TotalEnergy,1599176626.1457496
mask_oedema__t1__follow_up_3__original_firstorder_Uniformity,0.0259715010700882
mask_oedema__t1__follow_up_3__original_firstorder_Variance,3150.8119666170187
mask_oedema__t1__follow_up_3__original_glcm_Autocorrelation,1095.986861413454
mask_oedema__t1__follow_up_3__original_glcm_ClusterProminence,498208.5027980659
mask_oedema__t1__follow_up_3__original_glcm_ClusterShade,135.88528689483456
mask_oedema__t1__follow_up_3__original_glcm_ClusterTendency,417.28410107777705
mask_oedema__t1__follow_up_3__original_glcm_Contrast,43.90599139005469
mask_oedema__t1__follow_up_3__original_glcm_Correlation,0.8078796430922773
mask_oedema__t1__follow_up_3__original_glcm_DifferenceAverage,5.231407288798921
mask_oedema__t1__follow_up_3__original_glcm_DifferenceEntropy,3.783419912039096
mask_oedema__t1__follow_up_3__original_glcm_DifferenceVariance,15.634222348220732
mask_oedema__t1__follow_up_3__original_glcm_Id,0.2701579309921866
mask_oedema__t1__follow_up_3__original_glcm_Idm,0.1769077058901063
mask_oedema__t1__follow_up_3__original_glcm_Idmn,0.9865647641629406
mask_oedema__t1__follow_up_3__original_glcm_Idn,0.918386212722682
mask_oedema__t1__follow_up_3__original_glcm_Imc1,-0.2240291947992586
mask_oedema__t1__follow_up_3__original_glcm_Imc2,0.9514197046740543
mask_oedema__t1__follow_up_3__original_glcm_InverseVariance,0.1769716230082371
mask_oedema__t1__follow_up_3__original_glcm_JointAverage,31.66275993250548
mask_oedema__t1__follow_up_3__original_glcm_JointEnergy,0.0016913256515431
mask_oedema__t1__follow_up_3__original_glcm_JointEntropy,9.588817711874794
mask_oedema__t1__follow_up_3__original_glcm_MCC,0.8202474538724273
mask_oedema__t1__follow_up_3__original_glcm_MaximumProbability,0.0076013597335406
mask_oedema__t1__follow_up_3__original_glcm_SumAverage,63.32551986501093
mask_oedema__t1__follow_up_3__original_glcm_SumEntropy,6.305320273940775
mask_oedema__t1__follow_up_3__original_glcm_SumSquares,115.29752311695796
mask_oedema__t1__follow_up_3__original_glrlm_GrayLevelNonUniformity,47.5994346515281
mask_oedema__t1__follow_up_3__original_glrlm_GrayLevelNonUniformityNormalized,0.0258325211260015
mask_oedema__t1__follow_up_3__original_glrlm_GrayLevelVariance,124.83280797647984
mask_oedema__t1__follow_up_3__original_glrlm_HighGrayLevelRunEmphasis,1170.291962687398
mask_oedema__t1__follow_up_3__original_glrlm_LongRunEmphasis,1.1840026710111942
mask_oedema__t1__follow_up_3__original_glrlm_LongRunHighGrayLevelEmphasis,1409.9445101874371
mask_oedema__t1__follow_up_3__original_glrlm_LongRunLowGrayLevelEmphasis,0.0031841363133665
mask_oedema__t1__follow_up_3__original_glrlm_LowGrayLevelRunEmphasis,0.0027719386024346
mask_oedema__t1__follow_up_3__original_glrlm_RunEntropy,5.726096087516526
mask_oedema__t1__follow_up_3__original_glrlm_RunLengthNonUniformity,1662.3003788818571
mask_oedema__t1__follow_up_3__original_glrlm_RunLengthNonUniformityNormalized,0.9017679904651452
mask_oedema__t1__follow_up_3__original_glrlm_RunPercentage,0.946465963415116
mask_oedema__t1__follow_up_3__original_glrlm_RunVariance,0.067018768619501
mask_oedema__t1__follow_up_3__original_glrlm_ShortRunEmphasis,0.9606092758106424
mask_oedema__t1__follow_up_3__original_glrlm_ShortRunHighGrayLevelEmphasis,1121.8648155005883
mask_oedema__t1__follow_up_3__original_glrlm_ShortRunLowGrayLevelEmphasis,0.0026827872466112
mask_oedema__t1__follow_up_3__original_glszm_GrayLevelNonUniformity,23.337579617834397
mask_oedema__t1__follow_up_3__original_glszm_GrayLevelNonUniformityNormalized,0.0247745006558751
mask_oedema__t1__follow_up_3__original_glszm_GrayLevelVariance,125.87835882456356
mask_oedema__t1__follow_up_3__original_glszm_HighGrayLevelZoneEmphasis,1182.749469214437
mask_oedema__t1__follow_up_3__original_glszm_LargeAreaEmphasis,12.001061571125266
mask_oedema__t1__follow_up_3__original_glszm_LargeAreaHighGrayLevelEmphasis,17067.635881104034
mask_oedema__t1__follow_up_3__original_glszm_LargeAreaLowGrayLevelEmphasis,0.0201179126519194
mask_oedema__t1__follow_up_3__original_glszm_LowGrayLevelZoneEmphasis,0.0031612444862805
mask_oedema__t1__follow_up_3__original_glszm_SizeZoneNonUniformity,397.4416135881104
mask_oedema__t1__follow_up_3__original_glszm_SizeZoneNonUniformityNormalized,0.4219125409640238
mask_oedema__t1__follow_up_3__original_glszm_SmallAreaEmphasis,0.6745974699792281
mask_oedema__t1__follow_up_3__original_glszm_SmallAreaHighGrayLevelEmphasis,813.967718164764
mask_oedema__t1__follow_up_3__original_glszm_SmallAreaLowGrayLevelEmphasis,0.0022151069187756
mask_oedema__t1__follow_up_3__original_glszm_ZoneEntropy,7.035684940800436
mask_oedema__t1__follow_up_3__original_glszm_ZonePercentage,0.4838212634822804
mask_oedema__t1__follow_up_3__original_glszm_ZoneVariance,7.729072849473271
mask_oedema__t1__follow_up_3__original_gldm_DependenceEntropy,7.454990663958064
mask_oedema__t1__follow_up_3__original_gldm_DependenceNonUniformity,482.3980482794042
mask_oedema__t1__follow_up_3__original_gldm_DependenceNonUniformityNormalized,0.2477647911039569
mask_oedema__t1__follow_up_3__original_gldm_DependenceVariance,2.004104664729877
mask_oedema__t1__follow_up_3__original_gldm_GrayLevelNonUniformity,50.56651258346174
mask_oedema__t1__follow_up_3__original_gldm_GrayLevelVariance,125.88802865034882
mask_oedema__t1__follow_up_3__original_gldm_HighGrayLevelEmphasis,1175.1222393425785
mask_oedema__t1__follow_up_3__original_gldm_LargeDependenceEmphasis,7.725218284540318
mask_oedema__t1__follow_up_3__original_gldm_LargeDependenceHighGrayLevelEmphasis,10630.722650231124
mask_oedema__t1__follow_up_3__original_gldm_LargeDependenceLowGrayLevelEmphasis,0.0162149263470923
mask_oedema__t1__follow_up_3__original_gldm_LowGrayLevelEmphasis,0.0027440940609648
mask_oedema__t1__follow_up_3__original_gldm_SmallDependenceEmphasis,0.4096906980275736
mask_oedema__t1__follow_up_3__original_gldm_SmallDependenceHighGrayLevelEmphasis,487.3294793374864
mask_oedema__t1__follow_up_3__original_gldm_SmallDependenceLowGrayLevelEmphasis,0.00128256499868
mask_oedema__t1__follow_up_3__original_ngtdm_Busyness,0.0953222386680642
mask_oedema__t1__follow_up_3__original_ngtdm_Coarseness,0.0069003886390028
mask_oedema__t1__follow_up_3__original_ngtdm_Complexity,3552.0334783713124
mask_oedema__t1__follow_up_3__original_ngtdm_Contrast,0.2576923164973723
mask_oedema__t1__follow_up_3__original_ngtdm_Strength,7.297819167877298
mask_necrosis__fla__Baseline__original_shape_Elongation,0.6390911954127018
mask_necrosis__fla__Baseline__original_shape_Flatness,0.4765471961812727
mask_necrosis__fla__Baseline__original_shape_LeastAxisLength,5.156787667072688
mask_necrosis__fla__Baseline__original_shape_MajorAxisLength,10.82114784935406
mask_necrosis__fla__Baseline__original_shape_Maximum2DDiameterColumn,12.529964086141668
mask_necrosis__fla__Baseline__original_shape_Maximum2DDiameterRow,10.44030650891055
mask_necrosis__fla__Baseline__original_shape_Maximum2DDiameterSlice,7.615773105863909
mask_necrosis__fla__Baseline__original_shape_Maximum3DDiameter,12.569805089976535
mask_necrosis__fla__Baseline__original_shape_MeshVolume,174.0
mask_necrosis__fla__Baseline__original_shape_MinorAxisLength,6.915700314781276
mask_necrosis__fla__Baseline__original_shape_Sphericity,0.6695022709235626
mask_necrosis__fla__Baseline__original_shape_SurfaceArea,225.12906563720705
mask_necrosis__fla__Baseline__original_shape_SurfaceVolumeRatio,1.2938452048115343
mask_necrosis__fla__Baseline__original_shape_VoxelVolume,185.0
mask_necrosis__fla__Baseline__original_firstorder_10Percentile,658.2048397112403
mask_necrosis__fla__Baseline__original_firstorder_90Percentile,933.6357923419616
mask_necrosis__fla__Baseline__original_firstorder_Energy,120604674.27174412
mask_necrosis__fla__Baseline__original_firstorder_Entropy,5.817117259110061
mask_necrosis__fla__Baseline__original_firstorder_InterquartileRange,135.2489001437931
mask_necrosis__fla__Baseline__original_firstorder_Kurtosis,2.4268631886002776
mask_necrosis__fla__Baseline__original_firstorder_MeanAbsoluteDeviation,78.14667657388311
mask_necrosis__fla__Baseline__original_firstorder_Mean,801.5438516582568
mask_necrosis__fla__Baseline__original_firstorder_Median,795.5007934992753
mask_necrosis__fla__Baseline__original_firstorder_Range,422.2970035526398
mask_necrosis__fla__Baseline__original_firstorder_RobustMeanAbsoluteDeviation,54.9168949643576
mask_necrosis__fla__Baseline__original_firstorder_RootMeanSquared,807.413870468946
mask_necrosis__fla__Baseline__original_firstorder_Skewness,0.0882169939189982
mask_necrosis__fla__Baseline__original_firstorder_TotalEnergy,120604674.27174412
mask_necrosis__fla__Baseline__original_firstorder_Uniformity,0.0208911614317019
mask_necrosis__fla__Baseline__original_firstorder_Variance,9444.6120944904
mask_necrosis__fla__Baseline__original_glcm_Autocorrelation,1826.5333553177177
mask_necrosis__fla__Baseline__original_glcm_ClusterProminence,3879983.7283441103
mask_necrosis__fla__Baseline__original_glcm_ClusterShade,6138.549160114466
mask_necrosis__fla__Baseline__original_glcm_ClusterTendency,1268.992771369203
mask_necrosis__fla__Baseline__original_glcm_Contrast,200.64135929693555
mask_necrosis__fla__Baseline__original_glcm_Correlation,0.7292268712551332
mask_necrosis__fla__Baseline__original_glcm_DifferenceAverage,11.362091985210377
mask_necrosis__fla__Baseline__original_glcm_DifferenceEntropy,4.545503107659377
mask_necrosis__fla__Baseline__original_glcm_DifferenceVariance,63.708055006784015
mask_necrosis__fla__Baseline__original_glcm_Id,0.1616715591002487
mask_necrosis__fla__Baseline__original_glcm_Idm,0.0850904052612867
mask_necrosis__fla__Baseline__original_glcm_Idmn,0.9741640091819376
mask_necrosis__fla__Baseline__original_glcm_Idn,0.8885162356402307
mask_necrosis__fla__Baseline__original_glcm_Imc1,-0.6632900888489336
mask_necrosis__fla__Baseline__original_glcm_Imc2,0.9997397931367602
mask_necrosis__fla__Baseline__original_glcm_InverseVariance,0.0871465651407793
mask_necrosis__fla__Baseline__original_glcm_JointAverage,39.48085072973134
mask_necrosis__fla__Baseline__original_glcm_JointEnergy,0.005200621635605
mask_necrosis__fla__Baseline__original_glcm_JointEntropy,7.655075063485101
mask_necrosis__fla__Baseline__original_glcm_MCC,0.9669418128173476
mask_necrosis__fla__Baseline__original_glcm_MaximumProbability,0.0118832063646793
mask_necrosis__fla__Baseline__original_glcm_SumAverage,78.96170145946266
mask_necrosis__fla__Baseline__original_glcm_SumEntropy,6.0720322462805125
mask_necrosis__fla__Baseline__original_glcm_SumSquares,367.4085326665347
mask_necrosis__fla__Baseline__original_glrlm_GrayLevelNonUniformity,3.7792567336933303
mask_necrosis__fla__Baseline__original_glrlm_GrayLevelNonUniformityNormalized,0.020791453253536
mask_necrosis__fla__Baseline__original_glrlm_GrayLevelVariance,377.99533518695296
mask_necrosis__fla__Baseline__original_glrlm_HighGrayLevelRunEmphasis,2129.073263959059
mask_necrosis__fla__Baseline__original_glrlm_LongRunEmphasis,1.0543773673704626
mask_necrosis__fla__Baseline__original_glrlm_LongRunHighGrayLevelEmphasis,2229.2256259660744
mask_necrosis__fla__Baseline__original_glrlm_LongRunLowGrayLevelEmphasis,0.0088715750322792
mask_necrosis__fla__Baseline__original_glrlm_LowGrayLevelRunEmphasis,0.0087654230094412
mask_necrosis__fla__Baseline__original_glrlm_RunEntropy,5.867898439486084
mask_necrosis__fla__Baseline__original_glrlm_RunLengthNonUniformity,175.59087246002088
mask_necrosis__fla__Baseline__original_glrlm_RunLengthNonUniformityNormalized,0.965888265716498
mask_necrosis__fla__Baseline__original_glrlm_RunPercentage,0.9825363825363824
mask_necrosis__fla__Baseline__original_glrlm_RunVariance,0.0183094283953123
mask_necrosis__fla__Baseline__original_glrlm_ShortRunEmphasis,0.9868804919655516
mask_necrosis__fla__Baseline__original_glrlm_ShortRunHighGrayLevelEmphasis,2105.524252279717
mask_necrosis__fla__Baseline__original_glrlm_ShortRunLowGrayLevelEmphasis,0.0087390364175736
mask_necrosis__fla__Baseline__original_glszm_GrayLevelNonUniformity,2.820689655172414
mask_necrosis__fla__Baseline__original_glszm_GrayLevelNonUniformityNormalized,0.0194530321046373
mask_necrosis__fla__Baseline__original_glszm_GrayLevelVariance,391.2858026159335
mask_necrosis__fla__Baseline__original_glszm_HighGrayLevelZoneEmphasis,2211.3379310344826
mask_necrosis__fla__Baseline__original_glszm_LargeAreaEmphasis,1.9793103448275864
mask_necrosis__fla__Baseline__original_glszm_LargeAreaHighGrayLevelEmphasis,3930.0827586206897
mask_necrosis__fla__Baseline__original_glszm_LargeAreaLowGrayLevelEmphasis,0.0124772026399205
mask_necrosis__fla__Baseline__original_glszm_LowGrayLevelZoneEmphasis,0.0104674748471747
mask_necrosis__fla__Baseline__original_glszm_SizeZoneNonUniformity,93.8
mask_necrosis__fla__Baseline__original_glszm_SizeZoneNonUniformityNormalized,0.646896551724138
mask_necrosis__fla__Baseline__original_glszm_SmallAreaEmphasis,0.83227969348659
mask_necrosis__fla__Baseline__original_glszm_SmallAreaHighGrayLevelEmphasis,1901.2039272030647
mask_necrosis__fla__Baseline__original_glszm_SmallAreaLowGrayLevelEmphasis,0.0101170219184025
mask_necrosis__fla__Baseline__original_glszm_ZoneEntropy,6.275367603835103
mask_necrosis__fla__Baseline__original_glszm_ZonePercentage,0.7837837837837838
mask_necrosis__fla__Baseline__original_glszm_ZoneVariance,0.3514863258026159
mask_necrosis__fla__Baseline__original_gldm_DependenceEntropy,6.381823133487102
mask_necrosis__fla__Baseline__original_gldm_DependenceNonUniformity,89.72432432432433
mask_necrosis__fla__Baseline__original_gldm_DependenceNonUniformityNormalized,0.4849963476990504
mask_necrosis__fla__Baseline__original_gldm_DependenceVariance,0.3992403214024836
mask_necrosis__fla__Baseline__original_gldm_GrayLevelNonUniformity,3.864864864864865
mask_necrosis__fla__Baseline__original_gldm_GrayLevelVariance,376.88753834916
mask_necrosis__fla__Baseline__original_gldm_HighGrayLevelEmphasis,2123.675675675676
mask_necrosis__fla__Baseline__original_gldm_LargeDependenceEmphasis,2.5135135135135136
mask_necrosis__fla__Baseline__original_gldm_LargeDependenceHighGrayLevelEmphasis,4870.097297297298
mask_necrosis__fla__Baseline__original_gldm_LargeDependenceLowGrayLevelEmphasis,0.011546329353149
mask_necrosis__fla__Baseline__original_gldm_LowGrayLevelEmphasis,0.0086464557135161
mask_necrosis__fla__Baseline__original_gldm_SmallDependenceEmphasis,0.7028903903903905
mask_necrosis__fla__Baseline__original_gldm_SmallDependenceHighGrayLevelEmphasis,1581.2851726726726
mask_necrosis__fla__Baseline__original_gldm_SmallDependenceLowGrayLevelEmphasis,0.0080355028050813
mask_necrosis__fla__Baseline__original_ngtdm_Busyness,0.007898743536883
mask_necrosis__fla__Baseline__original_ngtdm_Coarseness,0.0510956896522238
mask_necrosis__fla__Baseline__original_ngtdm_Complexity,11600.598308641613
mask_necrosis__fla__Baseline__original_ngtdm_Contrast,0.9042587267541766
mask_necrosis__fla__Baseline__original_ngtdm_Strength,122.04775328688898
mask_all__fla__Baseline__original_shape_Elongation,0.6495439004517064
mask_all__fla__Baseline__original_shape_Flatness,0.4582727210470134
mask_all__fla__Baseline__original_shape_LeastAxisLength,20.862407272662328
mask_all__fla__Baseline__original_shape_MajorAxisLength,45.52399982481632
mask_all__fla__Baseline__original_shape_Maximum2DDiameterColumn,46.09772228646444
mask_all__fla__Baseline__original_shape_Maximum2DDiameterRow,49.03060268852505
mask_all__fla__Baseline__original_shape_Maximum2DDiameterSlice,34.36568055487916
mask_all__fla__Baseline__original_shape_Maximum3DDiameter,49.4064773081425
mask_all__fla__Baseline__original_shape_MeshVolume,14771.041666666666
mask_all__fla__Baseline__original_shape_MinorAxisLength,29.56983641037399
mask_all__fla__Baseline__original_shape_Sphericity,0.6456579297217899
mask_all__fla__Baseline__original_shape_SurfaceArea,4509.091525812496
mask_all__fla__Baseline__original_shape_SurfaceVolumeRatio,0.3052656425706264
mask_all__fla__Baseline__original_shape_VoxelVolume,14815.0
mask_all__fla__Baseline__original_firstorder_10Percentile,764.1357800266741
mask_all__fla__Baseline__original_firstorder_90Percentile,1024.0
mask_all__fla__Baseline__original_firstorder_Energy,12694192744.688356
mask_all__fla__Baseline__original_firstorder_Entropy,4.9261197621647606
mask_all__fla__Baseline__original_firstorder_InterquartileRange,190.59955744641368
mask_all__fla__Baseline__original_firstorder_Kurtosis,5.433570597575312
mask_all__fla__Baseline__original_firstorder_MeanAbsoluteDeviation,95.40765049608336
mask_all__fla__Baseline__original_firstorder_Mean,918.6695138356788
mask_all__fla__Baseline__original_firstorder_Median,948.3878268957956
mask_all__fla__Baseline__original_firstorder_Range,886.9610245331212
mask_all__fla__Baseline__original_firstorder_RobustMeanAbsoluteDeviation,77.22874549576657
mask_all__fla__Baseline__original_firstorder_RootMeanSquared,925.6604667345464
mask_all__fla__Baseline__original_firstorder_Skewness,-1.172440001261308
mask_all__fla__Baseline__original_firstorder_TotalEnergy,12694192744.688356
mask_all__fla__Baseline__original_firstorder_Uniformity,0.1311039324124547
mask_all__fla__Baseline__original_firstorder_Variance,12893.624024135568
mask_all__fla__Baseline__original_glcm_Autocorrelation,25740.792266783657
mask_all__fla__Baseline__original_glcm_ClusterProminence,16551607.248474091
mask_all__fla__Baseline__original_glcm_ClusterShade,-89315.93149616088
mask_all__fla__Baseline__original_glcm_ClusterTendency,1691.466842659749
mask_all__fla__Baseline__original_glcm_Contrast,177.3012614972243
mask_all__fla__Baseline__original_glcm_Correlation,0.8094010329487341
mask_all__fla__Baseline__original_glcm_DifferenceAverage,8.501320560505615
mask_all__fla__Baseline__original_glcm_DifferenceEntropy,4.250104834440013
mask_all__fla__Baseline__original_glcm_DifferenceVariance,101.99347647820902
mask_all__fla__Baseline__original_glcm_Id,0.4194129468324504
mask_all__fla__Baseline__original_glcm_Idm,0.3669899904289401
mask_all__fla__Baseline__original_glcm_Idmn,0.9945602004289784
mask_all__fla__Baseline__original_glcm_Idn,0.9570994863912354
mask_all__fla__Baseline__original_glcm_Imc1,-0.1995652761166583
mask_all__fla__Baseline__original_glcm_Imc2,0.914203785206711
mask_all__fla__Baseline__original_glcm_InverseVariance,0.0635821325117281
mask_all__fla__Baseline__original_glcm_JointAverage,159.25481004031124
mask_all__fla__Baseline__original_glcm_JointEnergy,0.0971286650120864
mask_all__fla__Baseline__original_glcm_JointEntropy,8.519795267726108
mask_all__fla__Baseline__original_glcm_MCC,0.912982407352762
mask_all__fla__Baseline__original_glcm_MaximumProbability,0.3105443347644164
mask_all__fla__Baseline__original_glcm_SumAverage,318.5096200806225
mask_all__fla__Baseline__original_glcm_SumEntropy,5.732003208568374
mask_all__fla__Baseline__original_glcm_SumSquares,467.1920260392433
mask_all__fla__Baseline__original_glrlm_GrayLevelNonUniformity,245.7964612139312
mask_all__fla__Baseline__original_glrlm_GrayLevelNonUniformityNormalized,0.0234184914948336
mask_all__fla__Baseline__original_glrlm_GrayLevelVariance,477.105692827774
mask_all__fla__Baseline__original_glrlm_HighGrayLevelRunEmphasis,22688.851133910557
mask_all__fla__Baseline__original_glrlm_LongRunEmphasis,4.8629104933685765
mask_all__fla__Baseline__original_glrlm_LongRunHighGrayLevelEmphasis,144453.84699555792
mask_all__fla__Baseline__original_glrlm_LongRunLowGrayLevelEmphasis,0.0003014964803012
mask_all__fla__Baseline__original_glrlm_LowGrayLevelRunEmphasis,0.0001778136509854
mask_all__fla__Baseline__original_glrlm_RunEntropy,6.484587989669796
mask_all__fla__Baseline__original_glrlm_RunLengthNonUniformity,8335.08187632016
mask_all__fla__Baseline__original_glrlm_RunLengthNonUniformityNormalized,0.7981608043654188
mask_all__fla__Baseline__original_glrlm_RunPercentage,0.7053609906799243
mask_all__fla__Baseline__original_glrlm_RunVariance,2.847983982573808
mask_all__fla__Baseline__original_glrlm_ShortRunEmphasis,0.9042011199912068
mask_all__fla__Baseline__original_glrlm_ShortRunHighGrayLevelEmphasis,19799.39235548144
mask_all__fla__Baseline__original_glrlm_ShortRunLowGrayLevelEmphasis,0.0001743687462306
mask_all__fla__Baseline__original_glszm_GrayLevelNonUniformity,107.07627959733446
mask_all__fla__Baseline__original_glszm_GrayLevelNonUniformityNormalized,0.0151816644828207
mask_all__fla__Baseline__original_glszm_GrayLevelVariance,450.9464070914415
mask_all__fla__Baseline__original_glszm_HighGrayLevelZoneEmphasis,21546.6039982986
mask_all__fla__Baseline__original_glszm_LargeAreaEmphasis,3882.255352332341
mask_all__fla__Baseline__original_glszm_LargeAreaHighGrayLevelEmphasis,122979965.81667376
mask_all__fla__Baseline__original_glszm_LargeAreaLowGrayLevelEmphasis,0.1227765286376287
mask_all__fla__Baseline__original_glszm_LowGrayLevelZoneEmphasis,0.0002387654771363
mask_all__fla__Baseline__original_glszm_SizeZoneNonUniformity,4398.60527435134
mask_all__fla__Baseline__original_glszm_SizeZoneNonUniformityNormalized,0.6236502586631703
mask_all__fla__Baseline__original_glszm_SmallAreaEmphasis,0.8178370709415393
mask_all__fla__Baseline__original_glszm_SmallAreaHighGrayLevelEmphasis,17540.48822908276
mask_all__fla__Baseline__original_glszm_SmallAreaLowGrayLevelEmphasis,0.0002268585964804
mask_all__fla__Baseline__original_glszm_ZoneEntropy,7.249743352783032
mask_all__fla__Baseline__original_glszm_ZonePercentage,0.4760715491056362
mask_all__fla__Baseline__original_glszm_ZoneVariance,3877.8431487394
mask_all__fla__Baseline__original_gldm_DependenceEntropy,7.143772928583365
mask_all__fla__Baseline__original_gldm_DependenceNonUniformity,2898.1859601754977
mask_all__fla__Baseline__original_gldm_DependenceNonUniformityNormalized,0.1956251069980086
mask_all__fla__Baseline__original_gldm_DependenceVariance,102.01279570775532
mask_all__fla__Baseline__original_gldm_GrayLevelNonUniformity,1942.3047586905163
mask_all__fla__Baseline__original_gldm_GrayLevelVariance,511.4206061688489
mask_all__fla__Baseline__original_gldm_HighGrayLevelEmphasis,25201.85251434357
mask_all__fla__Baseline__original_gldm_LargeDependenceEmphasis,177.01903476206547
mask_all__fla__Baseline__original_gldm_LargeDependenceHighGrayLevelEmphasis,5588675.219912251
mask_all__fla__Baseline__original_gldm_LargeDependenceLowGrayLevelEmphasis,0.0057256588559067
mask_all__fla__Baseline__original_gldm_LowGrayLevelEmphasis,0.000135042358448
mask_all__fla__Baseline__original_gldm_SmallDependenceEmphasis,0.4268271429070198
mask_all__fla__Baseline__original_gldm_SmallDependenceHighGrayLevelEmphasis,9184.258516908683
mask_all__fla__Baseline__original_gldm_SmallDependenceLowGrayLevelEmphasis,0.0001102881084419
mask_all__fla__Baseline__original_ngtdm_Busyness,0.142935246803728
mask_all__fla__Baseline__original_ngtdm_Coarseness,0.0001982806345556
mask_all__fla__Baseline__original_ngtdm_Complexity,74811.46895855774
mask_all__fla__Baseline__original_ngtdm_Contrast,0.2389361507566036
mask_all__fla__Baseline__original_ngtdm_Strength,22.741370275628345
mask_tumor__fla__Baseline__original_shape_Elongation,0.7787758267859902
mask_tumor__fla__Baseline__original_shape_Flatness,0.703604628288376
mask_tumor__fla__Baseline__original_shape_LeastAxisLength,12.9203946866658
mask_tumor__fla__Baseline__original_shape_MajorAxisLength,18.36314624321987
mask_tumor__fla__Baseline__original_shape_Maximum2DDiameterColumn,20.12461179749811
mask_tumor__fla__Baseline__original_shape_Maximum2DDiameterRow,20.808652046684813
mask_tumor__fla__Baseline__original_shape_Maximum2DDiameterSlice,18.35755975068582
mask_tumor__fla__Baseline__original_shape_Maximum3DDiameter,21.02379604162864
mask_tumor__fla__Baseline__original_shape_MeshVolume,1985.4166666666667
mask_tumor__fla__Baseline__original_shape_MinorAxisLength,14.3007743979556
mask_tumor__fla__Baseline__original_shape_Sphericity,0.5894202879609091
mask_tumor__fla__Baseline__original_shape_SurfaceArea,1296.0651103914508
mask_tumor__fla__Baseline__original_shape_SurfaceVolumeRatio,0.6527925005119585
mask_tumor__fla__Baseline__original_shape_VoxelVolume,1997.0
mask_tumor__fla__Baseline__original_firstorder_10Percentile,666.071512681847
mask_tumor__fla__Baseline__original_firstorder_90Percentile,968.4444467557886
mask_tumor__fla__Baseline__original_firstorder_Energy,1346659315.8436046
mask_tumor__fla__Baseline__original_firstorder_Entropy,6.4377296433595
mask_tumor__fla__Baseline__original_firstorder_InterquartileRange,143.3027023373353
mask_tumor__fla__Baseline__original_firstorder_Kurtosis,6.443282938458398
mask_tumor__fla__Baseline__original_firstorder_MeanAbsoluteDeviation,99.047691747768
mask_tumor__fla__Baseline__original_firstorder_Mean,809.3687572283806
mask_tumor__fla__Baseline__original_firstorder_Median,824.4136684061293
mask_tumor__fla__Baseline__original_firstorder_Range,886.9610245331212
mask_tumor__fla__Baseline__original_firstorder_RobustMeanAbsoluteDeviation,60.44898518559277
mask_tumor__fla__Baseline__original_firstorder_RootMeanSquared,821.1827870068373
mask_tumor__fla__Baseline__original_firstorder_Skewness,-1.3910123498239677
mask_tumor__fla__Baseline__original_firstorder_TotalEnergy,1346659315.8436046
mask_tumor__fla__Baseline__original_firstorder_Uniformity,0.0146180713233094
mask_tumor__fla__Baseline__original_firstorder_Variance,19263.38449890334
mask_tumor__fla__Baseline__original_glcm_Autocorrelation,18818.59459150597
mask_tumor__fla__Baseline__original_glcm_ClusterProminence,41133441.92651378
mask_tumor__fla__Baseline__original_glcm_ClusterShade,-174294.13300951396
mask_tumor__fla__Baseline__original_glcm_ClusterTendency,2488.090914090488
mask_tumor__fla__Baseline__original_glcm_Contrast,245.40984048573316
mask_tumor__fla__Baseline__original_glcm_Correlation,0.8189792222469422
mask_tumor__fla__Baseline__original_glcm_DifferenceAverage,11.377855452044884
mask_tumor__fla__Baseline__original_glcm_DifferenceEntropy,4.908615488537029
mask_tumor__fla__Baseline__original_glcm_DifferenceVariance,110.8880951621396
mask_tumor__fla__Baseline__original_glcm_Id,0.1833009106356777
mask_tumor__fla__Baseline__original_glcm_Idm,0.1055981429584624
mask_tumor__fla__Baseline__original_glcm_Idmn,0.992553166064262
mask_tumor__fla__Baseline__original_glcm_Idn,0.9426923686610582
mask_tumor__fla__Baseline__original_glcm_Imc1,-0.3289388171132303
mask_tumor__fla__Baseline__original_glcm_Imc2,0.9922345309878088
mask_tumor__fla__Baseline__original_glcm_InverseVariance,0.0980055769275679
mask_tumor__fla__Baseline__original_glcm_JointAverage,135.12129186447876
mask_tumor__fla__Baseline__original_glcm_JointEnergy,0.0008982374133096
mask_tumor__fla__Baseline__original_glcm_JointEntropy,10.660396784499945
mask_tumor__fla__Baseline__original_glcm_MCC,0.9167614118850343
mask_tumor__fla__Baseline__original_glcm_MaximumProbability,0.0123561659986736
mask_tumor__fla__Baseline__original_glcm_SumAverage,270.24258372895736
mask_tumor__fla__Baseline__original_glcm_SumEntropy,7.270020710995784
mask_tumor__fla__Baseline__original_glcm_SumSquares,683.3751886440562
mask_tumor__fla__Baseline__original_glrlm_GrayLevelNonUniformity,27.200591449878825
mask_tumor__fla__Baseline__original_glrlm_GrayLevelNonUniformityNormalized,0.0141119530179218
mask_tumor__fla__Baseline__original_glrlm_GrayLevelVariance,770.0158514735753
mask_tumor__fla__Baseline__original_glrlm_HighGrayLevelRunEmphasis,18951.49549697848
mask_tumor__fla__Baseline__original_glrlm_LongRunEmphasis,1.1200087474668972
mask_tumor__fla__Baseline__original_glrlm_LongRunHighGrayLevelEmphasis,21771.836425769707
mask_tumor__fla__Baseline__original_glrlm_LongRunLowGrayLevelEmphasis,0.0007724681732013
mask_tumor__fla__Baseline__original_glrlm_LowGrayLevelRunEmphasis,0.0007633097654204
mask_tumor__fla__Baseline__original_glrlm_RunEntropy,6.63037563453163
mask_tumor__fla__Baseline__original_glrlm_RunLengthNonUniformity,1806.810857887728
mask_tumor__fla__Baseline__original_glrlm_RunLengthNonUniformityNormalized,0.9373214072946872
mask_tumor__fla__Baseline__original_glrlm_RunPercentage,0.9650244597665728
mask_tumor__fla__Baseline__original_glrlm_RunVariance,0.0456711036091917
mask_tumor__fla__Baseline__original_glrlm_ShortRunEmphasis,0.9752567364603072
mask_tumor__fla__Baseline__original_glrlm_ShortRunHighGrayLevelEmphasis,18398.948851884
mask_tumor__fla__Baseline__original_glrlm_ShortRunLowGrayLevelEmphasis,0.0007612137959327
mask_tumor__fla__Baseline__original_glszm_GrayLevelNonUniformity,16.781710914454276
mask_tumor__fla__Baseline__original_glszm_GrayLevelNonUniformityNormalized,0.0123758930047597
mask_tumor__fla__Baseline__original_glszm_GrayLevelVariance,878.2183951366592
mask_tumor__fla__Baseline__original_glszm_HighGrayLevelZoneEmphasis,18233.949115044248
mask_tumor__fla__Baseline__original_glszm_LargeAreaEmphasis,4.204277286135693
mask_tumor__fla__Baseline__original_glszm_LargeAreaHighGrayLevelEmphasis,96392.3244837758
mask_tumor__fla__Baseline__original_glszm_LargeAreaLowGrayLevelEmphasis,0.0012511967429244
mask_tumor__fla__Baseline__original_glszm_LowGrayLevelZoneEmphasis,0.0010430185862182
mask_tumor__fla__Baseline__original_glszm_SizeZoneNonUniformity,797.1032448377581
mask_tumor__fla__Baseline__original_glszm_SizeZoneNonUniformityNormalized,0.5878342513552789
mask_tumor__fla__Baseline__original_glszm_SmallAreaEmphasis,0.7951697442913416
mask_tumor__fla__Baseline__original_glszm_SmallAreaHighGrayLevelEmphasis,14214.687593036322
mask_tumor__fla__Baseline__original_glszm_SmallAreaLowGrayLevelEmphasis,0.0010158557474788
mask_tumor__fla__Baseline__original_glszm_ZoneEntropy,7.574164624372038
mask_tumor__fla__Baseline__original_glszm_ZonePercentage,0.6790185277916875
mask_tumor__fla__Baseline__original_glszm_ZoneVariance,2.035391160014271
mask_tumor__fla__Baseline__original_gldm_DependenceEntropy,7.864450178993197
mask_tumor__fla__Baseline__original_gldm_DependenceNonUniformity,727.6659989984978
mask_tumor__fla__Baseline__original_gldm_DependenceNonUniformityNormalized,0.3643795688525276
mask_tumor__fla__Baseline__original_gldm_DependenceVariance,2.456982920550079
mask_tumor__fla__Baseline__original_gldm_GrayLevelNonUniformity,29.19228843264897
mask_tumor__fla__Baseline__original_gldm_GrayLevelVariance,769.3047417897001
mask_tumor__fla__Baseline__original_gldm_HighGrayLevelEmphasis,19091.37406109164
mask_tumor__fla__Baseline__original_gldm_LargeDependenceEmphasis,6.102653980971457
mask_tumor__fla__Baseline__original_gldm_LargeDependenceHighGrayLevelEmphasis,150392.1161742614
mask_tumor__fla__Baseline__original_gldm_LargeDependenceLowGrayLevelEmphasis,0.0010430164719081
mask_tumor__fla__Baseline__original_gldm_LowGrayLevelEmphasis,0.000739309986556
mask_tumor__fla__Baseline__original_gldm_SmallDependenceEmphasis,0.5990999320588708
mask_tumor__fla__Baseline__original_gldm_SmallDependenceHighGrayLevelEmphasis,10818.5857379832
mask_tumor__fla__Baseline__original_gldm_SmallDependenceLowGrayLevelEmphasis,0.0006966121744824
mask_tumor__fla__Baseline__original_ngtdm_Busyness,0.0065269340856529
mask_tumor__fla__Baseline__original_ngtdm_Coarseness,0.0063056483952172
mask_tumor__fla__Baseline__original_ngtdm_Complexity,70877.91359201467
mask_tumor__fla__Baseline__original_ngtdm_Contrast,0.4507673403840888
mask_tumor__fla__Baseline__original_ngtdm_Strength,95.36416779848533
mask_oedema__fla__Baseline__original_shape_Elongation,0.7143288411535688
mask_oedema__fla__Baseline__original_shape_Flatness,0.4650663892597026
mask_oedema__fla__Baseline__original_shape_LeastAxisLength,20.53558128028395
mask_oedema__fla__Baseline__original_shape_MajorAxisLength,44.15623608700834
mask_oedema__fla__Baseline__original_shape_Maximum2DDiameterColumn,46.09772228646444
mask_oedema__fla__Baseline__original_shape_Maximum2DDiameterRow,49.03060268852505
mask_oedema__fla__Baseline__original_shape_Maximum2DDiameterSlice,34.36568055487916
mask_oedema__fla__Baseline__original_shape_Maximum3DDiameter,49.4064773081425
mask_oedema__fla__Baseline__original_shape_MeshVolume,12564.125
mask_oedema__fla__Baseline__original_shape_MinorAxisLength,31.54207295373606
mask_oedema__fla__Baseline__original_shape_Sphericity,0.530530810623035
mask_oedema__fla__Baseline__original_shape_SurfaceArea,4926.384965632538
mask_oedema__fla__Baseline__original_shape_SurfaceVolumeRatio,0.3920993276995046
mask_oedema__fla__Baseline__original_shape_VoxelVolume,12633.0
mask_oedema__fla__Baseline__original_firstorder_10Percentile,781.7243889968952
mask_oedema__fla__Baseline__original_firstorder_90Percentile,1024.0
mask_oedema__fla__Baseline__original_firstorder_Energy,11226928754.573008
mask_oedema__fla__Baseline__original_firstorder_Entropy,4.511375461972577
mask_oedema__fla__Baseline__original_firstorder_InterquartileRange,165.474819819378
mask_oedema__fla__Baseline__original_firstorder_Kurtosis,2.2111580589668485
mask_oedema__fla__Baseline__original_firstorder_MeanAbsoluteDeviation,85.28498666181923
mask_oedema__fla__Baseline__original_firstorder_Mean,937.662774220987
mask_oedema__fla__Baseline__original_firstorder_Median,978.6971027696678
mask_oedema__fla__Baseline__original_firstorder_Range,375.2035041127583
mask_oedema__fla__Baseline__original_firstorder_RobustMeanAbsoluteDeviation,68.497398777455
mask_oedema__fla__Baseline__original_firstorder_RootMeanSquared,942.7080925806604
mask_oedema__fla__Baseline__original_firstorder_Skewness,-0.7539456127033151
mask_oedema__fla__Baseline__original_firstorder_TotalEnergy,11226928754.573008
mask_oedema__fla__Baseline__original_firstorder_Uniformity,0.1719033194559432
mask_oedema__fla__Baseline__original_firstorder_Variance,9487.069657269409
mask_oedema__fla__Baseline__original_glcm_Autocorrelation,4020.8313898369047
mask_oedema__fla__Baseline__original_glcm_ClusterProminence,3523350.6079348368
mask_oedema__fla__Baseline__original_glcm_ClusterShade,-36289.99621215217
mask_oedema__fla__Baseline__original_glcm_ClusterTendency,1152.0898351323992
mask_oedema__fla__Baseline__original_glcm_Contrast,164.077441841527
mask_oedema__fla__Baseline__original_glcm_Correlation,0.748763223123201
mask_oedema__fla__Baseline__original_glcm_DifferenceAverage,7.893718117356984
mask_oedema__fla__Baseline__original_glcm_DifferenceEntropy,4.022502627209652
mask_oedema__fla__Baseline__original_glcm_DifferenceVariance,99.00146910395831
mask_oedema__fla__Baseline__original_glcm_Id,0.466743004757946
mask_oedema__fla__Baseline__original_glcm_Idm,0.4191035229142811
mask_oedema__fla__Baseline__original_glcm_Idmn,0.9750405204786534
mask_oedema__fla__Baseline__original_glcm_Idn,0.9173499735190548
mask_oedema__fla__Baseline__original_glcm_Imc1,-0.1811670717599882
mask_oedema__fla__Baseline__original_glcm_Imc2,0.8755527124097988
mask_oedema__fla__Baseline__original_glcm_InverseVariance,0.0575815486874687
mask_oedema__fla__Baseline__original_glcm_JointAverage,61.429555791031234
mask_oedema__fla__Baseline__original_glcm_JointEnergy,0.1369917948710989
mask_oedema__fla__Baseline__original_glcm_JointEntropy,7.699692489488696
mask_oedema__fla__Baseline__original_glcm_MCC,0.7750867027988299
mask_oedema__fla__Baseline__original_glcm_MaximumProbability,0.3690607767199661
mask_oedema__fla__Baseline__original_glcm_SumAverage,122.85911158206244
mask_oedema__fla__Baseline__original_glcm_SumEntropy,5.224928952362371
mask_oedema__fla__Baseline__original_glcm_SumSquares,329.04181924348137
mask_oedema__fla__Baseline__original_glrlm_GrayLevelNonUniformity,248.9059843317131
mask_oedema__fla__Baseline__original_glrlm_GrayLevelNonUniformityNormalized,0.0294194097678899
mask_oedema__fla__Baseline__original_glrlm_GrayLevelVariance,348.6814733789727
mask_oedema__fla__Baseline__original_glrlm_HighGrayLevelRunEmphasis,2929.443008635636
mask_oedema__fla__Baseline__original_glrlm_LongRunEmphasis,5.68907758147195
mask_oedema__fla__Baseline__original_glrlm_LongRunHighGrayLevelEmphasis,29839.75565679061
mask_oedema__fla__Baseline__original_glrlm_LongRunLowGrayLevelEmphasis,0.0018514920870259
mask_oedema__fla__Baseline__original_glrlm_LowGrayLevelRunEmphasis,0.0009981241569788
mask_oedema__fla__Baseline__original_glrlm_RunEntropy,6.2932963467380265
mask_oedema__fla__Baseline__original_glrlm_RunLengthNonUniformity,6450.500623688091
mask_oedema__fla__Baseline__original_glrlm_RunLengthNonUniformityNormalized,0.7680328749206748
mask_oedema__fla__Baseline__original_glrlm_RunPercentage,0.6655401908310956
mask_oedema__fla__Baseline__original_glrlm_RunVariance,3.4235400767568125
mask_oedema__fla__Baseline__original_glrlm_ShortRunEmphasis,0.8878981191213088
mask_oedema__fla__Baseline__original_glrlm_ShortRunHighGrayLevelEmphasis,2322.3911264703875
mask_oedema__fla__Baseline__original_glrlm_ShortRunLowGrayLevelEmphasis,0.0009690455104378
mask_oedema__fla__Baseline__original_glszm_GrayLevelNonUniformity,94.46715841236389
mask_oedema__fla__Baseline__original_glszm_GrayLevelNonUniformityNormalized,0.016590649527988
mask_oedema__fla__Baseline__original_glszm_GrayLevelVariance,289.21067598192764
mask_oedema__fla__Baseline__original_glszm_HighGrayLevelZoneEmphasis,2478.9378292939937
mask_oedema__fla__Baseline__original_glszm_LargeAreaEmphasis,4656.652792413066
mask_oedema__fla__Baseline__original_glszm_LargeAreaHighGrayLevelEmphasis,26889519.561116964
mask_oedema__fla__Baseline__original_glszm_LargeAreaLowGrayLevelEmphasis,0.8081461122676252
mask_oedema__fla__Baseline__original_glszm_LowGrayLevelZoneEmphasis,0.001183813131679
mask_oedema__fla__Baseline__original_glszm_SizeZoneNonUniformity,3681.900948366702
mask_oedema__fla__Baseline__original_glszm_SizeZoneNonUniformityNormalized,0.6466281960601865
mask_oedema__fla__Baseline__original_glszm_SmallAreaEmphasis,0.8317880044439845
mask_oedema__fla__Baseline__original_glszm_SmallAreaHighGrayLevelEmphasis,2038.3659673728048
mask_oedema__fla__Baseline__original_glszm_SmallAreaLowGrayLevelEmphasis,0.0010359797274754
mask_oedema__fla__Baseline__original_glszm_ZoneEntropy,6.948377389234403
mask_oedema__fla__Baseline__original_glszm_ZonePercentage,0.4507242935169793
mask_oedema__fla__Baseline__original_glszm_ZoneVariance,4651.730379213437
mask_oedema__fla__Baseline__original_gldm_DependenceEntropy,6.802133748404827
mask_oedema__fla__Baseline__original_gldm_DependenceNonUniformity,2296.8687564315683
mask_oedema__fla__Baseline__original_gldm_DependenceNonUniformityNormalized,0.1818149890312331
mask_oedema__fla__Baseline__original_gldm_DependenceVariance,108.9970049317234
mask_oedema__fla__Baseline__original_gldm_GrayLevelNonUniformity,2171.654634686931
mask_oedema__fla__Baseline__original_gldm_GrayLevelVariance,375.3958450690683
mask_oedema__fla__Baseline__original_gldm_HighGrayLevelEmphasis,3846.427214438376
mask_oedema__fla__Baseline__original_gldm_LargeDependenceEmphasis,203.0085490382332
mask_oedema__fla__Baseline__original_gldm_LargeDependenceHighGrayLevelEmphasis,1167258.4633103777
mask_oedema__fla__Baseline__original_gldm_LargeDependenceLowGrayLevelEmphasis,0.0365238572719472
mask_oedema__fla__Baseline__original_gldm_LowGrayLevelEmphasis,0.0007304738511069
mask_oedema__fla__Baseline__original_gldm_SmallDependenceEmphasis,0.4071786296336898
mask_oedema__fla__Baseline__original_gldm_SmallDependenceHighGrayLevelEmphasis,1006.9309875827896
mask_oedema__fla__Baseline__original_gldm_SmallDependenceLowGrayLevelEmphasis,0.0004938869431522
mask_oedema__fla__Baseline__original_ngtdm_Busyness,0.8377794975287035
mask_oedema__fla__Baseline__original_ngtdm_Coarseness,0.0001886608791842
mask_oedema__fla__Baseline__original_ngtdm_Complexity,13762.353594386332
mask_oedema__fla__Baseline__original_ngtdm_Contrast,0.6540547046140166
mask_oedema__fla__Baseline__original_ngtdm_Strength,3.085638370092465
mask_necrosis__t1c__Baseline__original_shape_Elongation,0.6390911954127018
mask_necrosis__t1c__Baseline__original_shape_Flatness,0.4765471961812727
mask_necrosis__t1c__Baseline__original_shape_LeastAxisLength,5.156787667072688
mask_necrosis__t1c__Baseline__original_shape_MajorAxisLength,10.82114784935406
mask_necrosis__t1c__Baseline__original_shape_Maximum2DDiameterColumn,12.529964086141668
mask_necrosis__t1c__Baseline__original_shape_Maximum2DDiameterRow,10.44030650891055
mask_necrosis__t1c__Baseline__original_shape_Maximum2DDiameterSlice,7.615773105863909
mask_necrosis__t1c__Baseline__original_shape_Maximum3DDiameter,12.569805089976535
mask_necrosis__t1c__Baseline__original_shape_MeshVolume,174.0
mask_necrosis__t1c__Baseline__original_shape_MinorAxisLength,6.915700314781276
mask_necrosis__t1c__Baseline__original_shape_Sphericity,0.6695022709235626
mask_necrosis__t1c__Baseline__original_shape_SurfaceArea,225.12906563720705
mask_necrosis__t1c__Baseline__original_shape_SurfaceVolumeRatio,1.2938452048115343
mask_necrosis__t1c__Baseline__original_shape_VoxelVolume,185.0
mask_necrosis__t1c__Baseline__original_firstorder_10Percentile,347.1823768774837
mask_necrosis__t1c__Baseline__original_firstorder_90Percentile,546.2493184499664
mask_necrosis__t1c__Baseline__original_firstorder_Energy,38826762.64570743
mask_necrosis__t1c__Baseline__original_firstorder_Entropy,5.509669472306942
mask_necrosis__t1c__Baseline__original_firstorder_InterquartileRange,112.15505165957074
mask_necrosis__t1c__Baseline__original_firstorder_Kurtosis,2.106983814726474
mask_necrosis__t1c__Baseline__original_firstorder_MeanAbsoluteDeviation,60.77088556152115
mask_necrosis__t1c__Baseline__original_firstorder_Mean,452.2826622132909
mask_necrosis__t1c__Baseline__original_firstorder_Median,454.5973712357329
mask_necrosis__t1c__Baseline__original_firstorder_Range,297.19064098588234
mask_necrosis__t1c__Baseline__original_firstorder_RobustMeanAbsoluteDeviation,46.0891066032595
mask_necrosis__t1c__Baseline__original_firstorder_RootMeanSquared,458.1205001738076
mask_necrosis__t1c__Baseline__original_firstorder_Skewness,-0.2333251422370468
mask_necrosis__t1c__Baseline__original_firstorder_TotalEnergy,38826762.64570743
mask_necrosis__t1c__Baseline__original_firstorder_Uniformity,0.0258582907231555
mask_necrosis__t1c__Baseline__original_firstorder_Variance,5314.786140757761
mask_necrosis__t1c__Baseline__original_glcm_Autocorrelation,974.201673143616
mask_necrosis__t1c__Baseline__original_glcm_ClusterProminence,685013.6697453248
mask_necrosis__t1c__Baseline__original_glcm_ClusterShade,-1256.52682021704
mask_necrosis__t1c__Baseline__original_glcm_ClusterTendency,560.5967616167619
mask_necrosis__t1c__Baseline__original_glcm_Contrast,278.5731046117384
mask_necrosis__t1c__Baseline__original_glcm_Correlation,0.341617693642999
mask_necrosis__t1c__Baseline__original_glcm_DifferenceAverage,12.90066402409288
mask_necrosis__t1c__Baseline__original_glcm_DifferenceEntropy,4.728322917309846
mask_necrosis__t1c__Baseline__original_glcm_DifferenceVariance,105.08993357884611
mask_necrosis__t1c__Baseline__original_glcm_Id,0.1552010178594634
mask_necrosis__t1c__Baseline__original_glcm_Idm,0.0799512246648313
mask_necrosis__t1c__Baseline__original_glcm_Idmn,0.9393976890028448
mask_necrosis__t1c__Baseline__original_glcm_Idn,0.840430832623025
mask_necrosis__t1c__Baseline__original_glcm_Imc1,-0.6038383135196381
mask_necrosis__t1c__Baseline__original_glcm_Imc2,0.9992903909403608
mask_necrosis__t1c__Baseline__original_glcm_InverseVariance,0.0682565611209403
mask_necrosis__t1c__Baseline__original_glcm_JointAverage,30.053123968306
mask_necrosis__t1c__Baseline__original_glcm_JointEnergy,0.0052945220563716
mask_necrosis__t1c__Baseline__original_glcm_JointEntropy,7.627999340150788
mask_necrosis__t1c__Baseline__original_glcm_MCC,0.8917749655925158
mask_necrosis__t1c__Baseline__original_glcm_MaximumProbability,0.0109371868833857
mask_necrosis__t1c__Baseline__original_glcm_SumAverage,60.10624793661197
mask_necrosis__t1c__Baseline__original_glcm_SumEntropy,5.824751422644761
mask_necrosis__t1c__Baseline__original_glcm_SumSquares,209.79246655712507
mask_necrosis__t1c__Baseline__original_glrlm_GrayLevelNonUniformity,4.654040420179715
mask_necrosis__t1c__Baseline__original_glrlm_GrayLevelNonUniformityNormalized,0.0257015262726777
mask_necrosis__t1c__Baseline__original_glrlm_GrayLevelVariance,213.545988699645
mask_necrosis__t1c__Baseline__original_glrlm_HighGrayLevelRunEmphasis,1371.3613059478828
mask_necrosis__t1c__Baseline__original_glrlm_LongRunEmphasis,1.0656112370335569
mask_necrosis__t1c__Baseline__original_glrlm_LongRunHighGrayLevelEmphasis,1437.4454456938834
mask_necrosis__t1c__Baseline__original_glrlm_LongRunLowGrayLevelEmphasis,0.0097113159418873
mask_necrosis__t1c__Baseline__original_glrlm_LowGrayLevelRunEmphasis,0.0095271448904502
mask_necrosis__t1c__Baseline__original_glrlm_RunEntropy,5.583680611163972
mask_necrosis__t1c__Baseline__original_glrlm_RunLengthNonUniformity,173.4766679520874
mask_necrosis__t1c__Baseline__original_glrlm_RunLengthNonUniformityNormalized,0.957638436180697
mask_necrosis__t1c__Baseline__original_glrlm_RunPercentage,0.9787941787941788
mask_necrosis__t1c__Baseline__original_glrlm_RunVariance,0.0211807819096514
mask_necrosis__t1c__Baseline__original_glrlm_ShortRunEmphasis,0.9835971907416108
mask_necrosis__t1c__Baseline__original_glrlm_ShortRunHighGrayLevelEmphasis,1354.8402710113826
mask_necrosis__t1c__Baseline__original_glrlm_ShortRunLowGrayLevelEmphasis,0.0094811021275909
mask_necrosis__t1c__Baseline__original_glszm_GrayLevelNonUniformity,3.7832167832167833
mask_necrosis__t1c__Baseline__original_glszm_GrayLevelNonUniformityNormalized,0.0264560614210963
mask_necrosis__t1c__Baseline__original_glszm_GrayLevelVariance,211.24935204655483
mask_necrosis__t1c__Baseline__original_glszm_HighGrayLevelZoneEmphasis,1465.3006993006993
mask_necrosis__t1c__Baseline__original_glszm_LargeAreaEmphasis,2.3566433566433567
mask_necrosis__t1c__Baseline__original_glszm_LargeAreaHighGrayLevelEmphasis,2565.5804195804194
mask_necrosis__t1c__Baseline__original_glszm_LargeAreaLowGrayLevelEmphasis,0.0165450359215824
mask_necrosis__t1c__Baseline__original_glszm_LowGrayLevelZoneEmphasis,0.0113393148644807
mask_necrosis__t1c__Baseline__original_glszm_SizeZoneNonUniformity,96.23076923076924
mask_necrosis__t1c__Baseline__original_glszm_SizeZoneNonUniformityNormalized,0.6729424421732114
mask_necrosis__t1c__Baseline__original_glszm_SmallAreaEmphasis,0.8464457070707071
mask_necrosis__t1c__Baseline__original_glszm_SmallAreaHighGrayLevelEmphasis,1276.855996989122
mask_necrosis__t1c__Baseline__original_glszm_SmallAreaLowGrayLevelEmphasis,0.0110676487096247
mask_necrosis__t1c__Baseline__original_glszm_ZoneEntropy,5.846426302631503
mask_necrosis__t1c__Baseline__original_glszm_ZonePercentage,0.772972972972973
mask_necrosis__t1c__Baseline__original_glszm_ZoneVariance,0.6829673822680815
mask_necrosis__t1c__Baseline__original_gldm_DependenceEntropy,6.008695282873431
mask_necrosis__t1c__Baseline__original_gldm_DependenceNonUniformity,88.25405405405405
mask_necrosis__t1c__Baseline__original_gldm_DependenceNonUniformityNormalized,0.4770489408327246
mask_necrosis__t1c__Baseline__original_gldm_DependenceVariance,0.8419576333089848
mask_necrosis__t1c__Baseline__original_gldm_GrayLevelNonUniformity,4.783783783783784
mask_necrosis__t1c__Baseline__original_gldm_GrayLevelVariance,213.4411687363039
mask_necrosis__t1c__Baseline__original_gldm_HighGrayLevelEmphasis,1363.5675675675675
mask_necrosis__t1c__Baseline__original_gldm_LargeDependenceEmphasis,3.2486486486486488
mask_necrosis__t1c__Baseline__original_gldm_LargeDependenceHighGrayLevelEmphasis,3527.8702702702703
mask_necrosis__t1c__Baseline__original_gldm_LargeDependenceLowGrayLevelEmphasis,0.0162072779316435
mask_necrosis__t1c__Baseline__original_gldm_LowGrayLevelEmphasis,0.0093833182026768
mask_necrosis__t1c__Baseline__original_gldm_SmallDependenceEmphasis,0.7013348348348349
mask_necrosis__t1c__Baseline__original_gldm_SmallDependenceHighGrayLevelEmphasis,1037.4869804804805
mask_necrosis__t1c__Baseline__original_gldm_SmallDependenceLowGrayLevelEmphasis,0.0086670977722166
mask_necrosis__t1c__Baseline__original_ngtdm_Busyness,0.021444124593593
mask_necrosis__t1c__Baseline__original_ngtdm_Coarseness,0.025851847343687
mask_necrosis__t1c__Baseline__original_ngtdm_Complexity,11684.884524645126
mask_necrosis__t1c__Baseline__original_ngtdm_Contrast,1.202856662402528
mask_necrosis__t1c__Baseline__original_ngtdm_Strength,34.76266604713376
mask_all__t1c__Baseline__original_shape_Elongation,0.6495439004517064
mask_all__t1c__Baseline__original_shape_Flatness,0.4582727210470134
mask_all__t1c__Baseline__original_shape_LeastAxisLength,20.862407272662328
mask_all__t1c__Baseline__original_shape_MajorAxisLength,45.52399982481632
mask_all__t1c__Baseline__original_shape_Maximum2DDiameterColumn,46.09772228646444
mask_all__t1c__Baseline__original_shape_Maximum2DDiameterRow,49.03060268852505
mask_all__t1c__Baseline__original_shape_Maximum2DDiameterSlice,34.36568055487916
mask_all__t1c__Baseline__original_shape_Maximum3DDiameter,49.4064773081425
mask_all__t1c__Baseline__original_shape_MeshVolume,14771.041666666666
mask_all__t1c__Baseline__original_shape_MinorAxisLength,29.56983641037399
mask_all__t1c__Baseline__original_shape_Sphericity,0.6456579297217899
mask_all__t1c__Baseline__original_shape_SurfaceArea,4509.091525812496
mask_all__t1c__Baseline__original_shape_SurfaceVolumeRatio,0.3052656425706264
mask_all__t1c__Baseline__original_shape_VoxelVolume,14815.0
mask_all__t1c__Baseline__original_firstorder_10Percentile,473.69801196327865
mask_all__t1c__Baseline__original_firstorder_90Percentile,600.3711653651665
mask_all__t1c__Baseline__original_firstorder_Energy,4427894165.547827
mask_all__t1c__Baseline__original_firstorder_Entropy,5.4759388983465245
mask_all__t1c__Baseline__original_firstorder_InterquartileRange,61.622120955119726
mask_all__t1c__Baseline__original_firstorder_Kurtosis,12.890860249630782
mask_all__t1c__Baseline__original_firstorder_MeanAbsoluteDeviation,52.74489982500463
mask_all__t1c__Baseline__original_firstorder_Mean,539.6830315346922
mask_all__t1c__Baseline__original_firstorder_Median,521.8429107198995
mask_all__t1c__Baseline__original_firstorder_Range,734.4817613053885
mask_all__t1c__Baseline__original_firstorder_RobustMeanAbsoluteDeviation,25.909876398837405
mask_all__t1c__Baseline__original_firstorder_RootMeanSquared,546.6983813635046
mask_all__t1c__Baseline__original_firstorder_Skewness,2.8008194326812896
mask_all__t1c__Baseline__original_firstorder_TotalEnergy,4427894165.547827
mask_all__t1c__Baseline__original_firstorder_Uniformity,0.0311596015613422
mask_all__t1c__Baseline__original_firstorder_Variance,7621.345659000326
mask_all__t1c__Baseline__original_glcm_Autocorrelation,2909.5872338336894
mask_all__t1c__Baseline__original_glcm_ClusterProminence,18252871.67377089
mask_all__t1c__Baseline__original_glcm_ClusterShade,118873.69453458066
mask_all__t1c__Baseline__original_glcm_ClusterTendency,1210.333245765018
mask_all__t1c__Baseline__original_glcm_Contrast,101.79887996504873
mask_all__t1c__Baseline__original_glcm_Correlation,0.8453919224041841
mask_all__t1c__Baseline__original_glcm_DifferenceAverage,5.7461107105869145
mask_all__t1c__Baseline__original_glcm_DifferenceEntropy,3.926951856858888
mask_all__t1c__Baseline__original_glcm_DifferenceVariance,67.49060363088118
mask_all__t1c__Baseline__original_glcm_Id,0.3107411487301592
mask_all__t1c__Baseline__original_glcm_Idm,0.2253752191131566
mask_all__t1c__Baseline__original_glcm_Idmn,0.9957092426830272
mask_all__t1c__Baseline__original_glcm_Idn,0.9649561842036646
mask_all__t1c__Baseline__original_glcm_Imc1,-0.2138089374520326
mask_all__t1c__Baseline__original_glcm_Imc2,0.9442882128462357
mask_all__t1c__Baseline__original_glcm_InverseVariance,0.2305673763405018
mask_all__t1c__Baseline__original_glcm_JointAverage,51.307377639213286
mask_all__t1c__Baseline__original_glcm_JointEnergy,0.0021707359149532
mask_all__t1c__Baseline__original_glcm_JointEntropy,9.790931210680828
mask_all__t1c__Baseline__original_glcm_MCC,0.8720561630465493
mask_all__t1c__Baseline__original_glcm_MaximumProbability,0.005927897629252
mask_all__t1c__Baseline__original_glcm_SumAverage,102.61475527842704
mask_all__t1c__Baseline__original_glcm_SumEntropy,6.392084934778298
mask_all__t1c__Baseline__original_glcm_SumSquares,328.03303143251617
mask_all__t1c__Baseline__original_glrlm_GrayLevelNonUniformity,416.4387959821925
mask_all__t1c__Baseline__original_glrlm_GrayLevelNonUniformityNormalized,0.0305343916271167
mask_all__t1c__Baseline__original_glrlm_GrayLevelVariance,315.7220649606627
mask_all__t1c__Baseline__original_glrlm_HighGrayLevelRunEmphasis,2994.80727514948
mask_all__t1c__Baseline__original_glrlm_LongRunEmphasis,1.2918529120307154
mask_all__t1c__Baseline__original_glrlm_LongRunHighGrayLevelEmphasis,3706.051534619462
mask_all__t1c__Baseline__original_glrlm_LongRunLowGrayLevelEmphasis,0.0007172819536465
mask_all__t1c__Baseline__original_glrlm_LowGrayLevelRunEmphasis,0.000572351253688
mask_all__t1c__Baseline__original_glrlm_RunEntropy,5.9234704063885735
mask_all__t1c__Baseline__original_glrlm_RunLengthNonUniformity,11724.877949808137
mask_all__t1c__Baseline__original_glrlm_RunLengthNonUniformityNormalized,0.8588394018741872
mask_all__t1c__Baseline__original_glrlm_RunPercentage,0.9204184947688152
mask_all__t1c__Baseline__original_glrlm_RunVariance,0.1082110163834915
mask_all__t1c__Baseline__original_glrlm_ShortRunEmphasis,0.9416147129443218
mask_all__t1c__Baseline__original_glrlm_ShortRunHighGrayLevelEmphasis,2851.6111121287768
mask_all__t1c__Baseline__original_glrlm_ShortRunLowGrayLevelEmphasis,0.0005432724925976
mask_all__t1c__Baseline__original_glszm_GrayLevelNonUniformity,111.32539838677944
mask_all__t1c__Baseline__original_glszm_GrayLevelNonUniformityNormalized,0.0219015145360573
mask_all__t1c__Baseline__original_glszm_GrayLevelVariance,515.2286394077863
mask_all__t1c__Baseline__original_glszm_HighGrayLevelZoneEmphasis,3819.45406256148
mask_all__t1c__Baseline__original_glszm_LargeAreaEmphasis,92.13004131418454
mask_all__t1c__Baseline__original_glszm_LargeAreaHighGrayLevelEmphasis,176935.73165453473
mask_all__t1c__Baseline__original_glszm_LargeAreaLowGrayLevelEmphasis,0.0519408539200642
mask_all__t1c__Baseline__original_glszm_LowGrayLevelZoneEmphasis,0.0007127413907826
mask_all__t1c__Baseline__original_glszm_SizeZoneNonUniformity,2054.0678733031677
mask_all__t1c__Baseline__original_glszm_SizeZoneNonUniformityNormalized,0.404105424612073
mask_all__t1c__Baseline__original_glszm_SmallAreaEmphasis,0.6611104622343159
mask_all__t1c__Baseline__original_glszm_SmallAreaHighGrayLevelEmphasis,2770.3204212516025
mask_all__t1c__Baseline__original_glszm_SmallAreaLowGrayLevelEmphasis,0.0005594112088865
mask_all__t1c__Baseline__original_glszm_ZoneEntropy,7.956377234365812
mask_all__t1c__Baseline__original_glszm_ZonePercentage,0.3430982112723591
mask_all__t1c__Baseline__original_glszm_ZoneVariance,83.63504700585274
mask_all__t1c__Baseline__original_gldm_DependenceEntropy,7.9673582546188335
mask_all__t1c__Baseline__original_gldm_DependenceNonUniformity,2661.068714141073
mask_all__t1c__Baseline__original_gldm_DependenceNonUniformityNormalized,0.1796198929558605
mask_all__t1c__Baseline__original_gldm_DependenceVariance,3.299036247365842
mask_all__t1c__Baseline__original_gldm_GrayLevelNonUniformity,461.62949713128586
mask_all__t1c__Baseline__original_gldm_GrayLevelVariance,304.96965764168243
mask_all__t1c__Baseline__original_gldm_HighGrayLevelEmphasis,2950.546068174148
mask_all__t1c__Baseline__original_gldm_LargeDependenceEmphasis,12.71852851839352
mask_all__t1c__Baseline__original_gldm_LargeDependenceHighGrayLevelEmphasis,31013.94586567668
mask_all__t1c__Baseline__original_gldm_LargeDependenceLowGrayLevelEmphasis,0.006487874770511
mask_all__t1c__Baseline__original_gldm_LowGrayLevelEmphasis,0.000566321543714
mask_all__t1c__Baseline__original_gldm_SmallDependenceEmphasis,0.3070833752937731
mask_all__t1c__Baseline__original_gldm_SmallDependenceHighGrayLevelEmphasis,1167.2283409418044
mask_all__t1c__Baseline__original_gldm_SmallDependenceLowGrayLevelEmphasis,0.0002300212525862
mask_all__t1c__Baseline__original_ngtdm_Busyness,0.0951060639251766
mask_all__t1c__Baseline__original_ngtdm_Coarseness,0.0009953490315395
mask_all__t1c__Baseline__original_ngtdm_Complexity,31792.34567403535
mask_all__t1c__Baseline__original_ngtdm_Contrast,0.0905678006638909
mask_all__t1c__Baseline__original_ngtdm_Strength,16.709169722694536
mask_tumor__t1c__Baseline__original_shape_Elongation,0.7787758267859902
mask_tumor__t1c__Baseline__original_shape_Flatness,0.703604628288376
mask_tumor__t1c__Baseline__original_shape_LeastAxisLength,12.9203946866658
mask_tumor__t1c__Baseline__original_shape_MajorAxisLength,18.36314624321987
mask_tumor__t1c__Baseline__original_shape_Maximum2DDiameterColumn,20.12461179749811
mask_tumor__t1c__Baseline__original_shape_Maximum2DDiameterRow,20.808652046684813
mask_tumor__t1c__Baseline__original_shape_Maximum2DDiameterSlice,18.35755975068582
mask_tumor__t1c__Baseline__original_shape_Maximum3DDiameter,21.02379604162864
mask_tumor__t1c__Baseline__original_shape_MeshVolume,1985.4166666666667
mask_tumor__t1c__Baseline__original_shape_MinorAxisLength,14.3007743979556
mask_tumor__t1c__Baseline__original_shape_Sphericity,0.5894202879609091
mask_tumor__t1c__Baseline__original_shape_SurfaceArea,1296.0651103914508
mask_tumor__t1c__Baseline__original_shape_SurfaceVolumeRatio,0.6527925005119585
mask_tumor__t1c__Baseline__original_shape_VoxelVolume,1997.0
mask_tumor__t1c__Baseline__original_firstorder_10Percentile,545.7505864786224
mask_tumor__t1c__Baseline__original_firstorder_90Percentile,918.3695841552616
mask_tumor__t1c__Baseline__original_firstorder_Energy,1007233969.2150933
mask_tumor__t1c__Baseline__original_firstorder_Entropy,6.571799321317205
mask_tumor__t1c__Baseline__original_firstorder_InterquartileRange,197.8330106078577
mask_tumor__t1c__Baseline__original_firstorder_Kurtosis,2.5191258828861844
mask_tumor__t1c__Baseline__original_firstorder_MeanAbsoluteDeviation,115.02115612850784
mask_tumor__t1c__Baseline__original_firstorder_Mean,696.4555173960038
mask_tumor__t1c__Baseline__original_firstorder_Median,663.0235688266526
mask_tumor__t1c__Baseline__original_firstorder_Range,687.5006492550945
mask_tumor__t1c__Baseline__original_firstorder_RobustMeanAbsoluteDeviation,84.0901202093012
mask_tumor__t1c__Baseline__original_firstorder_RootMeanSquared,710.1926111449865
mask_tumor__t1c__Baseline__original_firstorder_Skewness,0.634284882283293
mask_tumor__t1c__Baseline__original_firstorder_TotalEnergy,1007233969.2150933
mask_tumor__t1c__Baseline__original_firstorder_Uniformity,0.0121892904454327
mask_tumor__t1c__Baseline__original_firstorder_Variance,19323.25721359868
mask_tumor__t1c__Baseline__original_glcm_Autocorrelation,6607.44741527714
mask_tumor__t1c__Baseline__original_glcm_ClusterProminence,17166661.688591957
mask_tumor__t1c__Baseline__original_glcm_ClusterShade,69844.8832181718
mask_tumor__t1c__Baseline__original_glcm_ClusterTendency,2791.2142549233763
mask_tumor__t1c__Baseline__original_glcm_Contrast,371.8936311874128
mask_tumor__t1c__Baseline__original_glcm_Correlation,0.7658354005639276
mask_tumor__t1c__Baseline__original_glcm_DifferenceAverage,14.29189689958655
mask_tumor__t1c__Baseline__original_glcm_DifferenceEntropy,5.213410076423207
mask_tumor__t1c__Baseline__original_glcm_DifferenceVariance,161.6567891270592
mask_tumor__t1c__Baseline__original_glcm_Id,0.1522043010870511
mask_tumor__t1c__Baseline__original_glcm_Idm,0.0804911905354416
mask_tumor__t1c__Baseline__original_glcm_Idmn,0.98204935771029
mask_tumor__t1c__Baseline__original_glcm_Idn,0.9119863959878152
mask_tumor__t1c__Baseline__original_glcm_Imc1,-0.3327838304247569
mask_tumor__t1c__Baseline__original_glcm_Imc2,0.9937274857807664
mask_tumor__t1c__Baseline__original_glcm_InverseVariance,0.0794327722223271
mask_tumor__t1c__Baseline__original_glcm_JointAverage,77.46929876517198
mask_tumor__t1c__Baseline__original_glcm_JointEnergy,0.0005814455715196
mask_tumor__t1c__Baseline__original_glcm_JointEntropy,10.990052483603865
mask_tumor__t1c__Baseline__original_glcm_MCC,0.8027870003594981
mask_tumor__t1c__Baseline__original_glcm_MaximumProbability,0.0044732935097305
mask_tumor__t1c__Baseline__original_glcm_SumAverage,154.938597530344
mask_tumor__t1c__Baseline__original_glcm_SumEntropy,7.488048321418512
mask_tumor__t1c__Baseline__original_glcm_SumSquares,790.7769715276975
mask_tumor__t1c__Baseline__original_glrlm_GrayLevelNonUniformity,23.698632325103578
mask_tumor__t1c__Baseline__original_glrlm_GrayLevelNonUniformityNormalized,0.0121579858290109
mask_tumor__t1c__Baseline__original_glrlm_GrayLevelVariance,760.8569336626023
mask_tumor__t1c__Baseline__original_glrlm_HighGrayLevelRunEmphasis,6036.004635343921
mask_tumor__t1c__Baseline__original_glrlm_LongRunEmphasis,1.0765066002487225
mask_tumor__t1c__Baseline__original_glrlm_LongRunHighGrayLevelEmphasis,6632.195419898544
mask_tumor__t1c__Baseline__original_glrlm_LongRunLowGrayLevelEmphasis,0.0008507217369354
mask_tumor__t1c__Baseline__original_glrlm_LowGrayLevelRunEmphasis,0.0008305511363509
mask_tumor__t1c__Baseline__original_glrlm_RunEntropy,6.693242154618927
mask_tumor__t1c__Baseline__original_glrlm_RunLengthNonUniformity,1860.600293175337
mask_tumor__t1c__Baseline__original_glrlm_RunLengthNonUniformityNormalized,0.9544616969900926
mask_tumor__t1c__Baseline__original_glrlm_RunPercentage,0.9760795038711916
mask_tumor__t1c__Baseline__original_glrlm_RunVariance,0.026761416758256
mask_tumor__t1c__Baseline__original_glrlm_ShortRunEmphasis,0.9823550517988426
mask_tumor__t1c__Baseline__original_glrlm_ShortRunHighGrayLevelEmphasis,5907.123191257631
mask_tumor__t1c__Baseline__original_glrlm_ShortRunLowGrayLevelEmphasis,0.0008257462260055
mask_tumor__t1c__Baseline__original_glszm_GrayLevelNonUniformity,17.778225806451612
mask_tumor__t1c__Baseline__original_glszm_GrayLevelNonUniformityNormalized,0.0119477323968088
mask_tumor__t1c__Baseline__original_glszm_GrayLevelVariance,709.9149644286912
mask_tumor__t1c__Baseline__original_glszm_HighGrayLevelZoneEmphasis,5929.297715053764
mask_tumor__t1c__Baseline__original_glszm_LargeAreaEmphasis,2.577284946236559
mask_tumor__t1c__Baseline__original_glszm_LargeAreaHighGrayLevelEmphasis,18197.698924731183
mask_tumor__t1c__Baseline__original_glszm_LargeAreaLowGrayLevelEmphasis,0.0014129482456161
mask_tumor__t1c__Baseline__original_glszm_LowGrayLevelZoneEmphasis,0.0009993228056409
mask_tumor__t1c__Baseline__original_glszm_SizeZoneNonUniformity,943.287634408602
mask_tumor__t1c__Baseline__original_glszm_SizeZoneNonUniformityNormalized,0.633929861833738
mask_tumor__t1c__Baseline__original_glszm_SmallAreaEmphasis,0.8241863101725283
mask_tumor__t1c__Baseline__original_glszm_SmallAreaHighGrayLevelEmphasis,4883.143312887686
mask_tumor__t1c__Baseline__original_glszm_SmallAreaLowGrayLevelEmphasis,0.0009480385311387
mask_tumor__t1c__Baseline__original_glszm_ZoneEntropy,7.45645532661926
mask_tumor__t1c__Baseline__original_glszm_ZonePercentage,0.7451176765147721
mask_tumor__t1c__Baseline__original_glszm_ZoneVariance,0.776133349953752
mask_tumor__t1c__Baseline__original_gldm_DependenceEntropy,7.8100295695916815
mask_tumor__t1c__Baseline__original_gldm_DependenceNonUniformity,864.6494742113169
mask_tumor__t1c__Baseline__original_gldm_DependenceNonUniformityNormalized,0.4329741984032634
mask_tumor__t1c__Baseline__original_gldm_DependenceVariance,1.006289103158995
mask_tumor__t1c__Baseline__original_gldm_GrayLevelNonUniformity,24.342013019529293
mask_tumor__t1c__Baseline__original_gldm_GrayLevelVariance,772.8014415213206
mask_tumor__t1c__Baseline__original_gldm_HighGrayLevelEmphasis,6072.524787180771
mask_tumor__t1c__Baseline__original_gldm_LargeDependenceEmphasis,3.636955433149725
mask_tumor__t1c__Baseline__original_gldm_LargeDependenceHighGrayLevelEmphasis,30386.288432648973
mask_tumor__t1c__Baseline__original_gldm_LargeDependenceLowGrayLevelEmphasis,0.0014472003725581
mask_tumor__t1c__Baseline__original_gldm_LowGrayLevelEmphasis,0.0008170679464602
mask_tumor__t1c__Baseline__original_gldm_SmallDependenceEmphasis,0.6664752362580015
mask_tumor__t1c__Baseline__original_gldm_SmallDependenceHighGrayLevelEmphasis,3946.257459721351
mask_tumor__t1c__Baseline__original_gldm_SmallDependenceLowGrayLevelEmphasis,0.0007216786031897
mask_tumor__t1c__Baseline__original_ngtdm_Busyness,0.0334070218031426
mask_tumor__t1c__Baseline__original_ngtdm_Coarseness,0.0052104631958865
mask_tumor__t1c__Baseline__original_ngtdm_Complexity,47310.17871156052
mask_tumor__t1c__Baseline__original_ngtdm_Contrast,0.8635085122992324
mask_tumor__t1c__Baseline__original_ngtdm_Strength,30.910948391281416
mask_oedema__t1c__Baseline__original_shape_Elongation,0.7143288411535688
mask_oedema__t1c__Baseline__original_shape_Flatness,0.4650663892597026
mask_oedema__t1c__Baseline__original_shape_LeastAxisLength,20.53558128028395
mask_oedema__t1c__Baseline__original_shape_MajorAxisLength,44.15623608700834
mask_oedema__t1c__Baseline__original_shape_Maximum2DDiameterColumn,46.09772228646444
mask_oedema__t1c__Baseline__original_shape_Maximum2DDiameterRow,49.03060268852505
mask_oedema__t1c__Baseline__original_shape_Maximum2DDiameterSlice,34.36568055487916
mask_oedema__t1c__Baseline__original_shape_Maximum3DDiameter,49.4064773081425
mask_oedema__t1c__Baseline__original_shape_MeshVolume,12564.125
mask_oedema__t1c__Baseline__original_shape_MinorAxisLength,31.54207295373606
mask_oedema__t1c__Baseline__original_shape_Sphericity,0.530530810623035
mask_oedema__t1c__Baseline__original_shape_SurfaceArea,4926.384965632538
mask_oedema__t1c__Baseline__original_shape_SurfaceVolumeRatio,0.3920993276995046
mask_oedema__t1c__Baseline__original_shape_VoxelVolume,12633.0
mask_oedema__t1c__Baseline__original_firstorder_10Percentile,472.5426945745727
mask_oedema__t1c__Baseline__original_firstorder_90Percentile,563.3551912487678
mask_oedema__t1c__Baseline__original_firstorder_Energy,3381833433.687025
mask_oedema__t1c__Baseline__original_firstorder_Entropy,4.845688090999616
mask_oedema__t1c__Baseline__original_firstorder_InterquartileRange,52.22599638461452
mask_oedema__t1c__Baseline__original_firstorder_Kurtosis,2.9620066538814216
mask_oedema__t1c__Baseline__original_firstorder_MeanAbsoluteDeviation,29.063185579644937
mask_oedema__t1c__Baseline__original_firstorder_Mean,516.1806499989857
mask_oedema__t1c__Baseline__original_firstorder_Median,514.999788993251
mask_oedema__t1c__Baseline__original_firstorder_Range,389.9880922658025
mask_oedema__t1c__Baseline__original_firstorder_RobustMeanAbsoluteDeviation,21.31335321246528
mask_oedema__t1c__Baseline__original_firstorder_RootMeanSquared,517.3957519161983
mask_oedema__t1c__Baseline__original_firstorder_Skewness,0.0760775303881187
mask_oedema__t1c__Baseline__original_firstorder_TotalEnergy,3381833433.687025
mask_oedema__t1c__Baseline__original_firstorder_Uniformity,0.0394214612174371
mask_oedema__t1c__Baseline__original_firstorder_Variance,1255.9006675527216
mask_oedema__t1c__Baseline__original_glcm_Autocorrelation,1344.0067609297782
mask_oedema__t1c__Baseline__original_glcm_ClusterProminence,76749.77799081642
mask_oedema__t1c__Baseline__original_glcm_ClusterShade,325.1237962176006
mask_oedema__t1c__Baseline__original_glcm_ClusterTendency,165.84047176915294
mask_oedema__t1c__Baseline__original_glcm_Contrast,23.76530080698041
mask_oedema__t1c__Baseline__original_glcm_Correlation,0.7483333323896268
mask_oedema__t1c__Baseline__original_glcm_DifferenceAverage,3.615167708068027
mask_oedema__t1c__Baseline__original_glcm_DifferenceEntropy,3.3349035545124965
mask_oedema__t1c__Baseline__original_glcm_DifferenceVariance,10.169077510231338
mask_oedema__t1c__Baseline__original_glcm_Id,0.3457736268421749
mask_oedema__t1c__Baseline__original_glcm_Idm,0.2570280047464396
mask_oedema__t1c__Baseline__original_glcm_Idmn,0.996264471229725
mask_oedema__t1c__Baseline__original_glcm_Idn,0.9576474831038072
mask_oedema__t1c__Baseline__original_glcm_Imc1,-0.1548402795298794
mask_oedema__t1c__Baseline__original_glcm_Imc2,0.8589219774494686
mask_oedema__t1c__Baseline__original_glcm_InverseVariance,0.2634804430845801
mask_oedema__t1c__Baseline__original_glcm_JointAverage,36.17276189212202
mask_oedema__t1c__Baseline__original_glcm_JointEnergy,0.0030091747665315
mask_oedema__t1c__Baseline__original_glcm_JointEntropy,8.859334054871972
mask_oedema__t1c__Baseline__original_glcm_MCC,0.7628842074328841
mask_oedema__t1c__Baseline__original_glcm_MaximumProbability,0.0071039771805734
mask_oedema__t1c__Baseline__original_glcm_SumAverage,72.34552378424401
mask_oedema__t1c__Baseline__original_glcm_SumEntropy,5.698645740157892
mask_oedema__t1c__Baseline__original_glcm_SumSquares,47.40144314403336
mask_oedema__t1c__Baseline__original_glrlm_GrayLevelNonUniformity,451.1175892127992
mask_oedema__t1c__Baseline__original_glrlm_GrayLevelNonUniformityNormalized,0.0391749837893557
mask_oedema__t1c__Baseline__original_glrlm_GrayLevelVariance,50.83266223729676
mask_oedema__t1c__Baseline__original_glrlm_HighGrayLevelRunEmphasis,1405.53245925
mask_oedema__t1c__Baseline__original_glrlm_LongRunEmphasis,1.3294511155319293
mask_oedema__t1c__Baseline__original_glrlm_LongRunHighGrayLevelEmphasis,1847.131580810837
mask_oedema__t1c__Baseline__original_glrlm_LongRunLowGrayLevelEmphasis,0.0012186374780893
mask_oedema__t1c__Baseline__original_glrlm_LowGrayLevelRunEmphasis,0.0009373603940293
mask_oedema__t1c__Baseline__original_glrlm_RunEntropy,5.313160978339686
mask_oedema__t1c__Baseline__original_glrlm_RunLengthNonUniformity,9729.310436864029
mask_oedema__t1c__Baseline__original_glrlm_RunLengthNonUniformityNormalized,0.8435405825187605
mask_oedema__t1c__Baseline__original_glrlm_RunPercentage,0.9115686023783862
mask_oedema__t1c__Baseline__original_glrlm_RunVariance,0.1216028352988538
mask_oedema__t1c__Baseline__original_glrlm_ShortRunEmphasis,0.9346280321118366
mask_oedema__t1c__Baseline__original_glrlm_ShortRunHighGrayLevelEmphasis,1317.9735899117345
mask_oedema__t1c__Baseline__original_glrlm_ShortRunLowGrayLevelEmphasis,0.0008812900379949
mask_oedema__t1c__Baseline__original_glszm_GrayLevelNonUniformity,127.78589562764456
mask_oedema__t1c__Baseline__original_glszm_GrayLevelNonUniformityNormalized,0.0360467970740887
mask_oedema__t1c__Baseline__original_glszm_GrayLevelVariance,63.8886793015849
mask_oedema__t1c__Baseline__original_glszm_HighGrayLevelZoneEmphasis,1489.5102961918194
mask_oedema__t1c__Baseline__original_glszm_LargeAreaEmphasis,130.5497884344147
mask_oedema__t1c__Baseline__original_glszm_LargeAreaHighGrayLevelEmphasis,144430.81297602257
mask_oedema__t1c__Baseline__original_glszm_LargeAreaLowGrayLevelEmphasis,0.1278916881790375
mask_oedema__t1c__Baseline__original_glszm_LowGrayLevelZoneEmphasis,0.001153224734413
mask_oedema__t1c__Baseline__original_glszm_SizeZoneNonUniformity,1176.6959097320168
mask_oedema__t1c__Baseline__original_glszm_SizeZoneNonUniformityNormalized,0.3319311451994406
mask_oedema__t1c__Baseline__original_glszm_SmallAreaEmphasis,0.597328750672986
mask_oedema__t1c__Baseline__original_glszm_SmallAreaHighGrayLevelEmphasis,897.6021672714666
mask_oedema__t1c__Baseline__original_glszm_SmallAreaLowGrayLevelEmphasis,0.0008251227778288
mask_oedema__t1c__Baseline__original_glszm_ZoneEntropy,7.3110987250717665
mask_oedema__t1c__Baseline__original_glszm_ZonePercentage,0.2806142642286076
mask_oedema__t1c__Baseline__original_glszm_ZoneVariance,117.85046707554096
mask_oedema__t1c__Baseline__original_gldm_DependenceEntropy,7.503023362530482
mask_oedema__t1c__Baseline__original_gldm_DependenceNonUniformity,2179.8997071162826
mask_oedema__t1c__Baseline__original_gldm_DependenceNonUniformityNormalized,0.1725559809321842
mask_oedema__t1c__Baseline__original_gldm_DependenceVariance,3.2912975731613874
mask_oedema__t1c__Baseline__original_gldm_GrayLevelNonUniformity,498.0113195598829
mask_oedema__t1c__Baseline__original_gldm_GrayLevelVariance,50.25550098977278
mask_oedema__t1c__Baseline__original_gldm_HighGrayLevelEmphasis,1399.627008628196
mask_oedema__t1c__Baseline__original_gldm_LargeDependenceEmphasis,14.17612601915618
mask_oedema__t1c__Baseline__original_gldm_LargeDependenceHighGrayLevelEmphasis,18687.474709095222
mask_oedema__t1c__Baseline__original_gldm_LargeDependenceLowGrayLevelEmphasis,0.0123949380714959
mask_oedema__t1c__Baseline__original_gldm_LowGrayLevelEmphasis,0.0009300684651357
mask_oedema__t1c__Baseline__original_gldm_SmallDependenceEmphasis,0.2517022261575098
mask_oedema__t1c__Baseline__original_gldm_SmallDependenceHighGrayLevelEmphasis,370.6817481243845
mask_oedema__t1c__Baseline__original_gldm_SmallDependenceLowGrayLevelEmphasis,0.0003009351784571
mask_oedema__t1c__Baseline__original_ngtdm_Busyness,0.3193020008809842
mask_oedema__t1c__Baseline__original_ngtdm_Coarseness,0.0010891761758691
mask_oedema__t1c__Baseline__original_ngtdm_Complexity,3806.418162425447
mask_oedema__t1c__Baseline__original_ngtdm_Contrast,0.0559446580106173
mask_oedema__t1c__Baseline__original_ngtdm_Strength,1.9325409506221949
mask_necrosis__t2__Baseline__original_shape_Elongation,0.6390911954127018
mask_necrosis__t2__Baseline__original_shape_Flatness,0.4765471961812727
mask_necrosis__t2__Baseline__original_shape_LeastAxisLength,5.156787667072688
mask_necrosis__t2__Baseline__original_shape_MajorAxisLength,10.82114784935406
mask_necrosis__t2__Baseline__original_shape_Maximum2DDiameterColumn,12.529964086141668
mask_necrosis__t2__Baseline__original_shape_Maximum2DDiameterRow,10.44030650891055
mask_necrosis__t2__Baseline__original_shape_Maximum2DDiameterSlice,7.615773105863909
mask_necrosis__t2__Baseline__original_shape_Maximum3DDiameter,12.569805089976535
mask_necrosis__t2__Baseline__original_shape_MeshVolume,174.0
mask_necrosis__t2__Baseline__original_shape_MinorAxisLength,6.915700314781276
mask_necrosis__t2__Baseline__original_shape_Sphericity,0.6695022709235626
mask_necrosis__t2__Baseline__original_shape_SurfaceArea,225.12906563720705
mask_necrosis__t2__Baseline__original_shape_SurfaceVolumeRatio,1.2938452048115343
mask_necrosis__t2__Baseline__original_shape_VoxelVolume,185.0
mask_necrosis__t2__Baseline__original_firstorder_10Percentile,654.5654566166686
mask_necrosis__t2__Baseline__original_firstorder_90Percentile,791.4834075533896
mask_necrosis__t2__Baseline__original_firstorder_Energy,98738774.84269664
mask_necrosis__t2__Baseline__original_firstorder_Entropy,5.05261177213326
mask_necrosis__t2__Baseline__original_firstorder_InterquartileRange,71.56908753172559
mask_necrosis__t2__Baseline__original_firstorder_Kurtosis,2.8591896289040237
mask_necrosis__t2__Baseline__original_firstorder_MeanAbsoluteDeviation,42.80778835264833
mask_necrosis__t2__Baseline__original_firstorder_Mean,728.6945505900665
mask_necrosis__t2__Baseline__original_firstorder_Median,738.8791251402519
mask_necrosis__t2__Baseline__original_firstorder_Range,245.44087423655836
mask_necrosis__t2__Baseline__original_firstorder_RobustMeanAbsoluteDeviation,31.01466077740877
mask_necrosis__t2__Baseline__original_firstorder_RootMeanSquared,730.5635545644333
mask_necrosis__t2__Baseline__original_firstorder_Skewness,-0.6676254049764528
mask_necrosis__t2__Baseline__original_firstorder_TotalEnergy,98738774.84269664
mask_necrosis__t2__Baseline__original_firstorder_Uniformity,0.0366691015339664
mask_necrosis__t2__Baseline__original_firstorder_Variance,2727.359198160812
mask_necrosis__t2__Baseline__original_glcm_Autocorrelation,1258.5027643246926
mask_necrosis__t2__Baseline__original_glcm_ClusterProminence,237875.087937948
mask_necrosis__t2__Baseline__original_glcm_ClusterShade,-3580.704368384294
mask_necrosis__t2__Baseline__original_glcm_ClusterTendency,283.3971525678828
mask_necrosis__t2__Baseline__original_glcm_Contrast,64.25022570784088
mask_necrosis__t2__Baseline__original_glcm_Correlation,0.6220067018053257
mask_necrosis__t2__Baseline__original_glcm_DifferenceAverage,6.246403816703277
mask_necrosis__t2__Baseline__original_glcm_DifferenceEntropy,3.856388935755603
mask_necrosis__t2__Baseline__original_glcm_DifferenceVariance,23.542492640471306
mask_necrosis__t2__Baseline__original_glcm_Id,0.2490588922328431
mask_necrosis__t2__Baseline__original_glcm_Idm,0.1597477566509665
mask_necrosis__t2__Baseline__original_glcm_Idmn,0.9771443321442111
mask_necrosis__t2__Baseline__original_glcm_Idn,0.897223814447796
mask_necrosis__t2__Baseline__original_glcm_Imc1,-0.480501064664176
mask_necrosis__t2__Baseline__original_glcm_Imc2,0.9949595603171844
mask_necrosis__t2__Baseline__original_glcm_InverseVariance,0.1562489787887319
mask_necrosis__t2__Baseline__original_glcm_JointAverage,34.68766785539107
mask_necrosis__t2__Baseline__original_glcm_JointEnergy,0.007055486830657
mask_necrosis__t2__Baseline__original_glcm_JointEntropy,7.32023433755197
mask_necrosis__t2__Baseline__original_glcm_MCC,0.8662405302016719
mask_necrosis__t2__Baseline__original_glcm_MaximumProbability,0.0199717404156318
mask_necrosis__t2__Baseline__original_glcm_SumAverage,69.37533571078212
mask_necrosis__t2__Baseline__original_glcm_SumEntropy,5.43589196214782
mask_necrosis__t2__Baseline__original_glcm_SumSquares,86.9118445689309
mask_necrosis__t2__Baseline__original_glrlm_GrayLevelNonUniformity,6.388934346974376
mask_necrosis__t2__Baseline__original_glrlm_GrayLevelNonUniformityNormalized,0.0359339947583733
mask_necrosis__t2__Baseline__original_glrlm_GrayLevelVariance,109.85905254511962
mask_necrosis__t2__Baseline__original_glrlm_HighGrayLevelRunEmphasis,1136.148029645708
mask_necrosis__t2__Baseline__original_glrlm_LongRunEmphasis,1.1325752095901385
mask_necrosis__t2__Baseline__original_glrlm_LongRunHighGrayLevelEmphasis,1325.499319459104
mask_necrosis__t2__Baseline__original_glrlm_LongRunLowGrayLevelEmphasis,0.0082636451167181
mask_necrosis__t2__Baseline__original_glrlm_LowGrayLevelRunEmphasis,0.0081401992014914
mask_necrosis__t2__Baseline__original_glrlm_RunEntropy,5.2094307148103765
mask_necrosis__t2__Baseline__original_glrlm_RunLengthNonUniformity,165.26353685658177
mask_necrosis__t2__Baseline__original_glrlm_RunLengthNonUniformityNormalized,0.9287831085110076
mask_necrosis__t2__Baseline__original_glrlm_RunPercentage,0.960914760914761
mask_necrosis__t2__Baseline__original_glrlm_RunVariance,0.0478051704315469
mask_necrosis__t2__Baseline__original_glrlm_ShortRunEmphasis,0.9715493195081576
mask_necrosis__t2__Baseline__original_glrlm_ShortRunHighGrayLevelEmphasis,1095.7887137804566
mask_necrosis__t2__Baseline__original_glrlm_ShortRunLowGrayLevelEmphasis,0.008112946649471
mask_necrosis__t2__Baseline__original_glszm_GrayLevelNonUniformity,3.5391304347826087
mask_necrosis__t2__Baseline__original_glszm_GrayLevelNonUniformityNormalized,0.0307750472589792
mask_necrosis__t2__Baseline__original_glszm_GrayLevelVariance,123.82865784499052
mask_necrosis__t2__Baseline__original_glszm_HighGrayLevelZoneEmphasis,1031.1478260869565
mask_necrosis__t2__Baseline__original_glszm_LargeAreaEmphasis,4.6869565217391305
mask_necrosis__t2__Baseline__original_glszm_LargeAreaHighGrayLevelEmphasis,6466.0
mask_necrosis__t2__Baseline__original_glszm_LargeAreaLowGrayLevelEmphasis,0.0152158119837477
mask_necrosis__t2__Baseline__original_glszm_LowGrayLevelZoneEmphasis,0.0120193834736811
mask_necrosis__t2__Baseline__original_glszm_SizeZoneNonUniformity,66.37391304347825
mask_necrosis__t2__Baseline__original_glszm_SizeZoneNonUniformityNormalized,0.5771644612476371
mask_necrosis__t2__Baseline__original_glszm_SmallAreaEmphasis,0.7856816943330214
mask_necrosis__t2__Baseline__original_glszm_SmallAreaHighGrayLevelEmphasis,768.6758936094021
mask_necrosis__t2__Baseline__original_glszm_SmallAreaLowGrayLevelEmphasis,0.0117638535344303
mask_necrosis__t2__Baseline__original_glszm_ZoneEntropy,5.831851572420105
mask_necrosis__t2__Baseline__original_glszm_ZonePercentage,0.6216216216216216
mask_necrosis__t2__Baseline__original_glszm_ZoneVariance,2.099054820415879
mask_necrosis__t2__Baseline__original_gldm_DependenceEntropy,6.17885624147827
mask_necrosis__t2__Baseline__original_gldm_DependenceNonUniformity,58.23243243243243
mask_necrosis__t2__Baseline__original_gldm_DependenceNonUniformityNormalized,0.3147699050401753
mask_necrosis__t2__Baseline__original_gldm_DependenceVariance,1.691628926223521
mask_necrosis__t2__Baseline__original_gldm_GrayLevelNonUniformity,6.783783783783784
mask_necrosis__t2__Baseline__original_gldm_GrayLevelVariance,109.06197224251278
mask_necrosis__t2__Baseline__original_gldm_HighGrayLevelEmphasis,1147.6432432432432
mask_necrosis__t2__Baseline__original_gldm_LargeDependenceEmphasis,5.756756756756757
mask_necrosis__t2__Baseline__original_gldm_LargeDependenceHighGrayLevelEmphasis,8387.708108108109
mask_necrosis__t2__Baseline__original_gldm_LargeDependenceLowGrayLevelEmphasis,0.0119189549816406
mask_necrosis__t2__Baseline__original_gldm_LowGrayLevelEmphasis,0.0078550757300055
mask_necrosis__t2__Baseline__original_gldm_SmallDependenceEmphasis,0.5522833249916583
mask_necrosis__t2__Baseline__original_gldm_SmallDependenceHighGrayLevelEmphasis,556.3968562312311
mask_necrosis__t2__Baseline__original_gldm_SmallDependenceLowGrayLevelEmphasis,0.0073842469087847
mask_necrosis__t2__Baseline__original_ngtdm_Busyness,0.0156135266889987
mask_necrosis__t2__Baseline__original_ngtdm_Coarseness,0.043448305164429
mask_necrosis__t2__Baseline__original_ngtdm_Complexity,3137.5801897657066
mask_necrosis__t2__Baseline__original_ngtdm_Contrast,0.4788252637551548
mask_necrosis__t2__Baseline__original_ngtdm_Strength,36.20110758174341
mask_all__t2__Baseline__original_shape_Elongation,0.6495439004517064
mask_all__t2__Baseline__original_shape_Flatness,0.4582727210470134
mask_all__t2__Baseline__original_shape_LeastAxisLength,20.862407272662328
mask_all__t2__Baseline__original_shape_MajorAxisLength,45.52399982481632
mask_all__t2__Baseline__original_shape_Maximum2DDiameterColumn,46.09772228646444
mask_all__t2__Baseline__original_shape_Maximum2DDiameterRow,49.03060268852505
mask_all__t2__Baseline__original_shape_Maximum2DDiameterSlice,34.36568055487916
mask_all__t2__Baseline__original_shape_Maximum3DDiameter,49.4064773081425
mask_all__t2__Baseline__original_shape_MeshVolume,14771.041666666666
mask_all__t2__Baseline__original_shape_MinorAxisLength,29.56983641037399
mask_all__t2__Baseline__original_shape_Sphericity,0.6456579297217899
mask_all__t2__Baseline__original_shape_SurfaceArea,4509.091525812496
mask_all__t2__Baseline__original_shape_SurfaceVolumeRatio,0.3052656425706264
mask_all__t2__Baseline__original_shape_VoxelVolume,14815.0
mask_all__t2__Baseline__original_firstorder_10Percentile,478.209307688468
mask_all__t2__Baseline__original_firstorder_90Percentile,620.7052124691148
mask_all__t2__Baseline__original_firstorder_Energy,4637262957.447187
mask_all__t2__Baseline__original_firstorder_Entropy,5.528556554329091
mask_all__t2__Baseline__original_firstorder_InterquartileRange,83.27028410123171
mask_all__t2__Baseline__original_firstorder_Kurtosis,3.711181224243632
mask_all__t2__Baseline__original_firstorder_MeanAbsoluteDeviation,47.10426785524319
mask_all__t2__Baseline__original_firstorder_Mean,556.3486299442392
mask_all__t2__Baseline__original_firstorder_Median,560.0983906172862
mask_all__t2__Baseline__original_firstorder_Range,427.12118539763225
mask_all__t2__Baseline__original_firstorder_RobustMeanAbsoluteDeviation,33.71701661329209
mask_all__t2__Baseline__original_firstorder_RootMeanSquared,559.4741611423827
mask_all__t2__Baseline__original_firstorder_Skewness,0.3648225512561265
mask_all__t2__Baseline__original_firstorder_TotalEnergy,4637262957.447187
mask_all__t2__Baseline__original_firstorder_Uniformity,0.0254950395637773
mask_all__t2__Baseline__original_firstorder_Variance,3487.5389451407223
mask_all__t2__Baseline__original_glcm_Autocorrelation,1309.9887769829488
mask_all__t2__Baseline__original_glcm_ClusterProminence,893375.6403475252
mask_all__t2__Baseline__original_glcm_ClusterShade,3789.2634220551313
mask_all__t2__Baseline__original_glcm_ClusterTendency,475.4581751869188
mask_all__t2__Baseline__original_glcm_Contrast,49.91858510579708
mask_all__t2__Baseline__original_glcm_Correlation,0.8093709568539743
mask_all__t2__Baseline__original_glcm_DifferenceAverage,5.242504610173447
mask_all__t2__Baseline__original_glcm_DifferenceEntropy,3.844551207828365
mask_all__t2__Baseline__original_glcm_DifferenceVariance,21.33403432610187
mask_all__t2__Baseline__original_glcm_Id,0.2825763374386671
mask_all__t2__Baseline__original_glcm_Idm,0.1918537647005164
mask_all__t2__Baseline__original_glcm_Idmn,0.993604599866066
mask_all__t2__Baseline__original_glcm_Idn,0.9454707205181816
mask_all__t2__Baseline__original_glcm_Imc1,-0.1717602505041749
mask_all__t2__Baseline__original_glcm_Imc2,0.9086296603066752
mask_all__t2__Baseline__original_glcm_InverseVariance,0.1973970700947141
mask_all__t2__Baseline__original_glcm_JointAverage,34.69233328251703
mask_all__t2__Baseline__original_glcm_JointEnergy,0.0014627219021303
mask_all__t2__Baseline__original_glcm_JointEntropy,10.019332792375334
mask_all__t2__Baseline__original_glcm_MCC,0.819102739927678
mask_all__t2__Baseline__original_glcm_MaximumProbability,0.0048291823005436
mask_all__t2__Baseline__original_glcm_SumAverage,69.38466656503417
mask_all__t2__Baseline__original_glcm_SumEntropy,6.408682319370191
mask_all__t2__Baseline__original_glcm_SumSquares,131.344190073179
mask_all__t2__Baseline__original_glrlm_GrayLevelNonUniformity,348.90755631367875
mask_all__t2__Baseline__original_glrlm_GrayLevelNonUniformityNormalized,0.0251852234135135
mask_all__t2__Baseline__original_glrlm_GrayLevelVariance,141.244511579176
mask_all__t2__Baseline__original_glrlm_HighGrayLevelRunEmphasis,1274.1650819007637
mask_all__t2__Baseline__original_glrlm_LongRunEmphasis,1.2287892697114062
mask_all__t2__Baseline__original_glrlm_LongRunHighGrayLevelEmphasis,1586.1495513186103
mask_all__t2__Baseline__original_glrlm_LongRunLowGrayLevelEmphasis,0.0019062137449658
mask_all__t2__Baseline__original_glrlm_LowGrayLevelRunEmphasis,0.0016230116323069
mask_all__t2__Baseline__original_glrlm_RunEntropy,5.894608938103209
mask_all__t2__Baseline__original_glrlm_RunLengthNonUniformity,12236.688745079144
mask_all__t2__Baseline__original_glrlm_RunLengthNonUniformityNormalized,0.8827724597531444
mask_all__t2__Baseline__original_glrlm_RunPercentage,0.9350606194345646
mask_all__t2__Baseline__original_glrlm_RunVariance,0.0834846886844764
mask_all__t2__Baseline__original_glrlm_ShortRunEmphasis,0.952333107158337
mask_all__t2__Baseline__original_glrlm_ShortRunHighGrayLevelEmphasis,1209.2784423076805
mask_all__t2__Baseline__original_glrlm_ShortRunLowGrayLevelEmphasis,0.0015626199631826
mask_all__t2__Baseline__original_glszm_GrayLevelNonUniformity,139.1512355848435
mask_all__t2__Baseline__original_glszm_GrayLevelNonUniformityNormalized,0.0229244210189198
mask_all__t2__Baseline__original_glszm_GrayLevelVariance,166.7578618479084
mask_all__t2__Baseline__original_glszm_HighGrayLevelZoneEmphasis,1221.0919275123558
mask_all__t2__Baseline__original_glszm_LargeAreaEmphasis,24.05090609555189
mask_all__t2__Baseline__original_glszm_LargeAreaHighGrayLevelEmphasis,35072.61960461285
mask_all__t2__Baseline__original_glszm_LargeAreaLowGrayLevelEmphasis,0.0235121815768265
mask_all__t2__Baseline__original_glszm_LowGrayLevelZoneEmphasis,0.001974568517115
mask_all__t2__Baseline__original_glszm_SizeZoneNonUniformity,2323.3528830313016
mask_all__t2__Baseline__original_glszm_SizeZoneNonUniformityNormalized,0.382759947781104
mask_all__t2__Baseline__original_glszm_SmallAreaEmphasis,0.6413985248980042
mask_all__t2__Baseline__original_glszm_SmallAreaHighGrayLevelEmphasis,782.4298106724374
mask_all__t2__Baseline__original_glszm_SmallAreaLowGrayLevelEmphasis,0.0013557746956275
mask_all__t2__Baseline__original_glszm_ZoneEntropy,7.638000551306689
mask_all__t2__Baseline__original_glszm_ZonePercentage,0.4097198785015187
mask_all__t2__Baseline__original_glszm_ZoneVariance,18.09392901052792
mask_all__t2__Baseline__original_gldm_DependenceEntropy,7.8508665009925425
mask_all__t2__Baseline__original_gldm_DependenceNonUniformity,3192.0964562942963
mask_all__t2__Baseline__original_gldm_DependenceNonUniformityNormalized,0.2154638175021462
mask_all__t2__Baseline__original_gldm_DependenceVariance,2.430358737626816
mask_all__t2__Baseline__original_gldm_GrayLevelNonUniformity,377.7090111373608
mask_all__t2__Baseline__original_gldm_GrayLevelVariance,139.56556258200334
mask_all__t2__Baseline__original_gldm_HighGrayLevelEmphasis,1279.94404319946
mask_all__t2__Baseline__original_gldm_LargeDependenceEmphasis,9.65798177522781
mask_all__t2__Baseline__original_gldm_LargeDependenceHighGrayLevelEmphasis,13473.4787040162
mask_all__t2__Baseline__original_gldm_LargeDependenceLowGrayLevelEmphasis,0.0115818160294964
mask_all__t2__Baseline__original_gldm_LowGrayLevelEmphasis,0.0015987051516377
mask_all__t2__Baseline__original_gldm_SmallDependenceEmphasis,0.3488899798056897
mask_all__t2__Baseline__original_gldm_SmallDependenceHighGrayLevelEmphasis,429.18485270553583
mask_all__t2__Baseline__original_gldm_SmallDependenceLowGrayLevelEmphasis,0.0006853377429498
mask_all__t2__Baseline__original_ngtdm_Busyness,0.2769197910306424
mask_all__t2__Baseline__original_ngtdm_Coarseness,0.0010457069492667
mask_all__t2__Baseline__original_ngtdm_Complexity,9444.826282962673
mask_all__t2__Baseline__original_ngtdm_Contrast,0.1121549239699665
mask_all__t2__Baseline__original_ngtdm_Strength,3.326385520705935
mask_tumor__t2__Baseline__original_shape_Elongation,0.7787758267859902
mask_tumor__t2__Baseline__original_shape_Flatness,0.703604628288376
mask_tumor__t2__Baseline__original_shape_LeastAxisLength,12.9203946866658
mask_tumor__t2__Baseline__original_shape_MajorAxisLength,18.36314624321987
mask_tumor__t2__Baseline__original_shape_Maximum2DDiameterColumn,20.12461179749811
mask_tumor__t2__Baseline__original_shape_Maximum2DDiameterRow,20.808652046684813
mask_tumor__t2__Baseline__original_shape_Maximum2DDiameterSlice,18.35755975068582
mask_tumor__t2__Baseline__original_shape_Maximum3DDiameter,21.02379604162864
mask_tumor__t2__Baseline__original_shape_MeshVolume,1985.4166666666667
mask_tumor__t2__Baseline__original_shape_MinorAxisLength,14.3007743979556
mask_tumor__t2__Baseline__original_shape_Sphericity,0.5894202879609091
mask_tumor__t2__Baseline__original_shape_SurfaceArea,1296.0651103914508
mask_tumor__t2__Baseline__original_shape_SurfaceVolumeRatio,0.6527925005119585
mask_tumor__t2__Baseline__original_shape_VoxelVolume,1997.0
mask_tumor__t2__Baseline__original_firstorder_10Percentile,543.1491989104605
mask_tumor__t2__Baseline__original_firstorder_90Percentile,676.370970557685
mask_tumor__t2__Baseline__original_firstorder_Energy,737847349.5492792
mask_tumor__t2__Baseline__original_firstorder_Entropy,5.424996094110725
mask_tumor__t2__Baseline__original_firstorder_InterquartileRange,61.28106716472928
mask_tumor__t2__Baseline__original_firstorder_Kurtosis,3.7907223376025927
mask_tumor__t2__Baseline__original_firstorder_MeanAbsoluteDeviation,41.34453572410587
mask_tumor__t2__Baseline__original_firstorder_Mean,605.3434569354339
mask_tumor__t2__Baseline__original_firstorder_Median,600.2930375292682
mask_tumor__t2__Baseline__original_firstorder_Range,364.08053345634
mask_tumor__t2__Baseline__original_firstorder_RobustMeanAbsoluteDeviation,26.02764327781197
mask_tumor__t2__Baseline__original_firstorder_RootMeanSquared,607.8469310706913
mask_tumor__t2__Baseline__original_firstorder_Skewness,0.2564570063521965
mask_tumor__t2__Baseline__original_firstorder_TotalEnergy,737847349.5492792
mask_tumor__t2__Baseline__original_firstorder_Uniformity,0.0298015877095563
mask_tumor__t2__Baseline__original_firstorder_Variance,3037.190757516251
mask_tumor__t2__Baseline__original_glcm_Autocorrelation,1265.3189644947531
mask_tumor__t2__Baseline__original_glcm_ClusterProminence,538959.5933491598
mask_tumor__t2__Baseline__original_glcm_ClusterShade,766.1918638237644
mask_tumor__t2__Baseline__original_glcm_ClusterTendency,374.78108324440046
mask_tumor__t2__Baseline__original_glcm_Contrast,71.04651560344952
mask_tumor__t2__Baseline__original_glcm_Correlation,0.679492681458034
mask_tumor__t2__Baseline__original_glcm_DifferenceAverage,6.065767702951293
mask_tumor__t2__Baseline__original_glcm_DifferenceEntropy,4.049021784557249
mask_tumor__t2__Baseline__original_glcm_DifferenceVariance,33.094717458687825
mask_tumor__t2__Baseline__original_glcm_Id,0.2662006670606776
mask_tumor__t2__Baseline__original_glcm_Idm,0.1767945110726599
mask_tumor__t2__Baseline__original_glcm_Idmn,0.9878523831145644
mask_tumor__t2__Baseline__original_glcm_Idn,0.928634455440358
mask_tumor__t2__Baseline__original_glcm_Imc1,-0.2109736273249217
mask_tumor__t2__Baseline__original_glcm_Imc2,0.9430754064392868
mask_tumor__t2__Baseline__original_glcm_InverseVariance,0.1787481087709914
mask_tumor__t2__Baseline__original_glcm_JointAverage,34.48685469105113
mask_tumor__t2__Baseline__original_glcm_JointEnergy,0.0018550712698593
mask_tumor__t2__Baseline__original_glcm_JointEntropy,9.595616606757444
mask_tumor__t2__Baseline__original_glcm_MCC,0.7524284692788252
mask_tumor__t2__Baseline__original_glcm_MaximumProbability,0.0068655792638078
mask_tumor__t2__Baseline__original_glcm_SumAverage,68.97370938210227
mask_tumor__t2__Baseline__original_glcm_SumEntropy,6.214822006194916
mask_tumor__t2__Baseline__original_glcm_SumSquares,111.45689971196256
mask_tumor__t2__Baseline__original_glrlm_GrayLevelNonUniformity,55.20447029406391
mask_tumor__t2__Baseline__original_glrlm_GrayLevelNonUniformityNormalized,0.0292119728833135
mask_tumor__t2__Baseline__original_glrlm_GrayLevelVariance,124.25001070335423
mask_tumor__t2__Baseline__original_glrlm_HighGrayLevelRunEmphasis,1323.4336461659984
mask_tumor__t2__Baseline__original_glrlm_LongRunEmphasis,1.1839980178456535
mask_tumor__t2__Baseline__original_glrlm_LongRunHighGrayLevelEmphasis,1540.031620373964
mask_tumor__t2__Baseline__original_glrlm_LongRunLowGrayLevelEmphasis,0.0024748548723346
mask_tumor__t2__Baseline__original_glrlm_LowGrayLevelRunEmphasis,0.0022084458198479
mask_tumor__t2__Baseline__original_glrlm_RunEntropy,5.724536939255743
mask_tumor__t2__Baseline__original_glrlm_RunLengthNonUniformity,1702.5366299334723
mask_tumor__t2__Baseline__original_glrlm_RunLengthNonUniformityNormalized,0.9005126049315793
mask_tumor__t2__Baseline__original_glrlm_RunPercentage,0.9462270328569778
mask_tumor__t2__Baseline__original_glrlm_RunVariance,0.065913554700909
mask_tumor__t2__Baseline__original_glrlm_ShortRunEmphasis,0.960064075103744
mask_tumor__t2__Baseline__original_glrlm_ShortRunHighGrayLevelEmphasis,1275.871109339416
mask_tumor__t2__Baseline__original_glrlm_ShortRunLowGrayLevelEmphasis,0.0021486080390491
mask_tumor__t2__Baseline__original_glszm_GrayLevelNonUniformity,24.57509881422925
mask_tumor__t2__Baseline__original_glszm_GrayLevelNonUniformityNormalized,0.0242836944804636
mask_tumor__t2__Baseline__original_glszm_GrayLevelVariance,155.3379866503148
mask_tumor__t2__Baseline__original_glszm_HighGrayLevelZoneEmphasis,1424.7954545454545
mask_tumor__t2__Baseline__original_glszm_LargeAreaEmphasis,11.382411067193676
mask_tumor__t2__Baseline__original_glszm_LargeAreaHighGrayLevelEmphasis,12714.839920948616
mask_tumor__t2__Baseline__original_glszm_LargeAreaLowGrayLevelEmphasis,0.0155937709138382
mask_tumor__t2__Baseline__original_glszm_LowGrayLevelZoneEmphasis,0.0027980045883405
mask_tumor__t2__Baseline__original_glszm_SizeZoneNonUniformity,459.6225296442688
mask_tumor__t2__Baseline__original_glszm_SizeZoneNonUniformityNormalized,0.4541724601227952
mask_tumor__t2__Baseline__original_glszm_SmallAreaEmphasis,0.7003581577331915
mask_tumor__t2__Baseline__original_glszm_SmallAreaHighGrayLevelEmphasis,1039.1368135572238
mask_tumor__t2__Baseline__original_glszm_SmallAreaLowGrayLevelEmphasis,0.0022759723010533
mask_tumor__t2__Baseline__original_glszm_ZoneEntropy,7.10147072768534
mask_tumor__t2__Baseline__original_glszm_ZonePercentage,0.5067601402103155
mask_tumor__t2__Baseline__original_glszm_ZoneVariance,7.488418620818948
mask_tumor__t2__Baseline__original_gldm_DependenceEntropy,7.463252674295857
mask_tumor__t2__Baseline__original_gldm_DependenceNonUniformity,488.9449173760641
mask_tumor__t2__Baseline__original_gldm_DependenceNonUniformityNormalized,0.2448397182654302
mask_tumor__t2__Baseline__original_gldm_DependenceVariance,2.1665061437925544
mask_tumor__t2__Baseline__original_gldm_GrayLevelNonUniformity,59.513770655983976
mask_tumor__t2__Baseline__original_gldm_GrayLevelVariance,121.5423631190401
mask_tumor__t2__Baseline__original_gldm_HighGrayLevelEmphasis,1315.9248873309964
mask_tumor__t2__Baseline__original_gldm_LargeDependenceEmphasis,7.917376064096144
mask_tumor__t2__Baseline__original_gldm_LargeDependenceHighGrayLevelEmphasis,9390.316474712068
mask_tumor__t2__Baseline__original_gldm_LargeDependenceLowGrayLevelEmphasis,0.0116047061104417
mask_tumor__t2__Baseline__original_gldm_LowGrayLevelEmphasis,0.002168623059101
mask_tumor__t2__Baseline__original_gldm_SmallDependenceEmphasis,0.4312157608736108
mask_tumor__t2__Baseline__original_gldm_SmallDependenceHighGrayLevelEmphasis,622.3269918051839
mask_tumor__t2__Baseline__original_gldm_SmallDependenceLowGrayLevelEmphasis,0.0012722871411234
mask_tumor__t2__Baseline__original_ngtdm_Busyness,0.0689237769018639
mask_tumor__t2__Baseline__original_ngtdm_Coarseness,0.0052159494907383
mask_tumor__t2__Baseline__original_ngtdm_Complexity,8044.333728885578
mask_tumor__t2__Baseline__original_ngtdm_Contrast,0.1846641181083348
mask_tumor__t2__Baseline__original_ngtdm_Strength,10.61647112557996
mask_oedema__t2__Baseline__original_shape_Elongation,0.7143288411535688
mask_oedema__t2__Baseline__original_shape_Flatness,0.4650663892597026
mask_oedema__t2__Baseline__original_shape_LeastAxisLength,20.53558128028395
mask_oedema__t2__Baseline__original_shape_MajorAxisLength,44.15623608700834
mask_oedema__t2__Baseline__original_shape_Maximum2DDiameterColumn,46.09772228646444
mask_oedema__t2__Baseline__original_shape_Maximum2DDiameterRow,49.03060268852505
mask_oedema__t2__Baseline__original_shape_Maximum2DDiameterSlice,34.36568055487916
mask_oedema__t2__Baseline__original_shape_Maximum3DDiameter,49.4064773081425
mask_oedema__t2__Baseline__original_shape_MeshVolume,12564.125
mask_oedema__t2__Baseline__original_shape_MinorAxisLength,31.54207295373606
mask_oedema__t2__Baseline__original_shape_Sphericity,0.530530810623035
mask_oedema__t2__Baseline__original_shape_SurfaceArea,4926.384965632538
mask_oedema__t2__Baseline__original_shape_SurfaceVolumeRatio,0.3920993276995046
mask_oedema__t2__Baseline__original_shape_VoxelVolume,12633.0
mask_oedema__t2__Baseline__original_firstorder_10Percentile,474.9352909770542
mask_oedema__t2__Baseline__original_firstorder_90Percentile,608.6949975689994
mask_oedema__t2__Baseline__original_firstorder_Energy,3800676833.055211
mask_oedema__t2__Baseline__original_firstorder_Entropy,5.350126051932226
mask_oedema__t2__Baseline__original_firstorder_InterquartileRange,81.90143082623672
mask_oedema__t2__Baseline__original_firstorder_Kurtosis,2.3325885122112
mask_oedema__t2__Baseline__original_firstorder_MeanAbsoluteDeviation,43.31743605728763
mask_oedema__t2__Baseline__original_firstorder_Mean,546.0797575607282
mask_oedema__t2__Baseline__original_firstorder_Median,550.6860828195275
mask_oedema__t2__Baseline__original_firstorder_Range,335.44753206987906
mask_oedema__t2__Baseline__original_firstorder_RobustMeanAbsoluteDeviation,32.90107376157758
mask_oedema__t2__Baseline__original_firstorder_RootMeanSquared,548.5007474742687
mask_oedema__t2__Baseline__original_firstorder_Skewness,-0.1417425458139957
mask_oedema__t2__Baseline__original_firstorder_TotalEnergy,3800676833.055211
mask_oedema__t2__Baseline__original_firstorder_Uniformity,0.0272715938760828
mask_oedema__t2__Baseline__original_firstorder_Variance,2649.9683622476587
mask_oedema__t2__Baseline__original_glcm_Autocorrelation,1131.7600089906443
mask_oedema__t2__Baseline__original_glcm_ClusterProminence,290676.5324565254
mask_oedema__t2__Baseline__original_glcm_ClusterShade,-1426.8574596206158
mask_oedema__t2__Baseline__original_glcm_ClusterTendency,351.0537626778899
mask_oedema__t2__Baseline__original_glcm_Contrast,43.45204083042727
mask_oedema__t2__Baseline__original_glcm_Correlation,0.7789283470641651
mask_oedema__t2__Baseline__original_glcm_DifferenceAverage,4.991215914736888
mask_oedema__t2__Baseline__original_glcm_DifferenceEntropy,3.762186106768152
mask_oedema__t2__Baseline__original_glcm_DifferenceVariance,17.488100935998496
mask_oedema__t2__Baseline__original_glcm_Id,0.2874001592537433
mask_oedema__t2__Baseline__original_glcm_Idm,0.1961963143074087
mask_oedema__t2__Baseline__original_glcm_Idmn,0.9909310572249536
mask_oedema__t2__Baseline__original_glcm_Idn,0.934644213824028
mask_oedema__t2__Baseline__original_glcm_Imc1,-0.1550548848188033
mask_oedema__t2__Baseline__original_glcm_Imc2,0.8813811997842003
mask_oedema__t2__Baseline__original_glcm_InverseVariance,0.2024638934759955
mask_oedema__t2__Baseline__original_glcm_JointAverage,32.47802882913197
mask_oedema__t2__Baseline__original_glcm_JointEnergy,0.0015778568207165
mask_oedema__t2__Baseline__original_glcm_JointEntropy,9.771582882897182
mask_oedema__t2__Baseline__original_glcm_MCC,0.7864886373400712
mask_oedema__t2__Baseline__original_glcm_MaximumProbability,0.0048130238582049
mask_oedema__t2__Baseline__original_glcm_SumAverage,64.95605765826396
mask_oedema__t2__Baseline__original_glcm_SumEntropy,6.209751802910274
mask_oedema__t2__Baseline__original_glcm_SumSquares,98.62645087707932
mask_oedema__t2__Baseline__original_glrlm_GrayLevelNonUniformity,320.0211650184841
mask_oedema__t2__Baseline__original_glrlm_GrayLevelNonUniformityNormalized,0.0270729829500587
mask_oedema__t2__Baseline__original_glrlm_GrayLevelVariance,106.5534323144143
mask_oedema__t2__Baseline__original_glrlm_HighGrayLevelRunEmphasis,1103.5691473678655
mask_oedema__t2__Baseline__original_glrlm_LongRunEmphasis,1.2267355422086097
mask_oedema__t2__Baseline__original_glrlm_LongRunHighGrayLevelEmphasis,1384.4783550519885
mask_oedema__t2__Baseline__original_glrlm_LongRunLowGrayLevelEmphasis,0.0020963013144508
mask_oedema__t2__Baseline__original_glrlm_LowGrayLevelRunEmphasis,0.0017903287388641
mask_oedema__t2__Baseline__original_glrlm_RunEntropy,5.709211030364385
mask_oedema__t2__Baseline__original_glrlm_RunLengthNonUniformity,10457.296803999365
mask_oedema__t2__Baseline__original_glrlm_RunLengthNonUniformityNormalized,0.8840644721938593
mask_oedema__t2__Baseline__original_glrlm_RunPercentage,0.9356812743181776
mask_oedema__t2__Baseline__original_glrlm_RunVariance,0.0828057345427941
mask_oedema__t2__Baseline__original_glrlm_ShortRunEmphasis,0.9528585030724968
mask_oedema__t2__Baseline__original_glrlm_ShortRunHighGrayLevelEmphasis,1045.5509133075986
mask_oedema__t2__Baseline__original_glrlm_ShortRunLowGrayLevelEmphasis,0.0017250465718276
mask_oedema__t2__Baseline__original_glszm_GrayLevelNonUniformity,136.42889996167114
mask_oedema__t2__Baseline__original_glszm_GrayLevelNonUniformityNormalized,0.0261458221467365
mask_oedema__t2__Baseline__original_glszm_GrayLevelVariance,112.6063480836524
mask_oedema__t2__Baseline__original_glszm_HighGrayLevelZoneEmphasis,1008.6207359141432
mask_oedema__t2__Baseline__original_glszm_LargeAreaEmphasis,22.53832886163281
mask_oedema__t2__Baseline__original_glszm_LargeAreaHighGrayLevelEmphasis,30686.28938290533
mask_oedema__t2__Baseline__original_glszm_LargeAreaLowGrayLevelEmphasis,0.0240946960590451
mask_oedema__t2__Baseline__original_glszm_LowGrayLevelZoneEmphasis,0.0021886419289981
mask_oedema__t2__Baseline__original_glszm_SizeZoneNonUniformity,1996.6826370256804
mask_oedema__t2__Baseline__original_glszm_SizeZoneNonUniformityNormalized,0.3826528625959525
mask_oedema__t2__Baseline__original_glszm_SmallAreaEmphasis,0.6413027101783301
mask_oedema__t2__Baseline__original_glszm_SmallAreaHighGrayLevelEmphasis,632.1071054333065
mask_oedema__t2__Baseline__original_glszm_SmallAreaLowGrayLevelEmphasis,0.0015081704059401
mask_oedema__t2__Baseline__original_glszm_ZoneEntropy,7.39548223758848
mask_oedema__t2__Baseline__original_glszm_ZonePercentage,0.4130451990817699
mask_oedema__t2__Baseline__original_glszm_ZoneVariance,16.67688185675642
mask_oedema__t2__Baseline__original_gldm_DependenceEntropy,7.672933132476893
mask_oedema__t2__Baseline__original_gldm_DependenceNonUniformity,2743.419852766564
mask_oedema__t2__Baseline__original_gldm_DependenceNonUniformityNormalized,0.2171629741760914
mask_oedema__t2__Baseline__original_gldm_DependenceVariance,2.3988971449688403
mask_oedema__t2__Baseline__original_gldm_GrayLevelNonUniformity,344.52204543655506
mask_oedema__t2__Baseline__original_gldm_GrayLevelVariance,106.11034683424629
mask_oedema__t2__Baseline__original_gldm_HighGrayLevelEmphasis,1112.094197736088
mask_oedema__t2__Baseline__original_gldm_LargeDependenceEmphasis,9.540014248397055
mask_oedema__t2__Baseline__original_gldm_LargeDependenceHighGrayLevelEmphasis,12134.084698804718
mask_oedema__t2__Baseline__original_gldm_LargeDependenceLowGrayLevelEmphasis,0.0124781550608279
mask_oedema__t2__Baseline__original_gldm_LowGrayLevelEmphasis,0.001762795476511
mask_oedema__t2__Baseline__original_gldm_SmallDependenceEmphasis,0.3511587809353669
mask_oedema__t2__Baseline__original_gldm_SmallDependenceHighGrayLevelEmphasis,356.6416477480015
mask_oedema__t2__Baseline__original_gldm_SmallDependenceLowGrayLevelEmphasis,0.0007656924585873
mask_oedema__t2__Baseline__original_ngtdm_Busyness,0.3541844345617002
mask_oedema__t2__Baseline__original_ngtdm_Coarseness,0.0011703593552906
mask_oedema__t2__Baseline__original_ngtdm_Complexity,5284.605787688724
mask_oedema__t2__Baseline__original_ngtdm_Contrast,0.1319074118990717
mask_oedema__t2__Baseline__original_ngtdm_Strength,1.8849763933511008
mask_necrosis__t1__Baseline__original_shape_Elongation,0.6390911954127018
mask_necrosis__t1__Baseline__original_shape_Flatness,0.4765471961812727
mask_necrosis__t1__Baseline__original_shape_LeastAxisLength,5.156787667072688
mask_necrosis__t1__Baseline__original_shape_MajorAxisLength,10.82114784935406
mask_necrosis__t1__Baseline__original_shape_Maximum2DDiameterColumn,12.529964086141668
mask_necrosis__t1__Baseline__original_shape_Maximum2DDiameterRow,10.44030650891055
mask_necrosis__t1__Baseline__original_shape_Maximum2DDiameterSlice,7.615773105863909
mask_necrosis__t1__Baseline__original_shape_Maximum3DDiameter,12.569805089976535
mask_necrosis__t1__Baseline__original_shape_MeshVolume,174.0
mask_necrosis__t1__Baseline__original_shape_MinorAxisLength,6.915700314781276
mask_necrosis__t1__Baseline__original_shape_Sphericity,0.6695022709235626
mask_necrosis__t1__Baseline__original_shape_SurfaceArea,225.12906563720705
mask_necrosis__t1__Baseline__original_shape_SurfaceVolumeRatio,1.2938452048115343
mask_necrosis__t1__Baseline__original_shape_VoxelVolume,185.0
mask_necrosis__t1__Baseline__original_firstorder_10Percentile,609.7456486087035
mask_necrosis__t1__Baseline__original_firstorder_90Percentile,734.8436488870667
mask_necrosis__t1__Baseline__original_firstorder_Energy,83406995.54397121
mask_necrosis__t1__Baseline__original_firstorder_Entropy,5.07470128557836
mask_necrosis__t1__Baseline__original_firstorder_InterquartileRange,75.64526796013399
mask_necrosis__t1__Baseline__original_firstorder_Kurtosis,2.538870517350218
mask_necrosis__t1__Baseline__original_firstorder_MeanAbsoluteDeviation,39.86693540554597
mask_necrosis__t1__Baseline__original_firstorder_Mean,669.7035947984662
mask_necrosis__t1__Baseline__original_firstorder_Median,670.1944419882323
mask_necrosis__t1__Baseline__original_firstorder_Range,238.0586549926859
mask_necrosis__t1__Baseline__original_firstorder_RobustMeanAbsoluteDeviation,29.27586397732734
mask_necrosis__t1__Baseline__original_firstorder_RootMeanSquared,671.4526227233061
mask_necrosis__t1__Baseline__original_firstorder_Skewness,0.2614914254085881
mask_necrosis__t1__Baseline__original_firstorder_TotalEnergy,83406995.54397121
mask_necrosis__t1__Baseline__original_firstorder_Uniformity,0.0342731921110299
mask_necrosis__t1__Baseline__original_firstorder_Variance,2345.7196760185006
mask_necrosis__t1__Baseline__original_glcm_Autocorrelation,370.0004599184934
mask_necrosis__t1__Baseline__original_glcm_ClusterProminence,156719.63688712442
mask_necrosis__t1__Baseline__original_glcm_ClusterShade,1399.9246166971193
mask_necrosis__t1__Baseline__original_glcm_ClusterTendency,252.41566273499888
mask_necrosis__t1__Baseline__original_glcm_Contrast,65.29393715625312
mask_necrosis__t1__Baseline__original_glcm_Correlation,0.5803198998668386
mask_necrosis__t1__Baseline__original_glcm_DifferenceAverage,6.550709323705537
mask_necrosis__t1__Baseline__original_glcm_DifferenceEntropy,3.847996365590872
mask_necrosis__t1__Baseline__original_glcm_DifferenceVariance,19.679302103557376
mask_necrosis__t1__Baseline__original_glcm_Id,0.2275494502421946
mask_necrosis__t1__Baseline__original_glcm_Idm,0.1370429300527575
mask_necrosis__t1__Baseline__original_glcm_Idmn,0.9745853878406504
mask_necrosis__t1__Baseline__original_glcm_Idn,0.8881818165165073
mask_necrosis__t1__Baseline__original_glcm_Imc1,-0.4921227387212444
mask_necrosis__t1__Baseline__original_glcm_Imc2,0.99579247032079
mask_necrosis__t1__Baseline__original_glcm_InverseVariance,0.1448553599667948
mask_necrosis__t1__Baseline__original_glcm_JointAverage,17.965109738843147
mask_necrosis__t1__Baseline__original_glcm_JointEnergy,0.0063127643956827
mask_necrosis__t1__Baseline__original_glcm_JointEntropy,7.436828277519448
mask_necrosis__t1__Baseline__original_glcm_MCC,0.8539838371159469
mask_necrosis__t1__Baseline__original_glcm_MaximumProbability,0.0162940377867817
mask_necrosis__t1__Baseline__original_glcm_SumAverage,35.9302194776863
mask_necrosis__t1__Baseline__original_glcm_SumEntropy,5.434487248814061
mask_necrosis__t1__Baseline__original_glcm_SumSquares,79.42739997281302
mask_necrosis__t1__Baseline__original_glrlm_GrayLevelNonUniformity,6.1036974767977
mask_necrosis__t1__Baseline__original_glrlm_GrayLevelNonUniformityNormalized,0.0339925683789622
mask_necrosis__t1__Baseline__original_glrlm_GrayLevelVariance,94.806462220594
mask_necrosis__t1__Baseline__original_glrlm_HighGrayLevelRunEmphasis,517.5762489933402
mask_necrosis__t1__Baseline__original_glrlm_LongRunEmphasis,1.0962256542706903
mask_necrosis__t1__Baseline__original_glrlm_LongRunHighGrayLevelEmphasis,547.5052386172671
mask_necrosis__t1__Baseline__original_glrlm_LongRunLowGrayLevelEmphasis,0.0156119522868076
mask_necrosis__t1__Baseline__original_glrlm_LowGrayLevelRunEmphasis,0.0144591496831435
mask_necrosis__t1__Baseline__original_glrlm_RunEntropy,5.191134489609567
mask_necrosis__t1__Baseline__original_glrlm_RunLengthNonUniformity,169.6206810723984
mask_necrosis__t1__Baseline__original_glrlm_RunLengthNonUniformityNormalized,0.944015527006272
mask_necrosis__t1__Baseline__original_glrlm_RunPercentage,0.9704781704781706
mask_necrosis__t1__Baseline__original_glrlm_RunVariance,0.0330018132834695
mask_necrosis__t1__Baseline__original_glrlm_ShortRunEmphasis,0.9779232060761957
mask_necrosis__t1__Baseline__original_glrlm_ShortRunHighGrayLevelEmphasis,510.8278754153292
mask_necrosis__t1__Baseline__original_glrlm_ShortRunLowGrayLevelEmphasis,0.0141803313312065
mask_necrosis__t1__Baseline__original_glszm_GrayLevelNonUniformity,3.96
mask_necrosis__t1__Baseline__original_glszm_GrayLevelNonUniformityNormalized,0.03168
mask_necrosis__t1__Baseline__original_glszm_GrayLevelVariance,98.677376
mask_necrosis__t1__Baseline__original_glszm_HighGrayLevelZoneEmphasis,607.992
mask_necrosis__t1__Baseline__original_glszm_LargeAreaEmphasis,3.064
mask_necrosis__t1__Baseline__original_glszm_LargeAreaHighGrayLevelEmphasis,1232.512
mask_necrosis__t1__Baseline__original_glszm_LargeAreaLowGrayLevelEmphasis,0.0377980987810306
mask_necrosis__t1__Baseline__original_glszm_LowGrayLevelZoneEmphasis,0.0157513930847402
mask_necrosis__t1__Baseline__original_glszm_SizeZoneNonUniformity,69.848
mask_necrosis__t1__Baseline__original_glszm_SizeZoneNonUniformityNormalized,0.558784
mask_necrosis__t1__Baseline__original_glszm_SmallAreaEmphasis,0.7754733333333333
mask_necrosis__t1__Baseline__original_glszm_SmallAreaHighGrayLevelEmphasis,535.1165622222223
mask_necrosis__t1__Baseline__original_glszm_SmallAreaLowGrayLevelEmphasis,0.0129204434512541
mask_necrosis__t1__Baseline__original_glszm_ZoneEntropy,5.779767489255088
mask_necrosis__t1__Baseline__original_glszm_ZonePercentage,0.6756756756756757
mask_necrosis__t1__Baseline__original_glszm_ZoneVariance,0.8735999999999999
mask_necrosis__t1__Baseline__original_gldm_DependenceEntropy,6.046755906895855
mask_necrosis__t1__Baseline__original_gldm_DependenceNonUniformity,66.4918918918919
mask_necrosis__t1__Baseline__original_gldm_DependenceNonUniformityNormalized,0.3594156318480643
mask_necrosis__t1__Baseline__original_gldm_DependenceVariance,0.8054346238130022
mask_necrosis__t1__Baseline__original_gldm_GrayLevelNonUniformity,6.34054054054054
mask_necrosis__t1__Baseline__original_gldm_GrayLevelVariance,94.27628926223524
mask_necrosis__t1__Baseline__original_gldm_HighGrayLevelEmphasis,511.3189189189189
mask_necrosis__t1__Baseline__original_gldm_LargeDependenceEmphasis,3.9297297297297296
mask_necrosis__t1__Baseline__original_gldm_LargeDependenceHighGrayLevelEmphasis,1406.1297297297297
mask_necrosis__t1__Baseline__original_gldm_LargeDependenceLowGrayLevelEmphasis,0.0496671298853878
mask_necrosis__t1__Baseline__original_gldm_LowGrayLevelEmphasis,0.0143932180874929
mask_necrosis__t1__Baseline__original_gldm_SmallDependenceEmphasis,0.5877627627627627
mask_necrosis__t1__Baseline__original_gldm_SmallDependenceHighGrayLevelEmphasis,381.54695945945946
mask_necrosis__t1__Baseline__original_gldm_SmallDependenceLowGrayLevelEmphasis,0.0094087544730272
mask_necrosis__t1__Baseline__original_ngtdm_Busyness,0.0324801948888587
mask_necrosis__t1__Baseline__original_ngtdm_Coarseness,0.0441697579848043
mask_necrosis__t1__Baseline__original_ngtdm_Complexity,2780.847955364072
mask_necrosis__t1__Baseline__original_ngtdm_Contrast,0.4508318964636709
mask_necrosis__t1__Baseline__original_ngtdm_Strength,29.06964832663897
mask_all__t1__Baseline__original_shape_Elongation,0.6495439004517064
mask_all__t1__Baseline__original_shape_Flatness,0.4582727210470134
mask_all__t1__Baseline__original_shape_LeastAxisLength,20.862407272662328
mask_all__t1__Baseline__original_shape_MajorAxisLength,45.52399982481632
mask_all__t1__Baseline__original_shape_Maximum2DDiameterColumn,46.09772228646444
mask_all__t1__Baseline__original_shape_Maximum2DDiameterRow,49.03060268852505
mask_all__t1__Baseline__original_shape_Maximum2DDiameterSlice,34.36568055487916
mask_all__t1__Baseline__original_shape_Maximum3DDiameter,49.4064773081425
mask_all__t1__Baseline__original_shape_MeshVolume,14771.041666666666
mask_all__t1__Baseline__original_shape_MinorAxisLength,29.56983641037399
mask_all__t1__Baseline__original_shape_Sphericity,0.6456579297217899
mask_all__t1__Baseline__original_shape_SurfaceArea,4509.091525812496
mask_all__t1__Baseline__original_shape_SurfaceVolumeRatio,0.3052656425706264
mask_all__t1__Baseline__original_shape_VoxelVolume,14815.0
mask_all__t1__Baseline__original_firstorder_10Percentile,789.3950453408801
mask_all__t1__Baseline__original_firstorder_90Percentile,924.3754634351797
mask_all__t1__Baseline__original_firstorder_Energy,10832143869.3881
mask_all__t1__Baseline__original_firstorder_Entropy,5.499791749660162
mask_all__t1__Baseline__original_firstorder_InterquartileRange,72.61709867973764
mask_all__t1__Baseline__original_firstorder_Kurtosis,4.502720099352336
mask_all__t1__Baseline__original_firstorder_MeanAbsoluteDeviation,43.90858083557781
mask_all__t1__Baseline__original_firstorder_Mean,853.1805729681719
mask_all__t1__Baseline__original_firstorder_Median,852.7241020359394
mask_all__t1__Baseline__original_firstorder_Range,441.7369952887377
mask_all__t1__Baseline__original_firstorder_RobustMeanAbsoluteDeviation,29.940807374214177
mask_all__t1__Baseline__original_firstorder_RootMeanSquared,855.0792780067535
mask_all__t1__Baseline__original_firstorder_Skewness,-0.4854003818152767
mask_all__t1__Baseline__original_firstorder_TotalEnergy,10832143869.3881
mask_all__t1__Baseline__original_firstorder_Uniformity,0.0265304032670229
mask_all__t1__Baseline__original_firstorder_Variance,3243.4815862528294
mask_all__t1__Baseline__original_glcm_Autocorrelation,3289.7227192283194
mask_all__t1__Baseline__original_glcm_ClusterProminence,908643.7771039598
mask_all__t1__Baseline__original_glcm_ClusterShade,-4143.346289474504
mask_all__t1__Baseline__original_glcm_ClusterTendency,441.83900483096176
mask_all__t1__Baseline__original_glcm_Contrast,45.64970751504269
mask_all__t1__Baseline__original_glcm_Correlation,0.8118757891444035
mask_all__t1__Baseline__original_glcm_DifferenceAverage,4.930695399897543
mask_all__t1__Baseline__original_glcm_DifferenceEntropy,3.754245638289649
mask_all__t1__Baseline__original_glcm_DifferenceVariance,20.39630201291479
mask_all__t1__Baseline__original_glcm_Id,0.2911373411920904
mask_all__t1__Baseline__original_glcm_Idm,0.1995123219815509
mask_all__t1__Baseline__original_glcm_Idmn,0.9944414573625004
mask_all__t1__Baseline__original_glcm_Idn,0.9495913573477476
mask_all__t1__Baseline__original_glcm_Imc1,-0.1820418493977058
mask_all__t1__Baseline__original_glcm_Imc2,0.9174233913001848
mask_all__t1__Baseline__original_glcm_InverseVariance,0.2069748898500205
mask_all__t1__Baseline__original_glcm_JointAverage,56.485712984327535
mask_all__t1__Baseline__original_glcm_JointEnergy,0.001535430683834
mask_all__t1__Baseline__original_glcm_JointEntropy,9.906428005853716
mask_all__t1__Baseline__original_glcm_MCC,0.821716146457673
mask_all__t1__Baseline__original_glcm_MaximumProbability,0.0039557912015366
mask_all__t1__Baseline__original_glcm_SumAverage,112.97142596865508
mask_all__t1__Baseline__original_glcm_SumEntropy,6.37505574001372
mask_all__t1__Baseline__original_glcm_SumSquares,121.87217808650126
mask_all__t1__Baseline__original_glrlm_GrayLevelNonUniformity,363.94315068276137
mask_all__t1__Baseline__original_glrlm_GrayLevelNonUniformityNormalized,0.0263231782927951
mask_all__t1__Baseline__original_glrlm_GrayLevelVariance,131.91505045116625
mask_all__t1__Baseline__original_glrlm_HighGrayLevelRunEmphasis,3397.2414676483854
mask_all__t1__Baseline__original_glrlm_LongRunEmphasis,1.234432435723948
mask_all__t1__Baseline__original_glrlm_LongRunHighGrayLevelEmphasis,4184.319044713588
mask_all__t1__Baseline__original_glrlm_LongRunLowGrayLevelEmphasis,0.0006294476881717
mask_all__t1__Baseline__original_glrlm_LowGrayLevelRunEmphasis,0.0005368812984059
mask_all__t1__Baseline__original_glrlm_RunEntropy,5.875392505154811
mask_all__t1__Baseline__original_glrlm_RunLengthNonUniformity,12157.094223842318
mask_all__t1__Baseline__original_glrlm_RunLengthNonUniformityNormalized,0.878689887081626
mask_all__t1__Baseline__original_glrlm_RunPercentage,0.9332277577299514
mask_all__t1__Baseline__original_glrlm_RunVariance,0.084526142495269
mask_all__t1__Baseline__original_glrlm_ShortRunEmphasis,0.9505810438515307
mask_all__t1__Baseline__original_glrlm_ShortRunHighGrayLevelEmphasis,3231.549877972109
mask_all__t1__Baseline__original_glrlm_ShortRunLowGrayLevelEmphasis,0.0005168212647257
mask_all__t1__Baseline__original_glszm_GrayLevelNonUniformity,133.80154007700386
mask_all__t1__Baseline__original_glszm_GrayLevelNonUniformityNormalized,0.0234164403354924
mask_all__t1__Baseline__original_glszm_GrayLevelVariance,168.2261767271073
mask_all__t1__Baseline__original_glszm_HighGrayLevelZoneEmphasis,3430.5271263563177
mask_all__t1__Baseline__original_glszm_LargeAreaEmphasis,23.95432271613581
mask_all__t1__Baseline__original_glszm_LargeAreaHighGrayLevelEmphasis,75626.6561078054
mask_all__t1__Baseline__original_glszm_LargeAreaLowGrayLevelEmphasis,0.0090952944343003
mask_all__t1__Baseline__original_glszm_LowGrayLevelZoneEmphasis,0.0007183788973737
mask_all__t1__Baseline__original_glszm_SizeZoneNonUniformity,2072.8242912145606
mask_all__t1__Baseline__original_glszm_SizeZoneNonUniformityNormalized,0.3627623890820022
mask_all__t1__Baseline__original_glszm_SmallAreaEmphasis,0.6246996928277491
mask_all__t1__Baseline__original_glszm_SmallAreaHighGrayLevelEmphasis,2118.461768763205
mask_all__t1__Baseline__original_glszm_SmallAreaLowGrayLevelEmphasis,0.0005327556376344
mask_all__t1__Baseline__original_glszm_ZoneEntropy,7.758080471183621
mask_all__t1__Baseline__original_glszm_ZonePercentage,0.3856901788727641
mask_all__t1__Baseline__original_glszm_ZoneVariance,17.2319461046556
mask_all__t1__Baseline__original_gldm_DependenceEntropy,7.865620220427218
mask_all__t1__Baseline__original_gldm_DependenceNonUniformity,3140.127775902801
mask_all__t1__Baseline__original_gldm_DependenceNonUniformityNormalized,0.2119559754237462
mask_all__t1__Baseline__original_gldm_DependenceVariance,2.275131025931363
mask_all__t1__Baseline__original_gldm_GrayLevelNonUniformity,393.04792440094496
mask_all__t1__Baseline__original_gldm_GrayLevelVariance,129.8614324377982
mask_all__t1__Baseline__original_gldm_HighGrayLevelEmphasis,3394.40830239622
mask_all__t1__Baseline__original_gldm_LargeDependenceEmphasis,9.761255484306446
mask_all__t1__Baseline__original_gldm_LargeDependenceHighGrayLevelEmphasis,32620.79061761728
mask_all__t1__Baseline__original_gldm_LargeDependenceLowGrayLevelEmphasis,0.0038796332518719
mask_all__t1__Baseline__original_gldm_LowGrayLevelEmphasis,0.000527682663358
mask_all__t1__Baseline__original_gldm_SmallDependenceEmphasis,0.3294511626411192
mask_all__t1__Baseline__original_gldm_SmallDependenceHighGrayLevelEmphasis,1120.6224508667667
mask_all__t1__Baseline__original_gldm_SmallDependenceLowGrayLevelEmphasis,0.0002431462454718
mask_all__t1__Baseline__original_ngtdm_Busyness,0.1424654257212448
mask_all__t1__Baseline__original_ngtdm_Coarseness,0.0011059323607101
mask_all__t1__Baseline__original_ngtdm_Complexity,9758.090607786778
mask_all__t1__Baseline__original_ngtdm_Contrast,0.0887454552856823
mask_all__t1__Baseline__original_ngtdm_Strength,4.207444788069361
mask_tumor__t1__Baseline__original_shape_Elongation,0.7787758267859902
mask_tumor__t1__Baseline__original_shape_Flatness,0.703604628288376
mask_tumor__t1__Baseline__original_shape_LeastAxisLength,12.9203946866658
mask_tumor__t1__Baseline__original_shape_MajorAxisLength,18.36314624321987
mask_tumor__t1__Baseline__original_shape_Maximum2DDiameterColumn,20.12461179749811
mask_tumor__t1__Baseline__original_shape_Maximum2DDiameterRow,20.808652046684813
mask_tumor__t1__Baseline__original_shape_Maximum2DDiameterSlice,18.35755975068582
mask_tumor__t1__Baseline__original_shape_Maximum3DDiameter,21.02379604162864
mask_tumor__t1__Baseline__original_shape_MeshVolume,1985.4166666666667
mask_tumor__t1__Baseline__original_shape_MinorAxisLength,14.3007743979556
mask_tumor__t1__Baseline__original_shape_Sphericity,0.5894202879609091
mask_tumor__t1__Baseline__original_shape_SurfaceArea,1296.0651103914508
mask_tumor__t1__Baseline__original_shape_SurfaceVolumeRatio,0.6527925005119585
mask_tumor__t1__Baseline__original_shape_VoxelVolume,1997.0
mask_tumor__t1__Baseline__original_firstorder_10Percentile,752.8181324328947
mask_tumor__t1__Baseline__original_firstorder_90Percentile,864.6768072016608
mask_tumor__t1__Baseline__original_firstorder_Energy,1313301787.5863972
mask_tumor__t1__Baseline__original_firstorder_Entropy,5.20387361403483
mask_tumor__t1__Baseline__original_firstorder_InterquartileRange,53.83068155783678
mask_tumor__t1__Baseline__original_firstorder_Kurtosis,4.451205985942598
mask_tumor__t1__Baseline__original_firstorder_MeanAbsoluteDeviation,35.66049212500386
mask_tumor__t1__Baseline__original_firstorder_Mean,809.5655769784955
mask_tumor__t1__Baseline__original_firstorder_Median,812.7995458452386
mask_tumor__t1__Baseline__original_firstorder_Range,365.5782685951399
mask_tumor__t1__Baseline__original_firstorder_RobustMeanAbsoluteDeviation,23.170157590941397
mask_tumor__t1__Baseline__original_firstorder_RootMeanSquared,810.9484261147102
mask_tumor__t1__Baseline__original_firstorder_Skewness,-0.7049243551235296
mask_tumor__t1__Baseline__original_firstorder_TotalEnergy,1313301787.5863972
mask_tumor__t1__Baseline__original_firstorder_Uniformity,0.0337654704390085
mask_tumor__t1__Baseline__original_firstorder_Variance,2240.926389400988
mask_tumor__t1__Baseline__original_glcm_Autocorrelation,2095.163464120681
mask_tumor__t1__Baseline__original_glcm_ClusterProminence,247288.41786262128
mask_tumor__t1__Baseline__original_glcm_ClusterShade,-1811.9488018059176
mask_tumor__t1__Baseline__original_glcm_ClusterTendency,236.21856360298037
mask_tumor__t1__Baseline__original_glcm_Contrast,73.10159033471567
mask_tumor__t1__Baseline__original_glcm_Correlation,0.5261397824436844
mask_tumor__t1__Baseline__original_glcm_DifferenceAverage,6.122511221814063
mask_tumor__t1__Baseline__original_glcm_DifferenceEntropy,4.059318100894536
mask_tumor__t1__Baseline__original_glcm_DifferenceVariance,34.2492206478051
mask_tumor__t1__Baseline__original_glcm_Id,0.2655219907110289
mask_tumor__t1__Baseline__original_glcm_Idm,0.1761162129760302
mask_tumor__t1__Baseline__original_glcm_Idmn,0.9875263692603856
mask_tumor__t1__Baseline__original_glcm_Idn,0.928135593151922
mask_tumor__t1__Baseline__original_glcm_Imc1,-0.1648812452631394
mask_tumor__t1__Baseline__original_glcm_Imc2,0.8949444264548034
mask_tumor__t1__Baseline__original_glcm_InverseVariance,0.1791628149949339
mask_tumor__t1__Baseline__original_glcm_JointAverage,45.32503425201594
mask_tumor__t1__Baseline__original_glcm_JointEnergy,0.0021076958591911
mask_tumor__t1__Baseline__original_glcm_JointEntropy,9.38081895182282
mask_tumor__t1__Baseline__original_glcm_MCC,0.729289243548339
mask_tumor__t1__Baseline__original_glcm_MaximumProbability,0.0073406142365125
mask_tumor__t1__Baseline__original_glcm_SumAverage,90.65006850403182
mask_tumor__t1__Baseline__original_glcm_SumEntropy,5.891139961516739
mask_tumor__t1__Baseline__original_glcm_SumSquares,77.330038484424
mask_tumor__t1__Baseline__original_glrlm_GrayLevelNonUniformity,62.94933007418967
mask_tumor__t1__Baseline__original_glrlm_GrayLevelNonUniformityNormalized,0.0332789272077612
mask_tumor__t1__Baseline__original_glrlm_GrayLevelVariance,91.88480077176084
mask_tumor__t1__Baseline__original_glrlm_HighGrayLevelRunEmphasis,2147.1032900705623
mask_tumor__t1__Baseline__original_glrlm_LongRunEmphasis,1.1809097941443674
mask_tumor__t1__Baseline__original_glrlm_LongRunHighGrayLevelEmphasis,2554.280136824513
mask_tumor__t1__Baseline__original_glrlm_LongRunLowGrayLevelEmphasis,0.0012817135574206
mask_tumor__t1__Baseline__original_glrlm_LowGrayLevelRunEmphasis,0.0011897652294621
mask_tumor__t1__Baseline__original_glrlm_RunEntropy,5.500472789685405
mask_tumor__t1__Baseline__original_glrlm_RunLengthNonUniformity,1707.988237674753
mask_tumor__t1__Baseline__original_glrlm_RunLengthNonUniformityNormalized,0.9025714049550626
mask_tumor__t1__Baseline__original_glrlm_RunPercentage,0.9471129771580448
mask_tumor__t1__Baseline__original_glrlm_RunVariance,0.0649376644221094
mask_tumor__t1__Baseline__original_glrlm_ShortRunEmphasis,0.9609097894931622
mask_tumor__t1__Baseline__original_glrlm_ShortRunHighGrayLevelEmphasis,2059.8086740642
mask_tumor__t1__Baseline__original_glrlm_ShortRunLowGrayLevelEmphasis,0.0011696043198937
mask_tumor__t1__Baseline__original_glszm_GrayLevelNonUniformity,26.70606372045221
mask_tumor__t1__Baseline__original_glszm_GrayLevelNonUniformityNormalized,0.0274471364033424
mask_tumor__t1__Baseline__original_glszm_GrayLevelVariance,122.55623309310268
mask_tumor__t1__Baseline__original_glszm_HighGrayLevelZoneEmphasis,2081.5056526207604
mask_tumor__t1__Baseline__original_glszm_LargeAreaEmphasis,12.71634121274409
mask_tumor__t1__Baseline__original_glszm_LargeAreaHighGrayLevelEmphasis,27904.36896197328
mask_tumor__t1__Baseline__original_glszm_LargeAreaLowGrayLevelEmphasis,0.0075428036764244
mask_tumor__t1__Baseline__original_glszm_LowGrayLevelZoneEmphasis,0.0018118630219228
mask_tumor__t1__Baseline__original_glszm_SizeZoneNonUniformity,431.5179856115108
mask_tumor__t1__Baseline__original_glszm_SizeZoneNonUniformityNormalized,0.4434922770930224
mask_tumor__t1__Baseline__original_glszm_SmallAreaEmphasis,0.6923268084046131
mask_tumor__t1__Baseline__original_glszm_SmallAreaHighGrayLevelEmphasis,1403.6604680353214
mask_tumor__t1__Baseline__original_glszm_SmallAreaLowGrayLevelEmphasis,0.0016299359210407
mask_tumor__t1__Baseline__original_glszm_ZoneEntropy,6.966595959368049
mask_tumor__t1__Baseline__original_glszm_ZonePercentage,0.4872308462694041
mask_tumor__t1__Baseline__original_glszm_ZoneVariance,8.503933015678193
mask_tumor__t1__Baseline__original_gldm_DependenceEntropy,7.222161953094423
mask_tumor__t1__Baseline__original_gldm_DependenceNonUniformity,488.4561842764146
mask_tumor__t1__Baseline__original_gldm_DependenceNonUniformityNormalized,0.24459498461513
mask_tumor__t1__Baseline__original_gldm_DependenceVariance,1.807750684614804
mask_tumor__t1__Baseline__original_gldm_GrayLevelNonUniformity,67.42964446670005
mask_tumor__t1__Baseline__original_gldm_GrayLevelVariance,89.87881923034777
mask_tumor__t1__Baseline__original_gldm_HighGrayLevelEmphasis,2152.1847771657485
mask_tumor__t1__Baseline__original_gldm_LargeDependenceEmphasis,7.448673009514271
mask_tumor__t1__Baseline__original_gldm_LargeDependenceHighGrayLevelEmphasis,16753.483725588383
mask_tumor__t1__Baseline__original_gldm_LargeDependenceLowGrayLevelEmphasis,0.0043482436353683
mask_tumor__t1__Baseline__original_gldm_LowGrayLevelEmphasis,0.0011536913882025
mask_tumor__t1__Baseline__original_gldm_SmallDependenceEmphasis,0.4181212024953529
mask_tumor__t1__Baseline__original_gldm_SmallDependenceHighGrayLevelEmphasis,861.9196587461975
mask_tumor__t1__Baseline__original_gldm_SmallDependenceLowGrayLevelEmphasis,0.0008392503746958
mask_tumor__t1__Baseline__original_ngtdm_Busyness,0.0562241651266227
mask_tumor__t1__Baseline__original_ngtdm_Coarseness,0.0048541196817976
mask_tumor__t1__Baseline__original_ngtdm_Complexity,7555.640257823664
mask_tumor__t1__Baseline__original_ngtdm_Contrast,0.17068747754262
mask_tumor__t1__Baseline__original_ngtdm_Strength,8.388362071437328
mask_oedema__t1__Baseline__original_shape_Elongation,0.7143288411535688
mask_oedema__t1__Baseline__original_shape_Flatness,0.4650663892597026
mask_oedema__t1__Baseline__original_shape_LeastAxisLength,20.53558128028395
mask_oedema__t1__Baseline__original_shape_MajorAxisLength,44.15623608700834
mask_oedema__t1__Baseline__original_shape_Maximum2DDiameterColumn,46.09772228646444
mask_oedema__t1__Baseline__original_shape_Maximum2DDiameterRow,49.03060268852505
mask_oedema__t1__Baseline__original_shape_Maximum2DDiameterSlice,34.36568055487916
mask_oedema__t1__Baseline__original_shape_Maximum3DDiameter,49.4064773081425
mask_oedema__t1__Baseline__original_shape_MeshVolume,12564.125
mask_oedema__t1__Baseline__original_shape_MinorAxisLength,31.54207295373606
mask_oedema__t1__Baseline__original_shape_Sphericity,0.530530810623035
mask_oedema__t1__Baseline__original_shape_SurfaceArea,4926.384965632538
mask_oedema__t1__Baseline__original_shape_SurfaceVolumeRatio,0.3920993276995046
mask_oedema__t1__Baseline__original_shape_VoxelVolume,12633.0
mask_oedema__t1__Baseline__original_firstorder_10Percentile,800.9525426609755
mask_oedema__t1__Baseline__original_firstorder_90Percentile,929.0964311045656
mask_oedema__t1__Baseline__original_firstorder_Energy,9435435086.257732
mask_oedema__t1__Baseline__original_firstorder_Entropy,5.358048243252863
mask_oedema__t1__Baseline__original_firstorder_InterquartileRange,70.1125324778659
mask_oedema__t1__Baseline__original_firstorder_Kurtosis,3.1978404517920063
mask_oedema__t1__Baseline__original_firstorder_MeanAbsoluteDeviation,40.404289998215575
mask_oedema__t1__Baseline__original_firstorder_Mean,862.762017435264
mask_oedema__t1__Baseline__original_firstorder_Median,860.7063467567519
mask_oedema__t1__Baseline__original_firstorder_Range,396.122795561342
mask_oedema__t1__Baseline__original_firstorder_RobustMeanAbsoluteDeviation,28.749847211656142
mask_oedema__t1__Baseline__original_firstorder_RootMeanSquared,864.2267754691476
mask_oedema__t1__Baseline__original_firstorder_Skewness,0.0115351608297675
mask_oedema__t1__Baseline__original_firstorder_TotalEnergy,9435435086.257732
mask_oedema__t1__Baseline__original_firstorder_Uniformity,0.0281712842121483
mask_oedema__t1__Baseline__original_firstorder_Variance,2529.6207088330725
mask_oedema__t1__Baseline__original_glcm_Autocorrelation,2526.759837010429
mask_oedema__t1__Baseline__original_glcm_ClusterProminence,346264.46962358017
mask_oedema__t1__Baseline__original_glcm_ClusterShade,857.9126439620534
mask_oedema__t1__Baseline__original_glcm_ClusterTendency,339.5438657416407
mask_oedema__t1__Baseline__original_glcm_Contrast,37.61245431081169
mask_oedema__t1__Baseline__original_glcm_Correlation,0.7994642906560715
mask_oedema__t1__Baseline__original_glcm_DifferenceAverage,4.598062664949169
mask_oedema__t1__Baseline__original_glcm_DifferenceEntropy,3.640658486072893
mask_oedema__t1__Baseline__original_glcm_DifferenceVariance,15.624025629622
mask_oedema__t1__Baseline__original_glcm_Id,0.2981875707643683
mask_oedema__t1__Baseline__original_glcm_Idm,0.2059310841899395
mask_oedema__t1__Baseline__original_glcm_Idmn,0.9943101574695824
mask_oedema__t1__Baseline__original_glcm_Idn,0.9476553430915402
mask_oedema__t1__Baseline__original_glcm_Imc1,-0.1747288138305326
mask_oedema__t1__Baseline__original_glcm_Imc2,0.9050760164830416
mask_oedema__t1__Baseline__original_glcm_InverseVariance,0.2141402969390327
mask_oedema__t1__Baseline__original_glcm_JointAverage,49.50996305191635
mask_oedema__t1__Baseline__original_glcm_JointEnergy,0.0016673975664337
mask_oedema__t1__Baseline__original_glcm_JointEntropy,9.68538429566997
mask_oedema__t1__Baseline__original_glcm_MCC,0.8123132086529884
mask_oedema__t1__Baseline__original_glcm_MaximumProbability,0.0041772990323897
mask_oedema__t1__Baseline__original_glcm_SumAverage,99.01992610383267
mask_oedema__t1__Baseline__original_glcm_SumEntropy,6.225503603005649
mask_oedema__t1__Baseline__original_glcm_SumSquares,94.28908001311312
mask_oedema__t1__Baseline__original_glrlm_GrayLevelNonUniformity,330.75191352222987
mask_oedema__t1__Baseline__original_glrlm_GrayLevelNonUniformityNormalized,0.0280575721270089
mask_oedema__t1__Baseline__original_glrlm_GrayLevelVariance,102.1671835020486
mask_oedema__t1__Baseline__original_glrlm_HighGrayLevelRunEmphasis,2611.952386937261
mask_oedema__t1__Baseline__original_glrlm_LongRunEmphasis,1.235092718700095
mask_oedema__t1__Baseline__original_glrlm_LongRunHighGrayLevelEmphasis,3207.116891733141
mask_oedema__t1__Baseline__original_glrlm_LongRunLowGrayLevelEmphasis,0.0007014728464736
mask_oedema__t1__Baseline__original_glrlm_LowGrayLevelRunEmphasis,0.0005942310996625
mask_oedema__t1__Baseline__original_glrlm_RunEntropy,5.729876358888621
mask_oedema__t1__Baseline__original_glrlm_RunLengthNonUniformity,10365.342084789228
mask_oedema__t1__Baseline__original_glrlm_RunLengthNonUniformityNormalized,0.8785992176118551
mask_oedema__t1__Baseline__original_glrlm_RunPercentage,0.933136047835644
mask_oedema__t1__Baseline__original_glrlm_RunVariance,0.0847768110959598
mask_oedema__t1__Baseline__original_glrlm_ShortRunEmphasis,0.9505117839359096
mask_oedema__t1__Baseline__original_glrlm_ShortRunHighGrayLevelEmphasis,2486.6320892832646
mask_oedema__t1__Baseline__original_glrlm_ShortRunLowGrayLevelEmphasis,0.000571559832725
mask_oedema__t1__Baseline__original_glszm_GrayLevelNonUniformity,128.75051124744377
mask_oedema__t1__Baseline__original_glszm_GrayLevelNonUniformityNormalized,0.0263293479033627
mask_oedema__t1__Baseline__original_glszm_GrayLevelVariance,120.28447288193009
mask_oedema__t1__Baseline__original_glszm_HighGrayLevelZoneEmphasis,2682.755828220859
mask_oedema__t1__Baseline__original_glszm_LargeAreaEmphasis,23.922494887525563
mask_oedema__t1__Baseline__original_glszm_LargeAreaHighGrayLevelEmphasis,55866.953374233126
mask_oedema__t1__Baseline__original_glszm_LargeAreaLowGrayLevelEmphasis,0.0118017813527799
mask_oedema__t1__Baseline__original_glszm_LowGrayLevelZoneEmphasis,0.0007931099538682
mask_oedema__t1__Baseline__original_glszm_SizeZoneNonUniformity,1783.7325153374234
mask_oedema__t1__Baseline__original_glszm_SizeZoneNonUniformityNormalized,0.3647714755291254
mask_oedema__t1__Baseline__original_glszm_SmallAreaEmphasis,0.626565757747877
mask_oedema__t1__Baseline__original_glszm_SmallAreaHighGrayLevelEmphasis,1670.1411438026455
mask_oedema__t1__Baseline__original_glszm_SmallAreaLowGrayLevelEmphasis,0.0006291584604078
mask_oedema__t1__Baseline__original_glszm_ZoneEntropy,7.5440012993316445
mask_oedema__t1__Baseline__original_glszm_ZonePercentage,0.3870814533364996
mask_oedema__t1__Baseline__original_glszm_ZoneVariance,17.24835547693427
mask_oedema__t1__Baseline__original_gldm_DependenceEntropy,7.738511366567653
mask_oedema__t1__Baseline__original_gldm_DependenceNonUniformity,2671.563286630254
mask_oedema__t1__Baseline__original_gldm_DependenceNonUniformityNormalized,0.2114749692575203
mask_oedema__t1__Baseline__original_gldm_DependenceVariance,2.308230898973073
mask_oedema__t1__Baseline__original_gldm_GrayLevelNonUniformity,355.88783345207
mask_oedema__t1__Baseline__original_gldm_GrayLevelVariance,101.2596119612973
mask_oedema__t1__Baseline__original_gldm_HighGrayLevelEmphasis,2606.5501464418585
mask_oedema__t1__Baseline__original_gldm_LargeDependenceEmphasis,9.807409166468773
mask_oedema__t1__Baseline__original_gldm_LargeDependenceHighGrayLevelEmphasis,24644.38439008945
mask_oedema__t1__Baseline__original_gldm_LargeDependenceLowGrayLevelEmphasis,0.0046436622801942
mask_oedema__t1__Baseline__original_gldm_LowGrayLevelEmphasis,0.0005849999112178
mask_oedema__t1__Baseline__original_gldm_SmallDependenceEmphasis,0.3306724915929422
mask_oedema__t1__Baseline__original_gldm_SmallDependenceHighGrayLevelEmphasis,878.1580592798243
mask_oedema__t1__Baseline__original_gldm_SmallDependenceLowGrayLevelEmphasis,0.0002827935587134
mask_oedema__t1__Baseline__original_ngtdm_Busyness,0.1686541452209133
mask_oedema__t1__Baseline__original_ngtdm_Coarseness,0.0012824430626931
mask_oedema__t1__Baseline__original_ngtdm_Complexity,6986.717023942242
mask_oedema__t1__Baseline__original_ngtdm_Contrast,0.0844377256978635
mask_oedema__t1__Baseline__original_ngtdm_Strength,3.406931674632632
mask_necrosis__fla__follow_up_1__original_shape_Elongation,0.7787157321965053
mask_necrosis__fla__follow_up_1__original_shape_Flatness,0.49803497027482607
mask_necrosis__fla__follow_up_1__original_shape_LeastAxisLength,4.195897287476727
mask_necrosis__fla__follow_up_1__original_shape_MajorAxisLength,8.42490495227944
mask_necrosis__fla__follow_up_1__original_shape_Maximum2DDiameterColumn,8.94427190999916
mask_necrosis__fla__follow_up_1__original_shape_Maximum2DDiameterRow,8.246211251235321
mask_necrosis__fla__follow_up_1__original_shape_Maximum2DDiameterSlice,7.280109889280518
mask_necrosis__fla__follow_up_1__original_shape_Maximum3DDiameter,9.16515138991168
mask_necrosis__fla__follow_up_1__original_shape_MeshVolume,130.375
mask_necrosis__fla__follow_up_1__original_shape_MinorAxisLength,6.560606028600249
mask_necrosis__fla__follow_up_1__original_shape_Sphericity,0.7264018191221725
mask_necrosis__fla__follow_up_1__original_shape_SurfaceArea,171.17358599342072
mask_necrosis__fla__follow_up_1__original_shape_SurfaceVolumeRatio,1.3129325867184714
mask_necrosis__fla__follow_up_1__original_shape_VoxelVolume,138.0
mask_necrosis__fla__follow_up_1__original_firstorder_10Percentile,741.6068627913822
mask_necrosis__fla__follow_up_1__original_firstorder_90Percentile,917.3490322918854
mask_necrosis__fla__follow_up_1__original_firstorder_Energy,96118714.29568024
mask_necrosis__fla__follow_up_1__original_firstorder_Entropy,5.377783950316886
mask_necrosis__fla__follow_up_1__original_firstorder_InterquartileRange,96.59298388219088
mask_necrosis__fla__follow_up_1__original_firstorder_Kurtosis,2.185415180279987
mask_necrosis__fla__follow_up_1__original_firstorder_MeanAbsoluteDeviation,55.40334938127226
mask_necrosis__fla__follow_up_1__original_firstorder_Mean,831.9438390410348
mask_necrosis__fla__follow_up_1__original_firstorder_Median,835.0427696013162
mask_necrosis__fla__follow_up_1__original_firstorder_Range,287.66481456202075
mask_necrosis__fla__follow_up_1__original_firstorder_RobustMeanAbsoluteDeviation,41.70436512881586
mask_necrosis__fla__follow_up_1__original_firstorder_RootMeanSquared,834.5731977678564
mask_necrosis__fla__follow_up_1__original_firstorder_Skewness,-0.0390897784978381
mask_necrosis__fla__follow_up_1__original_firstorder_TotalEnergy,96118714.29568024
mask_necrosis__fla__follow_up_1__original_firstorder_Uniformity,0.0261499684940138
mask_necrosis__fla__follow_up_1__original_firstorder_Variance,4381.871114130436
mask_necrosis__fla__follow_up_1__original_glcm_Autocorrelation,702.0863988589692
mask_necrosis__fla__follow_up_1__original_glcm_ClusterProminence,475164.4110723913
mask_necrosis__fla__follow_up_1__original_glcm_ClusterShade,-750.4460608780737
mask_necrosis__fla__follow_up_1__original_glcm_ClusterTendency,456.38849027186063
mask_necrosis__fla__follow_up_1__original_glcm_Contrast,161.8549197981223
mask_necrosis__fla__follow_up_1__original_glcm_Correlation,0.4779566283735356
mask_necrosis__fla__follow_up_1__original_glcm_DifferenceAverage,10.238221566186784
mask_necrosis__fla__follow_up_1__original_glcm_DifferenceEntropy,4.343317516363519
mask_necrosis__fla__follow_up_1__original_glcm_DifferenceVariance,50.25377577503653
mask_necrosis__fla__follow_up_1__original_glcm_Id,0.1686544960109187
mask_necrosis__fla__follow_up_1__original_glcm_Idm,0.0883413819456309
mask_necrosis__fla__follow_up_1__original_glcm_Idmn,0.9573773416066866
mask_necrosis__fla__follow_up_1__original_glcm_Idn,0.8596695394079504
mask_necrosis__fla__follow_up_1__original_glcm_Imc1,-0.6216347691367717
mask_necrosis__fla__follow_up_1__original_glcm_Imc2,0.9992331343762572
mask_necrosis__fla__follow_up_1__original_glcm_InverseVariance,0.0924934043345011
mask_necrosis__fla__follow_up_1__original_glcm_JointAverage,25.06777020288387
mask_necrosis__fla__follow_up_1__original_glcm_JointEnergy,0.0068299731475379
mask_necrosis__fla__follow_up_1__original_glcm_JointEntropy,7.24367607634221
mask_necrosis__fla__follow_up_1__original_glcm_MCC,0.931444191673193
mask_necrosis__fla__follow_up_1__original_glcm_MaximumProbability,0.0127631438272605
mask_necrosis__fla__follow_up_1__original_glcm_SumAverage,50.13554040576774
mask_necrosis__fla__follow_up_1__original_glcm_SumEntropy,5.540319537051674
mask_necrosis__fla__follow_up_1__original_glcm_SumSquares,154.56085251749576
mask_necrosis__fla__follow_up_1__original_glrlm_GrayLevelNonUniformity,3.53443182428366
mask_necrosis__fla__follow_up_1__original_glrlm_GrayLevelNonUniformityNormalized,0.0260768030025937
mask_necrosis__fla__follow_up_1__original_glrlm_GrayLevelVariance,175.44481879841473
mask_necrosis__fla__follow_up_1__original_glrlm_HighGrayLevelRunEmphasis,844.7855086756256
mask_necrosis__fla__follow_up_1__original_glrlm_LongRunEmphasis,1.0546273076931294
mask_necrosis__fla__follow_up_1__original_glrlm_LongRunHighGrayLevelEmphasis,881.8275312531192
mask_necrosis__fla__follow_up_1__original_glrlm_LongRunLowGrayLevelEmphasis,0.0400305755990993
mask_necrosis__fla__follow_up_1__original_glrlm_LowGrayLevelRunEmphasis,0.0363817559282526
mask_necrosis__fla__follow_up_1__original_glrlm_RunEntropy,5.433753068929321
mask_necrosis__fla__follow_up_1__original_glrlm_RunLengthNonUniformity,130.71802000007557
mask_necrosis__fla__follow_up_1__original_glrlm_RunLengthNonUniformityNormalized,0.9643426127656556
mask_necrosis__fla__follow_up_1__original_glrlm_RunPercentage,0.9821627647714604
mask_necrosis__fla__follow_up_1__original_glrlm_RunVariance,0.017828693617172
mask_necrosis__fla__follow_up_1__original_glrlm_ShortRunEmphasis,0.9863431730767174
mask_necrosis__fla__follow_up_1__original_glrlm_ShortRunHighGrayLevelEmphasis,835.5250030312525
mask_necrosis__fla__follow_up_1__original_glrlm_ShortRunLowGrayLevelEmphasis,0.0354695510105409
mask_necrosis__fla__follow_up_1__original_glszm_GrayLevelNonUniformity,2.7757009345794392
mask_necrosis__fla__follow_up_1__original_glszm_GrayLevelNonUniformityNormalized,0.0259411302297143
mask_necrosis__fla__follow_up_1__original_glszm_GrayLevelVariance,180.08122980172942
mask_necrosis__fla__follow_up_1__original_glszm_HighGrayLevelZoneEmphasis,883.5700934579439
mask_necrosis__fla__follow_up_1__original_glszm_LargeAreaEmphasis,2.149532710280374
mask_necrosis__fla__follow_up_1__original_glszm_LargeAreaHighGrayLevelEmphasis,1601.1121495327102
mask_necrosis__fla__follow_up_1__original_glszm_LargeAreaLowGrayLevelEmphasis,0.1077205961734511
mask_necrosis__fla__follow_up_1__original_glszm_LowGrayLevelZoneEmphasis,0.0277880821949292
mask_necrosis__fla__follow_up_1__original_glszm_SizeZoneNonUniformity,72.4392523364486
mask_necrosis__fla__follow_up_1__original_glszm_SizeZoneNonUniformityNormalized,0.6770023582845663
mask_necrosis__fla__follow_up_1__original_glszm_SmallAreaEmphasis,0.8483099688473521
mask_necrosis__fla__follow_up_1__original_glszm_SmallAreaHighGrayLevelEmphasis,761.9147559709241
mask_necrosis__fla__follow_up_1__original_glszm_SmallAreaLowGrayLevelEmphasis,0.0189563559406698
mask_necrosis__fla__follow_up_1__original_glszm_ZoneEntropy,5.737877472520247
mask_necrosis__fla__follow_up_1__original_glszm_ZonePercentage,0.7753623188405797
mask_necrosis__fla__follow_up_1__original_glszm_ZoneVariance,0.4861559961568696
mask_necrosis__fla__follow_up_1__original_gldm_DependenceEntropy,5.962589924260627
mask_necrosis__fla__follow_up_1__original_gldm_DependenceNonUniformity,67.44927536231884
mask_necrosis__fla__follow_up_1__original_gldm_DependenceNonUniformityNormalized,0.4887628649443394
mask_necrosis__fla__follow_up_1__original_gldm_DependenceVariance,0.4805713085486242
mask_necrosis__fla__follow_up_1__original_gldm_GrayLevelNonUniformity,3.608695652173913
mask_necrosis__fla__follow_up_1__original_gldm_GrayLevelVariance,175.19181894559966
mask_necrosis__fla__follow_up_1__original_gldm_HighGrayLevelEmphasis,841.804347826087
mask_necrosis__fla__follow_up_1__original_gldm_LargeDependenceEmphasis,2.6231884057971016
mask_necrosis__fla__follow_up_1__original_gldm_LargeDependenceHighGrayLevelEmphasis,1873.0072463768115
mask_necrosis__fla__follow_up_1__original_gldm_LargeDependenceLowGrayLevelEmphasis,0.1457574404723196
mask_necrosis__fla__follow_up_1__original_gldm_LowGrayLevelEmphasis,0.0369256462716518
mask_necrosis__fla__follow_up_1__original_gldm_SmallDependenceEmphasis,0.7117049114331723
mask_necrosis__fla__follow_up_1__original_gldm_SmallDependenceHighGrayLevelEmphasis,629.7609702093398
mask_necrosis__fla__follow_up_1__original_gldm_SmallDependenceLowGrayLevelEmphasis,0.0185158113668961
mask_necrosis__fla__follow_up_1__original_ngtdm_Busyness,0.0231291963645539
mask_necrosis__fla__follow_up_1__original_ngtdm_Coarseness,0.0473094996899155
mask_necrosis__fla__follow_up_1__original_ngtdm_Complexity,5778.278572695036
mask_necrosis__fla__follow_up_1__original_ngtdm_Contrast,1.0195311427417055
mask_necrosis__fla__follow_up_1__original_ngtdm_Strength,43.80667916846391
mask_all__fla__follow_up_1__original_shape_Elongation,0.8194789649378824
mask_all__fla__follow_up_1__original_shape_Flatness,0.6498490360453792
mask_all__fla__follow_up_1__original_shape_LeastAxisLength,13.752895635840428
mask_all__fla__follow_up_1__original_shape_MajorAxisLength,21.16321618253514
mask_all__fla__follow_up_1__original_shape_Maximum2DDiameterColumn,24.413111231467404
mask_all__fla__follow_up_1__original_shape_Maximum2DDiameterRow,25.612496949731398
mask_all__fla__follow_up_1__original_shape_Maximum2DDiameterSlice,22.84731931759173
mask_all__fla__follow_up_1__original_shape_Maximum3DDiameter,25.78759391645525
mask_all__fla__follow_up_1__original_shape_MeshVolume,3078.7916666666665
mask_all__fla__follow_up_1__original_shape_MinorAxisLength,17.34281049202054
mask_all__fla__follow_up_1__original_shape_Sphericity,0.6624538723248553
mask_all__fla__follow_up_1__original_shape_SurfaceArea,1544.9532762676731
mask_all__fla__follow_up_1__original_shape_SurfaceVolumeRatio,0.5018050727480229
mask_all__fla__follow_up_1__original_shape_VoxelVolume,3101.0
mask_all__fla__follow_up_1__original_firstorder_10Percentile,727.5247076125097
mask_all__fla__follow_up_1__original_firstorder_90Percentile,1024.0
mask_all__fla__follow_up_1__original_firstorder_Energy,2468640320.2831244
mask_all__fla__follow_up_1__original_firstorder_Entropy,5.767125429392636
mask_all__fla__follow_up_1__original_firstorder_InterquartileRange,191.15925533646305
mask_all__fla__follow_up_1__original_firstorder_Kurtosis,3.704669913179736
mask_all__fla__follow_up_1__original_firstorder_MeanAbsoluteDeviation,96.97178875843194
mask_all__fla__follow_up_1__original_firstorder_Mean,884.4986432968785
mask_all__fla__follow_up_1__original_firstorder_Median,890.4222140793564
mask_all__fla__follow_up_1__original_firstorder_Range,829.6115202170278
mask_all__fla__follow_up_1__original_firstorder_RobustMeanAbsoluteDeviation,81.04672312509588
mask_all__fla__follow_up_1__original_firstorder_RootMeanSquared,892.2324739546349
mask_all__fla__follow_up_1__original_firstorder_Skewness,-0.7339939798956177
mask_all__fla__follow_up_1__original_firstorder_TotalEnergy,2468640320.2831244
mask_all__fla__follow_up_1__original_firstorder_Uniformity,0.0457358368445085
mask_all__fla__follow_up_1__original_firstorder_Variance,13740.937585189104
mask_all__fla__follow_up_1__original_glcm_Autocorrelation,20642.9265817258
mask_all__fla__follow_up_1__original_glcm_ClusterProminence,8950049.649495069
mask_all__fla__follow_up_1__original_glcm_ClusterShade,-48821.65535258217
mask_all__fla__follow_up_1__original_glcm_ClusterTendency,1708.9663783708866
mask_all__fla__follow_up_1__original_glcm_Contrast,231.81011080521608
mask_all__fla__follow_up_1__original_glcm_Correlation,0.760714756282193
mask_all__fla__follow_up_1__original_glcm_DifferenceAverage,10.770669028082816
mask_all__fla__follow_up_1__original_glcm_DifferenceEntropy,4.782015980586441
mask_all__fla__follow_up_1__original_glcm_DifferenceVariance,109.58399858586618
mask_all__fla__follow_up_1__original_glcm_Id,0.276167533098446
mask_all__fla__follow_up_1__original_glcm_Idm,0.2111484653037122
mask_all__fla__follow_up_1__original_glcm_Idmn,0.9919977045502696
mask_all__fla__follow_up_1__original_glcm_Idn,0.9426045003476472
mask_all__fla__follow_up_1__original_glcm_Imc1,-0.2559885220577181
mask_all__fla__follow_up_1__original_glcm_Imc2,0.9686490234617
mask_all__fla__follow_up_1__original_glcm_InverseVariance,0.0754900074295272
mask_all__fla__follow_up_1__original_glcm_JointAverage,142.3844919008993
mask_all__fla__follow_up_1__original_glcm_JointEnergy,0.021523600434481
mask_all__fla__follow_up_1__original_glcm_JointEntropy,9.731025460807656
mask_all__fla__follow_up_1__original_glcm_MCC,0.8520823388234144
mask_all__fla__follow_up_1__original_glcm_MaximumProbability,0.1431968673642034
mask_all__fla__follow_up_1__original_glcm_SumAverage,284.76898380179875
mask_all__fla__follow_up_1__original_glcm_SumEntropy,6.637145427384751
mask_all__fla__follow_up_1__original_glcm_SumSquares,485.1941222940258
mask_all__fla__follow_up_1__original_glrlm_GrayLevelNonUniformity,51.10801175187388
mask_all__fla__follow_up_1__original_glrlm_GrayLevelNonUniformityNormalized,0.0190465357028253
mask_all__fla__follow_up_1__original_glrlm_GrayLevelVariance,504.5453152363556
mask_all__fla__follow_up_1__original_glrlm_HighGrayLevelRunEmphasis,18875.76340646634
mask_all__fla__follow_up_1__original_glrlm_LongRunEmphasis,1.8642626915296316
mask_all__fla__follow_up_1__original_glrlm_LongRunHighGrayLevelEmphasis,42436.70787515627
mask_all__fla__follow_up_1__original_glrlm_LongRunLowGrayLevelEmphasis,0.0004708358039257
mask_all__fla__follow_up_1__original_glrlm_LowGrayLevelRunEmphasis,0.0004385306171987
mask_all__fla__follow_up_1__original_glrlm_RunEntropy,6.457541444711296
mask_all__fla__follow_up_1__original_glrlm_RunLengthNonUniformity,2283.300708087955
mask_all__fla__follow_up_1__original_glrlm_RunLengthNonUniformityNormalized,0.8531427843880844
mask_all__fla__follow_up_1__original_glrlm_RunPercentage,0.8630714657802693
mask_all__fla__follow_up_1__original_glrlm_RunVariance,0.5193291240382166
mask_all__fla__follow_up_1__original_glrlm_ShortRunEmphasis,0.93564500279249
mask_all__fla__follow_up_1__original_glrlm_ShortRunHighGrayLevelEmphasis,17207.314939269352
mask_all__fla__follow_up_1__original_glrlm_ShortRunLowGrayLevelEmphasis,0.0004359165986154
mask_all__fla__follow_up_1__original_glszm_GrayLevelNonUniformity,26.593023255813957
mask_all__fla__follow_up_1__original_glszm_GrayLevelNonUniformityNormalized,0.014055509120409
mask_all__fla__follow_up_1__original_glszm_GrayLevelVariance,476.4736980901001
mask_all__fla__follow_up_1__original_glszm_HighGrayLevelZoneEmphasis,17835.232558139534
mask_all__fla__follow_up_1__original_glszm_LargeAreaEmphasis,185.76797040169131
mask_all__fla__follow_up_1__original_glszm_LargeAreaHighGrayLevelEmphasis,5158475.327167019
mask_all__fla__follow_up_1__original_glszm_LargeAreaLowGrayLevelEmphasis,0.0072534653704994
mask_all__fla__follow_up_1__original_glszm_LowGrayLevelZoneEmphasis,0.000598605172864
mask_all__fla__follow_up_1__original_glszm_SizeZoneNonUniformity,1217.2938689217758
mask_all__fla__follow_up_1__original_glszm_SizeZoneNonUniformityNormalized,0.6433899941447019
mask_all__fla__follow_up_1__original_glszm_SmallAreaEmphasis,0.8297017900476373
mask_all__fla__follow_up_1__original_glszm_SmallAreaHighGrayLevelEmphasis,14630.394333091404
mask_all__fla__follow_up_1__original_glszm_SmallAreaLowGrayLevelEmphasis,0.000588719205593
mask_all__fla__follow_up_1__original_glszm_ZoneEntropy,7.191092692879387
mask_all__fla__follow_up_1__original_glszm_ZonePercentage,0.6101257658819735
mask_all__fla__follow_up_1__original_glszm_ZoneVariance,183.08162861095343
mask_all__fla__follow_up_1__original_gldm_DependenceEntropy,7.60325197188739
mask_all__fla__follow_up_1__original_gldm_DependenceNonUniformity,924.4737181554336
mask_all__fla__follow_up_1__original_gldm_DependenceNonUniformityNormalized,0.2981211603210041
mask_all__fla__follow_up_1__original_gldm_DependenceVariance,44.82684086990279
mask_all__fla__follow_up_1__original_gldm_GrayLevelNonUniformity,141.82683005482102
mask_all__fla__follow_up_1__original_gldm_GrayLevelVariance,546.5433074870211
mask_all__fla__follow_up_1__original_gldm_HighGrayLevelEmphasis,19963.58626249597
mask_all__fla__follow_up_1__original_gldm_LargeDependenceEmphasis,65.62173492421799
mask_all__fla__follow_up_1__original_gldm_LargeDependenceHighGrayLevelEmphasis,1808175.3792325056
mask_all__fla__follow_up_1__original_gldm_LargeDependenceLowGrayLevelEmphasis,0.0027345433071028
mask_all__fla__follow_up_1__original_gldm_LowGrayLevelEmphasis,0.0003835486755565
mask_all__fla__follow_up_1__original_gldm_SmallDependenceEmphasis,0.5513106704620427
mask_all__fla__follow_up_1__original_gldm_SmallDependenceHighGrayLevelEmphasis,9785.934443684198
mask_all__fla__follow_up_1__original_gldm_SmallDependenceLowGrayLevelEmphasis,0.0003617764639784
mask_all__fla__follow_up_1__original_ngtdm_Busyness,0.0360171060464908
mask_all__fla__follow_up_1__original_ngtdm_Coarseness,0.0015019319884895
mask_all__fla__follow_up_1__original_ngtdm_Complexity,45680.43340092616
mask_all__fla__follow_up_1__original_ngtdm_Contrast,0.5952098846266938
mask_all__fla__follow_up_1__original_ngtdm_Strength,30.571572265918643
mask_tumor__fla__follow_up_1__original_shape_Elongation,0.7065158185916608
mask_tumor__fla__follow_up_1__original_shape_Flatness,0.5864627195349807
mask_tumor__fla__follow_up_1__original_shape_LeastAxisLength,9.187725469499776
mask_tumor__fla__follow_up_1__original_shape_MajorAxisLength,15.66634188919106
mask_tumor__fla__follow_up_1__original_shape_Maximum2DDiameterColumn,16.55294535724685
mask_tumor__fla__follow_up_1__original_shape_Maximum2DDiameterRow,17.0
mask_tumor__fla__follow_up_1__original_shape_Maximum2DDiameterSlice,12.806248474865695
mask_tumor__fla__follow_up_1__original_shape_Maximum3DDiameter,17.378147196982766
mask_tumor__fla__follow_up_1__original_shape_MeshVolume,810.6666666666666
mask_tumor__fla__follow_up_1__original_shape_MinorAxisLength,11.06851836417865
mask_tumor__fla__follow_up_1__original_shape_Sphericity,0.5263283596903291
mask_tumor__fla__follow_up_1__original_shape_SurfaceArea,798.8322023151715
mask_tumor__fla__follow_up_1__original_shape_SurfaceVolumeRatio,0.985401565355886
mask_tumor__fla__follow_up_1__original_shape_VoxelVolume,820.0
mask_tumor__fla__follow_up_1__original_firstorder_10Percentile,659.9585989519422
mask_tumor__fla__follow_up_1__original_firstorder_90Percentile,987.5263420610106
mask_tumor__fla__follow_up_1__original_firstorder_Energy,557314849.4284356
mask_tumor__fla__follow_up_1__original_firstorder_Entropy,6.398858405480179
mask_tumor__fla__follow_up_1__original_firstorder_InterquartileRange,178.22797919639322
mask_tumor__fla__follow_up_1__original_firstorder_Kurtosis,4.013804970659109
mask_tumor__fla__follow_up_1__original_firstorder_MeanAbsoluteDeviation,102.5501708455127
mask_tumor__fla__follow_up_1__original_firstorder_Mean,814.2095587544408
mask_tumor__fla__follow_up_1__original_firstorder_Median,822.7729225217215
mask_tumor__fla__follow_up_1__original_firstorder_Range,829.6115202170278
mask_tumor__fla__follow_up_1__original_firstorder_RobustMeanAbsoluteDeviation,73.16297185954168
mask_tumor__fla__follow_up_1__original_firstorder_RootMeanSquared,824.4102470254304
mask_tumor__fla__follow_up_1__original_firstorder_Skewness,-0.6361118940691043
mask_tumor__fla__follow_up_1__original_firstorder_TotalEnergy,557314849.4284356
mask_tumor__fla__follow_up_1__original_firstorder_Uniformity,0.0139767995240928
mask_tumor__fla__follow_up_1__original_firstorder_Variance,16715.049833429806
mask_tumor__fla__follow_up_1__original_glcm_Autocorrelation,16373.615747717016
mask_tumor__fla__follow_up_1__original_glcm_ClusterProminence,11339672.136225156
mask_tumor__fla__follow_up_1__original_glcm_ClusterShade,-22092.43742170801
mask_tumor__fla__follow_up_1__original_glcm_ClusterTendency,1984.4828594169844
mask_tumor__fla__follow_up_1__original_glcm_Contrast,282.26458775995025
mask_tumor__fla__follow_up_1__original_glcm_Correlation,0.7510962243451392
mask_tumor__fla__follow_up_1__original_glcm_DifferenceAverage,11.75025091401518
mask_tumor__fla__follow_up_1__original_glcm_DifferenceEntropy,4.869797934033944
mask_tumor__fla__follow_up_1__original_glcm_DifferenceVariance,136.50486443185807
mask_tumor__fla__follow_up_1__original_glcm_Id,0.1850630081100378
mask_tumor__fla__follow_up_1__original_glcm_Idm,0.1078656989176321
mask_tumor__fla__follow_up_1__original_glcm_Idmn,0.9904906687806324
mask_tumor__fla__follow_up_1__original_glcm_Idn,0.9379794044549524
mask_tumor__fla__follow_up_1__original_glcm_Imc1,-0.4657292227747339
mask_tumor__fla__follow_up_1__original_glcm_Imc2,0.9985972014242326
mask_tumor__fla__follow_up_1__original_glcm_InverseVariance,0.0977218593185447
mask_tumor__fla__follow_up_1__original_glcm_JointAverage,126.28402606166831
mask_tumor__fla__follow_up_1__original_glcm_JointEnergy,0.0015853450982206
mask_tumor__fla__follow_up_1__original_glcm_JointEntropy,9.69420239023648
mask_tumor__fla__follow_up_1__original_glcm_MCC,0.8922928838656489
mask_tumor__fla__follow_up_1__original_glcm_MaximumProbability,0.0168340625228906
mask_tumor__fla__follow_up_1__original_glcm_SumAverage,252.5680521233365
mask_tumor__fla__follow_up_1__original_glcm_SumEntropy,7.124851916030441
mask_tumor__fla__follow_up_1__original_glcm_SumSquares,566.6868617942333
mask_tumor__fla__follow_up_1__original_glrlm_GrayLevelNonUniformity,10.62941585636094
mask_tumor__fla__follow_up_1__original_glrlm_GrayLevelNonUniformityNormalized,0.0133945942313797
mask_tumor__fla__follow_up_1__original_glrlm_GrayLevelVariance,659.7760179280145
mask_tumor__fla__follow_up_1__original_glrlm_HighGrayLevelRunEmphasis,16230.607450432388
mask_tumor__fla__follow_up_1__original_glrlm_LongRunEmphasis,1.1100372403701209
mask_tumor__fla__follow_up_1__original_glrlm_LongRunHighGrayLevelEmphasis,18547.105992659883
mask_tumor__fla__follow_up_1__original_glrlm_LongRunLowGrayLevelEmphasis,0.0013558919839036
mask_tumor__fla__follow_up_1__original_glrlm_LowGrayLevelRunEmphasis,0.0013499107434947
mask_tumor__fla__follow_up_1__original_glrlm_RunEntropy,6.548047652131606
mask_tumor__fla__follow_up_1__original_glrlm_RunLengthNonUniformity,747.7087815918187
mask_tumor__fla__follow_up_1__original_glrlm_RunLengthNonUniformityNormalized,0.9421580351841956
mask_tumor__fla__follow_up_1__original_glrlm_RunPercentage,0.9675422138836772
mask_tumor__fla__follow_up_1__original_glrlm_RunVariance,0.0412330361393135
mask_tumor__fla__follow_up_1__original_glrlm_ShortRunEmphasis,0.9771347740526506
mask_tumor__fla__follow_up_1__original_glrlm_ShortRunHighGrayLevelEmphasis,15770.356639349284
mask_tumor__fla__follow_up_1__original_glrlm_ShortRunLowGrayLevelEmphasis,0.001348611150651
mask_tumor__fla__follow_up_1__original_glszm_GrayLevelNonUniformity,7.147008547008547
mask_tumor__fla__follow_up_1__original_glszm_GrayLevelNonUniformityNormalized,0.012217108627365
mask_tumor__fla__follow_up_1__original_glszm_GrayLevelVariance,695.4028022499816
mask_tumor__fla__follow_up_1__original_glszm_HighGrayLevelZoneEmphasis,15659.174358974358
mask_tumor__fla__follow_up_1__original_glszm_LargeAreaEmphasis,4.116239316239316
mask_tumor__fla__follow_up_1__original_glszm_LargeAreaHighGrayLevelEmphasis,86235.15384615384
mask_tumor__fla__follow_up_1__original_glszm_LargeAreaLowGrayLevelEmphasis,0.0019630479149716
mask_tumor__fla__follow_up_1__original_glszm_LowGrayLevelZoneEmphasis,0.0018079497824263
mask_tumor__fla__follow_up_1__original_glszm_SizeZoneNonUniformity,363.1025641025641
mask_tumor__fla__follow_up_1__original_glszm_SizeZoneNonUniformityNormalized,0.6206881437650669
mask_tumor__fla__follow_up_1__original_glszm_SmallAreaEmphasis,0.8159855011802326
mask_tumor__fla__follow_up_1__original_glszm_SmallAreaHighGrayLevelEmphasis,12585.26879401347
mask_tumor__fla__follow_up_1__original_glszm_SmallAreaLowGrayLevelEmphasis,0.0017956457188956
mask_tumor__fla__follow_up_1__original_glszm_ZoneEntropy,7.273294002844468
mask_tumor__fla__follow_up_1__original_glszm_ZonePercentage,0.7134146341463414
mask_tumor__fla__follow_up_1__original_glszm_ZoneVariance,2.151450069398788
mask_tumor__fla__follow_up_1__original_gldm_DependenceEntropy,7.607746579839215
mask_tumor__fla__follow_up_1__original_gldm_DependenceNonUniformity,330.3829268292683
mask_tumor__fla__follow_up_1__original_gldm_DependenceNonUniformityNormalized,0.402906008328376
mask_tumor__fla__follow_up_1__original_gldm_DependenceVariance,2.795145746579417
mask_tumor__fla__follow_up_1__original_gldm_GrayLevelNonUniformity,11.460975609756098
mask_tumor__fla__follow_up_1__original_gldm_GrayLevelVariance,666.9261436644855
mask_tumor__fla__follow_up_1__original_gldm_HighGrayLevelEmphasis,16374.65731707317
mask_tumor__fla__follow_up_1__original_gldm_LargeDependenceEmphasis,6.195121951219512
mask_tumor__fla__follow_up_1__original_gldm_LargeDependenceHighGrayLevelEmphasis,139107.08170731706
mask_tumor__fla__follow_up_1__original_gldm_LargeDependenceLowGrayLevelEmphasis,0.0015531681007399
mask_tumor__fla__follow_up_1__original_gldm_LowGrayLevelEmphasis,0.0013076669135428
mask_tumor__fla__follow_up_1__original_gldm_SmallDependenceEmphasis,0.637513118811025
mask_tumor__fla__follow_up_1__original_gldm_SmallDependenceHighGrayLevelEmphasis,9910.25296802635
mask_tumor__fla__follow_up_1__original_gldm_SmallDependenceLowGrayLevelEmphasis,0.0012846990460099
mask_tumor__fla__follow_up_1__original_ngtdm_Busyness,0.0059430784289163
mask_tumor__fla__follow_up_1__original_ngtdm_Coarseness,0.0135263914762916
mask_tumor__fla__follow_up_1__original_ngtdm_Complexity,39945.717782142056
mask_tumor__fla__follow_up_1__original_ngtdm_Contrast,0.8379358168954196
mask_tumor__fla__follow_up_1__original_ngtdm_Strength,81.41470913217641
mask_oedema__fla__follow_up_1__original_shape_Elongation,0.674329103433364
mask_oedema__fla__follow_up_1__original_shape_Flatness,0.6330380781584797
mask_oedema__fla__follow_up_1__original_shape_LeastAxisLength,14.84978429949127
mask_oedema__fla__follow_up_1__original_shape_MajorAxisLength,23.45796376529131
mask_oedema__fla__follow_up_1__original_shape_Maximum2DDiameterColumn,23.021728866442675
mask_oedema__fla__follow_up_1__original_shape_Maximum2DDiameterRow,25.612496949731398
mask_oedema__fla__follow_up_1__original_shape_Maximum2DDiameterSlice,22.84731931759173
mask_oedema__fla__follow_up_1__original_shape_Maximum3DDiameter,25.78759391645525
mask_oedema__fla__follow_up_1__original_shape_MeshVolume,2107.708333333333
mask_oedema__fla__follow_up_1__original_shape_MinorAxisLength,15.818387674221228
mask_oedema__fla__follow_up_1__original_shape_Sphericity,0.5134593931517373
mask_oedema__fla__follow_up_1__original_shape_SurfaceArea,1548.287816664863
mask_oedema__fla__follow_up_1__original_shape_SurfaceVolumeRatio,0.7345835247594487
mask_oedema__fla__follow_up_1__original_shape_VoxelVolume,2143.0
mask_oedema__fla__follow_up_1__original_firstorder_10Percentile,771.7460139548057
mask_oedema__fla__follow_up_1__original_firstorder_90Percentile,1024.0
mask_oedema__fla__follow_up_1__original_firstorder_Energy,1815206756.5590088
mask_oedema__fla__follow_up_1__original_firstorder_Entropy,5.288711897087186
mask_oedema__fla__follow_up_1__original_firstorder_InterquartileRange,186.86466336575063
mask_oedema__fla__follow_up_1__original_firstorder_Kurtosis,2.3400223339763904
mask_oedema__fla__follow_up_1__original_firstorder_MeanAbsoluteDeviation,87.00511505875475
mask_oedema__fla__follow_up_1__original_firstorder_Mean,914.7784437224994
mask_oedema__fla__follow_up_1__original_firstorder_Median,931.5716869010096
mask_oedema__fla__follow_up_1__original_firstorder_Range,512.6083750329749
mask_oedema__fla__follow_up_1__original_firstorder_RobustMeanAbsoluteDeviation,72.08936536582954
mask_oedema__fla__follow_up_1__original_firstorder_RootMeanSquared,920.3477696282712
mask_oedema__fla__follow_up_1__original_firstorder_Skewness,-0.5853833944367626
mask_oedema__fla__follow_up_1__original_firstorder_TotalEnergy,1815206756.5590088
mask_oedema__fla__follow_up_1__original_firstorder_Uniformity,0.0760968711900774
mask_oedema__fla__follow_up_1__original_firstorder_Variance,10220.415960375163
mask_oedema__fla__follow_up_1__original_glcm_Autocorrelation,7487.452522229769
mask_oedema__fla__follow_up_1__original_glcm_ClusterProminence,3317091.081631209
mask_oedema__fla__follow_up_1__original_glcm_ClusterShade,-27616.516143495548
mask_oedema__fla__follow_up_1__original_glcm_ClusterTendency,1122.4211238888838
mask_oedema__fla__follow_up_1__original_glcm_Contrast,226.99897339607315
mask_oedema__fla__follow_up_1__original_glcm_Correlation,0.6627191355008021
mask_oedema__fla__follow_up_1__original_glcm_DifferenceAverage,10.639524499247758
mask_oedema__fla__follow_up_1__original_glcm_DifferenceEntropy,4.623959060043406
mask_oedema__fla__follow_up_1__original_glcm_DifferenceVariance,105.0433101415606
mask_oedema__fla__follow_up_1__original_glcm_Id,0.3197931212325759
mask_oedema__fla__follow_up_1__original_glcm_Idm,0.261365134719662
mask_oedema__fla__follow_up_1__original_glcm_Idmn,0.9801131242945768
mask_oedema__fla__follow_up_1__original_glcm_Idn,0.9137836470644528
mask_oedema__fla__follow_up_1__original_glcm_Imc1,-0.2668955836924953
mask_oedema__fla__follow_up_1__original_glcm_Imc2,0.9618332949342652
mask_oedema__fla__follow_up_1__original_glcm_InverseVariance,0.0633583865462179
mask_oedema__fla__follow_up_1__original_glcm_JointAverage,85.22285116500456
mask_oedema__fla__follow_up_1__original_glcm_JointEnergy,0.044114794571428
mask_oedema__fla__follow_up_1__original_glcm_JointEntropy,8.601689797761917
mask_oedema__fla__follow_up_1__original_glcm_MCC,0.7328793288754435
mask_oedema__fla__follow_up_1__original_glcm_MaximumProbability,0.206093504150979
mask_oedema__fla__follow_up_1__original_glcm_SumAverage,170.44570233000908
mask_oedema__fla__follow_up_1__original_glcm_SumEntropy,6.04469573132249
mask_oedema__fla__follow_up_1__original_glcm_SumSquares,337.3550243212396
mask_oedema__fla__follow_up_1__original_glrlm_GrayLevelNonUniformity,50.117024969932274
mask_oedema__fla__follow_up_1__original_glrlm_GrayLevelNonUniformityNormalized,0.0279975263101055
mask_oedema__fla__follow_up_1__original_glrlm_GrayLevelVariance,378.06503017862207
mask_oedema__fla__follow_up_1__original_glrlm_HighGrayLevelRunEmphasis,6351.08492105126
mask_oedema__fla__follow_up_1__original_glrlm_LongRunEmphasis,2.10785470916017
mask_oedema__fla__follow_up_1__original_glrlm_LongRunHighGrayLevelEmphasis,17931.29745951597
mask_oedema__fla__follow_up_1__original_glrlm_LongRunLowGrayLevelEmphasis,0.0008898610960168
mask_oedema__fla__follow_up_1__original_glrlm_LowGrayLevelRunEmphasis,0.0007811317719668
mask_oedema__fla__follow_up_1__original_glrlm_RunEntropy,6.1778795146189145
mask_oedema__fla__follow_up_1__original_glrlm_RunLengthNonUniformity,1454.2385449811898
mask_oedema__fla__follow_up_1__original_glrlm_RunLengthNonUniformityNormalized,0.8169113134022894
mask_oedema__fla__follow_up_1__original_glrlm_RunPercentage,0.8307907677949674
mask_oedema__fla__follow_up_1__original_glrlm_RunVariance,0.6541328972385633
mask_oedema__fla__follow_up_1__original_glrlm_ShortRunEmphasis,0.9182042122431348
mask_oedema__fla__follow_up_1__original_glrlm_ShortRunHighGrayLevelEmphasis,5523.623331773239
mask_oedema__fla__follow_up_1__original_glrlm_ShortRunLowGrayLevelEmphasis,0.0007724276217908
mask_oedema__fla__follow_up_1__original_glszm_GrayLevelNonUniformity,20.846986089644517
mask_oedema__fla__follow_up_1__original_glszm_GrayLevelNonUniformityNormalized,0.0161104992964795
mask_oedema__fla__follow_up_1__original_glszm_GrayLevelVariance,328.8766247261765
mask_oedema__fla__follow_up_1__original_glszm_HighGrayLevelZoneEmphasis,5612.840803709428
mask_oedema__fla__follow_up_1__original_glszm_LargeAreaEmphasis,238.16924265842349
mask_oedema__fla__follow_up_1__original_glszm_LargeAreaHighGrayLevelEmphasis,2518475.673106646
mask_oedema__fla__follow_up_1__original_glszm_LargeAreaLowGrayLevelEmphasis,0.0234527046858489
mask_oedema__fla__follow_up_1__original_glszm_LowGrayLevelZoneEmphasis,0.0010170373904272
mask_oedema__fla__follow_up_1__original_glszm_SizeZoneNonUniformity,904.7774343122102
mask_oedema__fla__follow_up_1__original_glszm_SizeZoneNonUniformityNormalized,0.699209763765232
mask_oedema__fla__follow_up_1__original_glszm_SmallAreaEmphasis,0.8621828269705928
mask_oedema__fla__follow_up_1__original_glszm_SmallAreaHighGrayLevelEmphasis,4730.237212372104
mask_oedema__fla__follow_up_1__original_glszm_SmallAreaLowGrayLevelEmphasis,0.0009894660242918
mask_oedema__fla__follow_up_1__original_glszm_ZoneEntropy,6.746216855833869
mask_oedema__fla__follow_up_1__original_glszm_ZonePercentage,0.6038264115725618
mask_oedema__fla__follow_up_1__original_glszm_ZoneVariance,235.4265585546416
mask_oedema__fla__follow_up_1__original_gldm_DependenceEntropy,7.118184644641932
mask_oedema__fla__follow_up_1__original_gldm_DependenceNonUniformity,629.4918338777414
mask_oedema__fla__follow_up_1__original_gldm_DependenceNonUniformityNormalized,0.293743272924751
mask_oedema__fla__follow_up_1__original_gldm_DependenceVariance,53.39621060571387
mask_oedema__fla__follow_up_1__original_gldm_GrayLevelNonUniformity,163.075594960336
mask_oedema__fla__follow_up_1__original_gldm_GrayLevelVariance,405.6181174793667
mask_oedema__fla__follow_up_1__original_gldm_HighGrayLevelEmphasis,7029.208119458703
mask_oedema__fla__follow_up_1__original_gldm_LargeDependenceEmphasis,82.55016332244517
mask_oedema__fla__follow_up_1__original_gldm_LargeDependenceHighGrayLevelEmphasis,868274.4885674289
mask_oedema__fla__follow_up_1__original_gldm_LargeDependenceLowGrayLevelEmphasis,0.0084485174293019
mask_oedema__fla__follow_up_1__original_gldm_LowGrayLevelEmphasis,0.0006654165817377
mask_oedema__fla__follow_up_1__original_gldm_SmallDependenceEmphasis,0.5541208887094197
mask_oedema__fla__follow_up_1__original_gldm_SmallDependenceHighGrayLevelEmphasis,3079.207491830444
mask_oedema__fla__follow_up_1__original_gldm_SmallDependenceLowGrayLevelEmphasis,0.0006039277264044
mask_oedema__fla__follow_up_1__original_ngtdm_Busyness,0.0907235444148252
mask_oedema__fla__follow_up_1__original_ngtdm_Coarseness,0.0014044160831366
mask_oedema__fla__follow_up_1__original_ngtdm_Complexity,20610.41644866145
mask_oedema__fla__follow_up_1__original_ngtdm_Contrast,0.8415109966729131
mask_oedema__fla__follow_up_1__original_ngtdm_Strength,15.16691595434644
mask_necrosis__t1c__follow_up_1__original_shape_Elongation,0.7787157321965053
mask_necrosis__t1c__follow_up_1__original_shape_Flatness,0.49803497027482607
mask_necrosis__t1c__follow_up_1__original_shape_LeastAxisLength,4.195897287476727
mask_necrosis__t1c__follow_up_1__original_shape_MajorAxisLength,8.42490495227944
mask_necrosis__t1c__follow_up_1__original_shape_Maximum2DDiameterColumn,8.94427190999916
mask_necrosis__t1c__follow_up_1__original_shape_Maximum2DDiameterRow,8.246211251235321
mask_necrosis__t1c__follow_up_1__original_shape_Maximum2DDiameterSlice,7.280109889280518
mask_necrosis__t1c__follow_up_1__original_shape_Maximum3DDiameter,9.16515138991168
mask_necrosis__t1c__follow_up_1__original_shape_MeshVolume,130.375
mask_necrosis__t1c__follow_up_1__original_shape_MinorAxisLength,6.560606028600249
mask_necrosis__t1c__follow_up_1__original_shape_Sphericity,0.7264018191221725
mask_necrosis__t1c__follow_up_1__original_shape_SurfaceArea,171.17358599342072
mask_necrosis__t1c__follow_up_1__original_shape_SurfaceVolumeRatio,1.3129325867184714
mask_necrosis__t1c__follow_up_1__original_shape_VoxelVolume,138.0
mask_necrosis__t1c__follow_up_1__original_firstorder_10Percentile,490.6097086746671
mask_necrosis__t1c__follow_up_1__original_firstorder_90Percentile,660.7087253250415
mask_necrosis__t1c__follow_up_1__original_firstorder_Energy,45782233.31071503
mask_necrosis__t1c__follow_up_1__original_firstorder_Entropy,5.290661323453618
mask_necrosis__t1c__follow_up_1__original_firstorder_InterquartileRange,85.54490481537448
mask_necrosis__t1c__follow_up_1__original_firstorder_Kurtosis,4.230054905434695
mask_necrosis__t1c__follow_up_1__original_firstorder_MeanAbsoluteDeviation,56.232522306080746
mask_necrosis__t1c__follow_up_1__original_firstorder_Mean,571.2301837794063
mask_necrosis__t1c__follow_up_1__original_firstorder_Median,557.7305270710285
mask_necrosis__t1c__follow_up_1__original_firstorder_Range,369.6718931917969
mask_necrosis__t1c__follow_up_1__original_firstorder_RobustMeanAbsoluteDeviation,35.81178561097736
mask_necrosis__t1c__follow_up_1__original_firstorder_RootMeanSquared,575.9820429889816
mask_necrosis__t1c__follow_up_1__original_firstorder_Skewness,0.991947264594951
mask_necrosis__t1c__follow_up_1__original_firstorder_TotalEnergy,45782233.31071503
mask_necrosis__t1c__follow_up_1__original_firstorder_Uniformity,0.0307708464608275
mask_necrosis__t1c__follow_up_1__original_firstorder_Variance,5451.390985106922
mask_necrosis__t1c__follow_up_1__original_glcm_Autocorrelation,712.9390255113392
mask_necrosis__t1c__follow_up_1__original_glcm_ClusterProminence,809705.796175786
mask_necrosis__t1c__follow_up_1__original_glcm_ClusterShade,6515.517086921436
mask_necrosis__t1c__follow_up_1__original_glcm_ClusterTendency,443.3743346849302
mask_necrosis__t1c__follow_up_1__original_glcm_Contrast,339.8621965709955
mask_necrosis__t1c__follow_up_1__original_glcm_Correlation,0.1521061502669706
mask_necrosis__t1c__follow_up_1__original_glcm_DifferenceAverage,13.025759786533492
mask_necrosis__t1c__follow_up_1__original_glcm_DifferenceEntropy,4.628811075128367
mask_necrosis__t1c__follow_up_1__original_glcm_DifferenceVariance,161.44953537655317
mask_necrosis__t1c__follow_up_1__original_glcm_Id,0.1766205274719588
mask_necrosis__t1c__follow_up_1__original_glcm_Idm,0.1003037692341344
mask_necrosis__t1c__follow_up_1__original_glcm_Idmn,0.9519283660595168
mask_necrosis__t1c__follow_up_1__original_glcm_Idn,0.8677300279846667
mask_necrosis__t1c__follow_up_1__original_glcm_Imc1,-0.6107672367444598
mask_necrosis__t1c__follow_up_1__original_glcm_Imc2,0.9990266237489356
mask_necrosis__t1c__follow_up_1__original_glcm_InverseVariance,0.0939151777109009
mask_necrosis__t1c__follow_up_1__original_glcm_JointAverage,26.196081289089136
mask_necrosis__t1c__follow_up_1__original_glcm_JointEnergy,0.007386120437858
mask_necrosis__t1c__follow_up_1__original_glcm_JointEntropy,7.169742557085195
mask_necrosis__t1c__follow_up_1__original_glcm_MCC,0.9566912293986886
mask_necrosis__t1c__follow_up_1__original_glcm_MaximumProbability,0.0173444199502683
mask_necrosis__t1c__follow_up_1__original_glcm_SumAverage,52.39216257817828
mask_necrosis__t1c__follow_up_1__original_glcm_SumEntropy,5.397100872320432
mask_necrosis__t1c__follow_up_1__original_glcm_SumSquares,195.80913281398145
mask_necrosis__t1c__follow_up_1__original_glrlm_GrayLevelNonUniformity,4.095949594000253
mask_necrosis__t1c__follow_up_1__original_glrlm_GrayLevelNonUniformityNormalized,0.0304247182595693
mask_necrosis__t1c__follow_up_1__original_glrlm_GrayLevelVariance,220.24181178981945
mask_necrosis__t1c__follow_up_1__original_glrlm_HighGrayLevelRunEmphasis,1059.3840981046496
mask_necrosis__t1c__follow_up_1__original_glrlm_LongRunEmphasis,1.0784513713240087
mask_necrosis__t1c__follow_up_1__original_glrlm_LongRunHighGrayLevelEmphasis,1100.1547836054058
mask_necrosis__t1c__follow_up_1__original_glrlm_LongRunLowGrayLevelEmphasis,0.0114354958331419
mask_necrosis__t1c__follow_up_1__original_glrlm_LowGrayLevelRunEmphasis,0.0110649918359529
mask_necrosis__t1c__follow_up_1__original_glrlm_RunEntropy,5.369470794518322
mask_necrosis__t1c__follow_up_1__original_glrlm_RunLengthNonUniformity,128.34784060034957
mask_necrosis__t1c__follow_up_1__original_glrlm_RunLengthNonUniformityNormalized,0.9530656487742644
mask_necrosis__t1c__follow_up_1__original_glrlm_RunPercentage,0.975473801560758
mask_necrosis__t1c__follow_up_1__original_glrlm_RunVariance,0.0268287469526688
mask_necrosis__t1c__follow_up_1__original_glrlm_ShortRunEmphasis,0.9816875524298232
mask_necrosis__t1c__follow_up_1__original_glrlm_ShortRunHighGrayLevelEmphasis,1049.8208180357003
mask_necrosis__t1c__follow_up_1__original_glrlm_ShortRunLowGrayLevelEmphasis,0.0109750526037235
mask_necrosis__t1c__follow_up_1__original_glszm_GrayLevelNonUniformity,3.0776699029126213
mask_necrosis__t1c__follow_up_1__original_glszm_GrayLevelNonUniformityNormalized,0.02988029031954
mask_necrosis__t1c__follow_up_1__original_glszm_GrayLevelVariance,235.0187576585917
mask_necrosis__t1c__follow_up_1__original_glszm_HighGrayLevelZoneEmphasis,1211.126213592233
mask_necrosis__t1c__follow_up_1__original_glszm_LargeAreaEmphasis,2.718446601941748
mask_necrosis__t1c__follow_up_1__original_glszm_LargeAreaHighGrayLevelEmphasis,2081.359223300971
mask_necrosis__t1c__follow_up_1__original_glszm_LargeAreaLowGrayLevelEmphasis,0.0206083738615692
mask_necrosis__t1c__follow_up_1__original_glszm_LowGrayLevelZoneEmphasis,0.0129523655120385
mask_necrosis__t1c__follow_up_1__original_glszm_SizeZoneNonUniformity,67.83495145631068
mask_necrosis__t1c__follow_up_1__original_glszm_SizeZoneNonUniformityNormalized,0.6585917617117542
mask_necrosis__t1c__follow_up_1__original_glszm_SmallAreaEmphasis,0.8381371359223301
mask_necrosis__t1c__follow_up_1__original_glszm_SmallAreaHighGrayLevelEmphasis,1107.526294498382
mask_necrosis__t1c__follow_up_1__original_glszm_SmallAreaLowGrayLevelEmphasis,0.0121519347538451
mask_necrosis__t1c__follow_up_1__original_glszm_ZoneEntropy,5.679232508136067
mask_necrosis__t1c__follow_up_1__original_glszm_ZonePercentage,0.7463768115942029
mask_necrosis__t1c__follow_up_1__original_glszm_ZoneVariance,0.9233669525874256
mask_necrosis__t1c__follow_up_1__original_gldm_DependenceEntropy,5.954478217892773
mask_necrosis__t1c__follow_up_1__original_gldm_DependenceNonUniformity,60.028985507246375
mask_necrosis__t1c__follow_up_1__original_gldm_DependenceNonUniformityNormalized,0.4349926486032346
mask_necrosis__t1c__follow_up_1__original_gldm_DependenceVariance,0.9846670867464816
mask_necrosis__t1c__follow_up_1__original_gldm_GrayLevelNonUniformity,4.246376811594203
mask_necrosis__t1c__follow_up_1__original_gldm_GrayLevelVariance,218.45347616047053
mask_necrosis__t1c__follow_up_1__original_gldm_HighGrayLevelEmphasis,1046.0579710144928
mask_necrosis__t1c__follow_up_1__original_gldm_LargeDependenceEmphasis,3.6666666666666665
mask_necrosis__t1c__follow_up_1__original_gldm_LargeDependenceHighGrayLevelEmphasis,2334.942028985507
mask_necrosis__t1c__follow_up_1__original_gldm_LargeDependenceLowGrayLevelEmphasis,0.0232957810756774
mask_necrosis__t1c__follow_up_1__original_gldm_LowGrayLevelEmphasis,0.0109100897319191
mask_necrosis__t1c__follow_up_1__original_gldm_SmallDependenceEmphasis,0.6736252012882448
mask_necrosis__t1c__follow_up_1__original_gldm_SmallDependenceHighGrayLevelEmphasis,856.394150563607
mask_necrosis__t1c__follow_up_1__original_gldm_SmallDependenceLowGrayLevelEmphasis,0.0093074639576346
mask_necrosis__t1c__follow_up_1__original_ngtdm_Busyness,0.0326165997221499
mask_necrosis__t1c__follow_up_1__original_ngtdm_Coarseness,0.0299516809276854
mask_necrosis__t1c__follow_up_1__original_ngtdm_Complexity,11974.466644184882
mask_necrosis__t1c__follow_up_1__original_ngtdm_Contrast,1.877818083740605
mask_necrosis__t1c__follow_up_1__original_ngtdm_Strength,44.12940527012332
mask_all__t1c__follow_up_1__original_shape_Elongation,0.8194789649378824
mask_all__t1c__follow_up_1__original_shape_Flatness,0.6498490360453792
mask_all__t1c__follow_up_1__original_shape_LeastAxisLength,13.752895635840428
mask_all__t1c__follow_up_1__original_shape_MajorAxisLength,21.16321618253514
mask_all__t1c__follow_up_1__original_shape_Maximum2DDiameterColumn,24.413111231467404
mask_all__t1c__follow_up_1__original_shape_Maximum2DDiameterRow,25.612496949731398
mask_all__t1c__follow_up_1__original_shape_Maximum2DDiameterSlice,22.84731931759173
mask_all__t1c__follow_up_1__original_shape_Maximum3DDiameter,25.78759391645525
mask_all__t1c__follow_up_1__original_shape_MeshVolume,3078.7916666666665
mask_all__t1c__follow_up_1__original_shape_MinorAxisLength,17.34281049202054
mask_all__t1c__follow_up_1__original_shape_Sphericity,0.6624538723248553
mask_all__t1c__follow_up_1__original_shape_SurfaceArea,1544.9532762676731
mask_all__t1c__follow_up_1__original_shape_SurfaceVolumeRatio,0.5018050727480229
mask_all__t1c__follow_up_1__original_shape_VoxelVolume,3101.0
mask_all__t1c__follow_up_1__original_firstorder_10Percentile,530.9152192015373
mask_all__t1c__follow_up_1__original_firstorder_90Percentile,713.4666051157998
mask_all__t1c__follow_up_1__original_firstorder_Energy,1166179132.681295
mask_all__t1c__follow_up_1__original_firstorder_Entropy,5.484778795507455
mask_all__t1c__follow_up_1__original_firstorder_InterquartileRange,60.87532483229893
mask_all__t1c__follow_up_1__original_firstorder_Kurtosis,9.711355808175847
mask_all__t1c__follow_up_1__original_firstorder_MeanAbsoluteDeviation,64.74297593970657
mask_all__t1c__follow_up_1__original_firstorder_Mean,604.7480259306215
mask_all__t1c__follow_up_1__original_firstorder_Median,576.1252945170647
mask_all__t1c__follow_up_1__original_firstorder_Range,589.080140031298
mask_all__t1c__follow_up_1__original_firstorder_RobustMeanAbsoluteDeviation,28.8282159293588
mask_all__t1c__follow_up_1__original_firstorder_RootMeanSquared,613.2418002228533
mask_all__t1c__follow_up_1__original_firstorder_Skewness,2.525518662989529
mask_all__t1c__follow_up_1__original_firstorder_TotalEnergy,1166179132.681295
mask_all__t1c__follow_up_1__original_firstorder_Uniformity,0.0316579281152713
mask_all__t1c__follow_up_1__original_firstorder_Variance,10345.330673582266
mask_all__t1c__follow_up_1__original_glcm_Autocorrelation,1679.0148829234754
mask_all__t1c__follow_up_1__original_glcm_ClusterProminence,23920954.28212983
mask_all__t1c__follow_up_1__original_glcm_ClusterShade,160418.6932252458
mask_all__t1c__follow_up_1__original_glcm_ClusterTendency,1652.3797496597033
mask_all__t1c__follow_up_1__original_glcm_Contrast,195.69944227987904
mask_all__t1c__follow_up_1__original_glcm_Correlation,0.7888891226338225
mask_all__t1c__follow_up_1__original_glcm_DifferenceAverage,8.083481450361813
mask_all__t1c__follow_up_1__original_glcm_DifferenceEntropy,4.365181276230319
mask_all__t1c__follow_up_1__original_glcm_DifferenceVariance,127.69005232802994
mask_all__t1c__follow_up_1__original_glcm_Id,0.2765760975902961
mask_all__t1c__follow_up_1__original_glcm_Idm,0.1936714430597396
mask_all__t1c__follow_up_1__original_glcm_Idmn,0.9878882366405224
mask_all__t1c__follow_up_1__original_glcm_Idn,0.9425111101666462
mask_all__t1c__follow_up_1__original_glcm_Imc1,-0.250240626513875
mask_all__t1c__follow_up_1__original_glcm_Imc2,0.9656654625751702
mask_all__t1c__follow_up_1__original_glcm_InverseVariance,0.1882918177912865
mask_all__t1c__follow_up_1__original_glcm_JointAverage,36.25989769434312
mask_all__t1c__follow_up_1__original_glcm_JointEnergy,0.0021509455337752
mask_all__t1c__follow_up_1__original_glcm_JointEntropy,9.67581135774748
mask_all__t1c__follow_up_1__original_glcm_MCC,0.8203923579224383
mask_all__t1c__follow_up_1__original_glcm_MaximumProbability,0.0135791475668596
mask_all__t1c__follow_up_1__original_glcm_SumAverage,72.51979538868628
mask_all__t1c__follow_up_1__original_glcm_SumEntropy,6.452605078981277
mask_all__t1c__follow_up_1__original_glcm_SumSquares,462.0197979848957
mask_all__t1c__follow_up_1__original_glrlm_GrayLevelNonUniformity,90.52818416575396
mask_all__t1c__follow_up_1__original_glrlm_GrayLevelNonUniformityNormalized,0.0312939655562166
mask_all__t1c__follow_up_1__original_glrlm_GrayLevelVariance,348.4542812885741
mask_all__t1c__follow_up_1__original_glrlm_HighGrayLevelRunEmphasis,1562.731708296988
mask_all__t1c__follow_up_1__original_glrlm_LongRunEmphasis,1.244900911285307
mask_all__t1c__follow_up_1__original_glrlm_LongRunHighGrayLevelEmphasis,2455.5710079806013
mask_all__t1c__follow_up_1__original_glrlm_LongRunLowGrayLevelEmphasis,0.0020454334114214
mask_all__t1c__follow_up_1__original_glrlm_LowGrayLevelRunEmphasis,0.0017376877551291
mask_all__t1c__follow_up_1__original_glrlm_RunEntropy,5.825946852408352
mask_all__t1c__follow_up_1__original_glrlm_RunLengthNonUniformity,2555.6728993041825
mask_all__t1c__follow_up_1__original_glrlm_RunLengthNonUniformityNormalized,0.8829001112815088
mask_all__t1c__follow_up_1__original_glrlm_RunPercentage,0.9328008334780346
mask_all__t1c__follow_up_1__original_glrlm_RunVariance,0.0939441215755004
mask_all__t1c__follow_up_1__original_glrlm_ShortRunEmphasis,0.9521603120267894
mask_all__t1c__follow_up_1__original_glrlm_ShortRunHighGrayLevelEmphasis,1440.7508447496643
mask_all__t1c__follow_up_1__original_glrlm_ShortRunLowGrayLevelEmphasis,0.0016717769548623
mask_all__t1c__follow_up_1__original_glszm_GrayLevelNonUniformity,34.29427980702963
mask_all__t1c__follow_up_1__original_glszm_GrayLevelNonUniformityNormalized,0.0236349275031217
mask_all__t1c__follow_up_1__original_glszm_GrayLevelVariance,392.59889018766495
mask_all__t1c__follow_up_1__original_glszm_HighGrayLevelZoneEmphasis,1890.2515506547209
mask_all__t1c__follow_up_1__original_glszm_LargeAreaEmphasis,17.300482425913163
mask_all__t1c__follow_up_1__original_glszm_LargeAreaHighGrayLevelEmphasis,54073.46381805652
mask_all__t1c__follow_up_1__original_glszm_LargeAreaLowGrayLevelEmphasis,0.0245674976208572
mask_all__t1c__follow_up_1__original_glszm_LowGrayLevelZoneEmphasis,0.0019649263264029
mask_all__t1c__follow_up_1__original_glszm_SizeZoneNonUniformity,669.3556168159889
mask_all__t1c__follow_up_1__original_glszm_SizeZoneNonUniformityNormalized,0.4613064209620875
mask_all__t1c__follow_up_1__original_glszm_SmallAreaEmphasis,0.705733073144226
mask_all__t1c__follow_up_1__original_glszm_SmallAreaHighGrayLevelEmphasis,1501.4988435360565
mask_all__t1c__follow_up_1__original_glszm_SmallAreaLowGrayLevelEmphasis,0.0015372821700341
mask_all__t1c__follow_up_1__original_glszm_ZoneEntropy,7.3759234404195935
mask_all__t1c__follow_up_1__original_glszm_ZonePercentage,0.4679135762657207
mask_all__t1c__follow_up_1__original_glszm_ZoneVariance,12.733086001194073
mask_all__t1c__follow_up_1__original_gldm_DependenceEntropy,7.568142050445878
mask_all__t1c__follow_up_1__original_gldm_DependenceNonUniformity,684.7046114156724
mask_all__t1c__follow_up_1__original_gldm_DependenceNonUniformityNormalized,0.2208012290924451
mask_all__t1c__follow_up_1__original_gldm_DependenceVariance,5.983807742787406
mask_all__t1c__follow_up_1__original_gldm_GrayLevelNonUniformity,98.1712350854563
mask_all__t1c__follow_up_1__original_gldm_GrayLevelVariance,412.9926325375271
mask_all__t1c__follow_up_1__original_gldm_HighGrayLevelEmphasis,1668.9990325701388
mask_all__t1c__follow_up_1__original_gldm_LargeDependenceEmphasis,13.5307965172525
mask_all__t1c__follow_up_1__original_gldm_LargeDependenceHighGrayLevelEmphasis,83064.59593679458
mask_all__t1c__follow_up_1__original_gldm_LargeDependenceLowGrayLevelEmphasis,0.0135104602068489
mask_all__t1c__follow_up_1__original_gldm_LowGrayLevelEmphasis,0.0017089466436619
mask_all__t1c__follow_up_1__original_gldm_SmallDependenceEmphasis,0.4051872766985488
mask_all__t1c__follow_up_1__original_gldm_SmallDependenceHighGrayLevelEmphasis,787.931649472925
mask_all__t1c__follow_up_1__original_gldm_SmallDependenceLowGrayLevelEmphasis,0.0008307922683079
mask_all__t1c__follow_up_1__original_ngtdm_Busyness,0.0633080634595956
mask_all__t1c__follow_up_1__original_ngtdm_Coarseness,0.0032075811231716
mask_all__t1c__follow_up_1__original_ngtdm_Complexity,30689.03890487598
mask_all__t1c__follow_up_1__original_ngtdm_Contrast,0.3056762351085235
mask_all__t1c__follow_up_1__original_ngtdm_Strength,34.226924083122086
mask_tumor__t1c__follow_up_1__original_shape_Elongation,0.7065158185916608
mask_tumor__t1c__follow_up_1__original_shape_Flatness,0.5864627195349807
mask_tumor__t1c__follow_up_1__original_shape_LeastAxisLength,9.187725469499776
mask_tumor__t1c__follow_up_1__original_shape_MajorAxisLength,15.66634188919106
mask_tumor__t1c__follow_up_1__original_shape_Maximum2DDiameterColumn,16.55294535724685
mask_tumor__t1c__follow_up_1__original_shape_Maximum2DDiameterRow,17.0
mask_tumor__t1c__follow_up_1__original_shape_Maximum2DDiameterSlice,12.806248474865695
mask_tumor__t1c__follow_up_1__original_shape_Maximum3DDiameter,17.378147196982766
mask_tumor__t1c__follow_up_1__original_shape_MeshVolume,810.6666666666666
mask_tumor__t1c__follow_up_1__original_shape_MinorAxisLength,11.06851836417865
mask_tumor__t1c__follow_up_1__original_shape_Sphericity,0.5263283596903291
mask_tumor__t1c__follow_up_1__original_shape_SurfaceArea,798.8322023151715
mask_tumor__t1c__follow_up_1__original_shape_SurfaceVolumeRatio,0.985401565355886
mask_tumor__t1c__follow_up_1__original_shape_VoxelVolume,820.0
mask_tumor__t1c__follow_up_1__original_firstorder_10Percentile,569.3128421204275
mask_tumor__t1c__follow_up_1__original_firstorder_90Percentile,978.2044678803296
mask_tumor__t1c__follow_up_1__original_firstorder_Energy,431094524.7999767
mask_tumor__t1c__follow_up_1__original_firstorder_Entropy,6.089137421044266
mask_tumor__t1c__follow_up_1__original_firstorder_InterquartileRange,176.25427537900305
mask_tumor__t1c__follow_up_1__original_firstorder_Kurtosis,2.859901025043768
mask_tumor__t1c__follow_up_1__original_firstorder_MeanAbsoluteDeviation,115.75121108443756
mask_tumor__t1c__follow_up_1__original_firstorder_Mean,710.8875023309682
mask_tumor__t1c__follow_up_1__original_firstorder_Median,663.7023250452409
mask_tumor__t1c__follow_up_1__original_firstorder_Range,566.8889752125655
mask_tumor__t1c__follow_up_1__original_firstorder_RobustMeanAbsoluteDeviation,80.96749186590067
mask_tumor__t1c__follow_up_1__original_firstorder_RootMeanSquared,725.0689830932462
mask_tumor__t1c__follow_up_1__original_firstorder_Skewness,0.9646837714769634
mask_tumor__t1c__follow_up_1__original_firstorder_TotalEnergy,431094524.7999767
mask_tumor__t1c__follow_up_1__original_firstorder_Uniformity,0.0207911957168352
mask_tumor__t1c__follow_up_1__original_firstorder_Variance,20363.98927351176
mask_tumor__t1c__follow_up_1__original_glcm_Autocorrelation,3911.754982213021
mask_tumor__t1c__follow_up_1__original_glcm_ClusterProminence,23693890.90113277
mask_tumor__t1c__follow_up_1__original_glcm_ClusterShade,129980.66568060128
mask_tumor__t1c__follow_up_1__original_glcm_ClusterTendency,3213.5339899577584
mask_tumor__t1c__follow_up_1__original_glcm_Contrast,445.3874989715726
mask_tumor__t1c__follow_up_1__original_glcm_Correlation,0.7582659811071094
mask_tumor__t1c__follow_up_1__original_glcm_DifferenceAverage,14.914949399312318
mask_tumor__t1c__follow_up_1__original_glcm_DifferenceEntropy,5.227173572046704
mask_tumor__t1c__follow_up_1__original_glcm_DifferenceVariance,213.8803286037193
mask_tumor__t1c__follow_up_1__original_glcm_Id,0.2043935838188591
mask_tumor__t1c__follow_up_1__original_glcm_Idm,0.1393912052831853
mask_tumor__t1c__follow_up_1__original_glcm_Idmn,0.9698754512164498
mask_tumor__t1c__follow_up_1__original_glcm_Idn,0.8948134346395883
mask_tumor__t1c__follow_up_1__original_glcm_Imc1,-0.4491712731739447
mask_tumor__t1c__follow_up_1__original_glcm_Imc2,0.9977806967748832
mask_tumor__t1c__follow_up_1__original_glcm_InverseVariance,0.084081724211899
mask_tumor__t1c__follow_up_1__original_glcm_JointAverage,56.72276615382255
mask_tumor__t1c__follow_up_1__original_glcm_JointEnergy,0.0051810600437433
mask_tumor__t1c__follow_up_1__original_glcm_JointEntropy,9.374426215367038
mask_tumor__t1c__follow_up_1__original_glcm_MCC,0.8230168134228492
mask_tumor__t1c__follow_up_1__original_glcm_MaximumProbability,0.0625858081243102
mask_tumor__t1c__follow_up_1__original_glcm_SumAverage,113.44553230764517
mask_tumor__t1c__follow_up_1__original_glcm_SumEntropy,6.973842408867469
mask_tumor__t1c__follow_up_1__original_glcm_SumSquares,914.7303722323325
mask_tumor__t1c__follow_up_1__original_glrlm_GrayLevelNonUniformity,13.172733825438714
mask_tumor__t1c__follow_up_1__original_glrlm_GrayLevelNonUniformityNormalized,0.0170890819074155
mask_tumor__t1c__follow_up_1__original_glrlm_GrayLevelVariance,667.2943859390082
mask_tumor__t1c__follow_up_1__original_glrlm_HighGrayLevelRunEmphasis,3070.0062699775376
mask_tumor__t1c__follow_up_1__original_glrlm_LongRunEmphasis,1.2469861467962438
mask_tumor__t1c__follow_up_1__original_glrlm_LongRunHighGrayLevelEmphasis,5665.569087451824
mask_tumor__t1c__follow_up_1__original_glrlm_LongRunLowGrayLevelEmphasis,0.0022756001552876
mask_tumor__t1c__follow_up_1__original_glrlm_LowGrayLevelRunEmphasis,0.0021971621983921
mask_tumor__t1c__follow_up_1__original_glrlm_RunEntropy,6.335876600298741
mask_tumor__t1c__follow_up_1__original_glrlm_RunLengthNonUniformity,703.9921852911078
mask_tumor__t1c__follow_up_1__original_glrlm_RunLengthNonUniformityNormalized,0.9133586081420082
mask_tumor__t1c__follow_up_1__original_glrlm_RunPercentage,0.9397748592870544
mask_tumor__t1c__follow_up_1__original_glrlm_RunVariance,0.1138759436775024
mask_tumor__t1c__follow_up_1__original_glrlm_ShortRunEmphasis,0.9641770496808508
mask_tumor__t1c__follow_up_1__original_glrlm_ShortRunHighGrayLevelEmphasis,2752.64800531152
mask_tumor__t1c__follow_up_1__original_glrlm_ShortRunLowGrayLevelEmphasis,0.0021799700885947
mask_tumor__t1c__follow_up_1__original_glszm_GrayLevelNonUniformity,9.097807757166947
mask_tumor__t1c__follow_up_1__original_glszm_GrayLevelNonUniformityNormalized,0.015342002963182
mask_tumor__t1c__follow_up_1__original_glszm_GrayLevelVariance,523.3279946765098
mask_tumor__t1c__follow_up_1__original_glszm_HighGrayLevelZoneEmphasis,2806.3305227655987
mask_tumor__t1c__follow_up_1__original_glszm_LargeAreaEmphasis,9.483979763912313
mask_tumor__t1c__follow_up_1__original_glszm_LargeAreaHighGrayLevelEmphasis,100309.94940978078
mask_tumor__t1c__follow_up_1__original_glszm_LargeAreaLowGrayLevelEmphasis,0.0044946138554812
mask_tumor__t1c__follow_up_1__original_glszm_LowGrayLevelZoneEmphasis,0.0025759979905543
mask_tumor__t1c__follow_up_1__original_glszm_SizeZoneNonUniformity,402.2782462057336
mask_tumor__t1c__follow_up_1__original_glszm_SizeZoneNonUniformityNormalized,0.6783781554902758
mask_tumor__t1c__follow_up_1__original_glszm_SmallAreaEmphasis,0.8500455644044995
mask_tumor__t1c__follow_up_1__original_glszm_SmallAreaHighGrayLevelEmphasis,2411.7108214385325
mask_tumor__t1c__follow_up_1__original_glszm_SmallAreaLowGrayLevelEmphasis,0.0024207255395175
mask_tumor__t1c__follow_up_1__original_glszm_ZoneEntropy,6.889941373555241
mask_tumor__t1c__follow_up_1__original_glszm_ZonePercentage,0.723170731707317
mask_tumor__t1c__follow_up_1__original_glszm_ZoneVariance,7.571845789409324
mask_tumor__t1c__follow_up_1__original_gldm_DependenceEntropy,7.236716966957419
mask_tumor__t1c__follow_up_1__original_gldm_DependenceNonUniformity,336.4512195121951
mask_tumor__t1c__follow_up_1__original_gldm_DependenceNonUniformityNormalized,0.4103063652587745
mask_tumor__t1c__follow_up_1__original_gldm_DependenceVariance,16.179809637120766
mask_tumor__t1c__follow_up_1__original_gldm_GrayLevelNonUniformity,17.048780487804876
mask_tumor__t1c__follow_up_1__original_gldm_GrayLevelVariance,811.8704283164783
mask_tumor__t1c__follow_up_1__original_gldm_HighGrayLevelEmphasis,3480.7268292682925
mask_tumor__t1c__follow_up_1__original_gldm_LargeDependenceEmphasis,22.76341463414634
mask_tumor__t1c__follow_up_1__original_gldm_LargeDependenceHighGrayLevelEmphasis,268270.3682926829
mask_tumor__t1c__follow_up_1__original_gldm_LargeDependenceLowGrayLevelEmphasis,0.0055460255255776
mask_tumor__t1c__follow_up_1__original_gldm_LowGrayLevelEmphasis,0.0020873607649579
mask_tumor__t1c__follow_up_1__original_gldm_SmallDependenceEmphasis,0.6574433596877298
mask_tumor__t1c__follow_up_1__original_gldm_SmallDependenceHighGrayLevelEmphasis,1851.4548422036332
mask_tumor__t1c__follow_up_1__original_gldm_SmallDependenceLowGrayLevelEmphasis,0.0017947922427229
mask_tumor__t1c__follow_up_1__original_ngtdm_Busyness,0.0314734093587717
mask_tumor__t1c__follow_up_1__original_ngtdm_Coarseness,0.006436416645032
mask_tumor__t1c__follow_up_1__original_ngtdm_Complexity,45768.87455640255
mask_tumor__t1c__follow_up_1__original_ngtdm_Contrast,1.3656781341385424
mask_tumor__t1c__follow_up_1__original_ngtdm_Strength,52.20937074035333
mask_oedema__t1c__follow_up_1__original_shape_Elongation,0.674329103433364
mask_oedema__t1c__follow_up_1__original_shape_Flatness,0.6330380781584797
mask_oedema__t1c__follow_up_1__original_shape_LeastAxisLength,14.84978429949127
mask_oedema__t1c__follow_up_1__original_shape_MajorAxisLength,23.45796376529131
mask_oedema__t1c__follow_up_1__original_shape_Maximum2DDiameterColumn,23.021728866442675
mask_oedema__t1c__follow_up_1__original_shape_Maximum2DDiameterRow,25.612496949731398
mask_oedema__t1c__follow_up_1__original_shape_Maximum2DDiameterSlice,22.84731931759173
mask_oedema__t1c__follow_up_1__original_shape_Maximum3DDiameter,25.78759391645525
mask_oedema__t1c__follow_up_1__original_shape_MeshVolume,2107.708333333333
mask_oedema__t1c__follow_up_1__original_shape_MinorAxisLength,15.818387674221228
mask_oedema__t1c__follow_up_1__original_shape_Sphericity,0.5134593931517373
mask_oedema__t1c__follow_up_1__original_shape_SurfaceArea,1548.287816664863
mask_oedema__t1c__follow_up_1__original_shape_SurfaceVolumeRatio,0.7345835247594487
mask_oedema__t1c__follow_up_1__original_shape_VoxelVolume,2143.0
mask_oedema__t1c__follow_up_1__original_firstorder_10Percentile,527.4929889012144
mask_oedema__t1c__follow_up_1__original_firstorder_90Percentile,604.3919378064642
mask_oedema__t1c__follow_up_1__original_firstorder_Energy,689302374.5706031
mask_oedema__t1c__follow_up_1__original_firstorder_Entropy,4.640714563914051
mask_oedema__t1c__follow_up_1__original_firstorder_InterquartileRange,40.248157827046725
mask_oedema__t1c__follow_up_1__original_firstorder_Kurtosis,4.163773263385369
mask_oedema__t1c__follow_up_1__original_firstorder_MeanAbsoluteDeviation,24.320561774579485
mask_oedema__t1c__follow_up_1__original_firstorder_Mean,566.2930989910897
mask_oedema__t1c__follow_up_1__original_firstorder_Median,565.1953848402715
mask_oedema__t1c__follow_up_1__original_firstorder_Range,257.42430016149706
mask_oedema__t1c__follow_up_1__original_firstorder_RobustMeanAbsoluteDeviation,16.794837141023194
mask_oedema__t1c__follow_up_1__original_firstorder_RootMeanSquared,567.144600550059
mask_oedema__t1c__follow_up_1__original_firstorder_Skewness,0.4770759372187896
mask_oedema__t1c__follow_up_1__original_firstorder_TotalEnergy,689302374.5706031
mask_oedema__t1c__follow_up_1__original_firstorder_Uniformity,0.0473174552401126
mask_oedema__t1c__follow_up_1__original_firstorder_Variance,965.1239681537776
mask_oedema__t1c__follow_up_1__original_glcm_Autocorrelation,396.7492253381392
mask_oedema__t1c__follow_up_1__original_glcm_ClusterProminence,41333.240374963214
mask_oedema__t1c__follow_up_1__original_glcm_ClusterShade,254.58031966281803
mask_oedema__t1c__follow_up_1__original_glcm_ClusterTendency,114.1042798113653
mask_oedema__t1c__follow_up_1__original_glcm_Contrast,23.01773907013624
mask_oedema__t1c__follow_up_1__original_glcm_Correlation,0.6632897435108907
mask_oedema__t1c__follow_up_1__original_glcm_DifferenceAverage,3.6889923241742935
mask_oedema__t1c__follow_up_1__original_glcm_DifferenceEntropy,3.3275878200237994
mask_oedema__t1c__follow_up_1__original_glcm_DifferenceVariance,9.001553861763142
mask_oedema__t1c__follow_up_1__original_glcm_Id,0.3309283276081404
mask_oedema__t1c__follow_up_1__original_glcm_Idm,0.2386350094186002
mask_oedema__t1c__follow_up_1__original_glcm_Idmn,0.9917723769562924
mask_oedema__t1c__follow_up_1__original_glcm_Idn,0.9364013451079016
mask_oedema__t1c__follow_up_1__original_glcm_Imc1,-0.151152637205416
mask_oedema__t1c__follow_up_1__original_glcm_Imc2,0.8534070296960616
mask_oedema__t1c__follow_up_1__original_glcm_InverseVariance,0.2496521028299629
mask_oedema__t1c__follow_up_1__original_glcm_JointAverage,19.338016391631413
mask_oedema__t1c__follow_up_1__original_glcm_JointEnergy,0.0037852537416744
mask_oedema__t1c__follow_up_1__original_glcm_JointEntropy,8.446162891017321
mask_oedema__t1c__follow_up_1__original_glcm_MCC,0.7260204781573228
mask_oedema__t1c__follow_up_1__original_glcm_MaximumProbability,0.0091972768746737
mask_oedema__t1c__follow_up_1__original_glcm_SumAverage,38.67603278326283
mask_oedema__t1c__follow_up_1__original_glcm_SumEntropy,5.419443028541012
mask_oedema__t1c__follow_up_1__original_glcm_SumSquares,34.2805047203754
mask_oedema__t1c__follow_up_1__original_glrlm_GrayLevelNonUniformity,93.5225330750927
mask_oedema__t1c__follow_up_1__original_glrlm_GrayLevelNonUniformityNormalized,0.0468521922563044
mask_oedema__t1c__follow_up_1__original_glrlm_GrayLevelVariance,39.32502380655197
mask_oedema__t1c__follow_up_1__original_glrlm_HighGrayLevelRunEmphasis,432.54816119431473
mask_oedema__t1c__follow_up_1__original_glrlm_LongRunEmphasis,1.240469873410334
mask_oedema__t1c__follow_up_1__original_glrlm_LongRunHighGrayLevelEmphasis,522.1790517577766
mask_oedema__t1c__follow_up_1__original_glrlm_LongRunLowGrayLevelEmphasis,0.0052947067673192
mask_oedema__t1c__follow_up_1__original_glrlm_LowGrayLevelRunEmphasis,0.0043530986509306
mask_oedema__t1c__follow_up_1__original_glrlm_RunEntropy,5.013286183570431
mask_oedema__t1c__follow_up_1__original_glrlm_RunLengthNonUniformity,1747.1984100434224
mask_oedema__t1c__follow_up_1__original_glrlm_RunLengthNonUniformityNormalized,0.874495066249817
mask_oedema__t1c__follow_up_1__original_glrlm_RunPercentage,0.9314045730284648
mask_oedema__t1c__follow_up_1__original_glrlm_RunVariance,0.0855976938154108
mask_oedema__t1c__follow_up_1__original_glrlm_ShortRunEmphasis,0.9487054909830752
mask_oedema__t1c__follow_up_1__original_glrlm_ShortRunHighGrayLevelEmphasis,413.09953476885
mask_oedema__t1c__follow_up_1__original_glrlm_ShortRunLowGrayLevelEmphasis,0.0041532440475847
mask_oedema__t1c__follow_up_1__original_glszm_GrayLevelNonUniformity,34.97836538461539
mask_oedema__t1c__follow_up_1__original_glszm_GrayLevelNonUniformityNormalized,0.0420413045488165
mask_oedema__t1c__follow_up_1__original_glszm_GrayLevelVariance,50.30431189903845
mask_oedema__t1c__follow_up_1__original_glszm_HighGrayLevelZoneEmphasis,492.61778846153845
mask_oedema__t1c__follow_up_1__original_glszm_LargeAreaEmphasis,21.05408653846154
mask_oedema__t1c__follow_up_1__original_glszm_LargeAreaHighGrayLevelEmphasis,7129.454326923077
mask_oedema__t1c__follow_up_1__original_glszm_LargeAreaLowGrayLevelEmphasis,0.0856694369035916
mask_oedema__t1c__follow_up_1__original_glszm_LowGrayLevelZoneEmphasis,0.0049542465762541
mask_oedema__t1c__follow_up_1__original_glszm_SizeZoneNonUniformity,310.8918269230769
mask_oedema__t1c__follow_up_1__original_glszm_SizeZoneNonUniformityNormalized,0.3736680612056213
mask_oedema__t1c__follow_up_1__original_glszm_SmallAreaEmphasis,0.6346474797905118
mask_oedema__t1c__follow_up_1__original_glszm_SmallAreaHighGrayLevelEmphasis,330.80187888515945
mask_oedema__t1c__follow_up_1__original_glszm_SmallAreaLowGrayLevelEmphasis,0.0034839008674822
mask_oedema__t1c__follow_up_1__original_glszm_ZoneEntropy,6.70822668603146
mask_oedema__t1c__follow_up_1__original_glszm_ZonePercentage,0.3882407839477368
mask_oedema__t1c__follow_up_1__original_glszm_ZoneVariance,14.419747076090976
mask_oedema__t1c__follow_up_1__original_gldm_DependenceEntropy,6.947345960512601
mask_oedema__t1c__follow_up_1__original_gldm_DependenceNonUniformity,435.6392907139524
mask_oedema__t1c__follow_up_1__original_gldm_DependenceNonUniformityNormalized,0.2032847833476213
mask_oedema__t1c__follow_up_1__original_gldm_DependenceVariance,2.3525596038192256
mask_oedema__t1c__follow_up_1__original_gldm_GrayLevelNonUniformity,101.40130657956136
mask_oedema__t1c__follow_up_1__original_gldm_GrayLevelVariance,38.57393255755264
mask_oedema__t1c__follow_up_1__original_gldm_HighGrayLevelEmphasis,428.6318245450303
mask_oedema__t1c__follow_up_1__original_gldm_LargeDependenceEmphasis,10.10032664489034
mask_oedema__t1c__follow_up_1__original_gldm_LargeDependenceHighGrayLevelEmphasis,3745.262715818945
mask_oedema__t1c__follow_up_1__original_gldm_LargeDependenceLowGrayLevelEmphasis,0.0396663129684617
mask_oedema__t1c__follow_up_1__original_gldm_LowGrayLevelEmphasis,0.0043221074201904
mask_oedema__t1c__follow_up_1__original_gldm_SmallDependenceEmphasis,0.3306914885127588
mask_oedema__t1c__follow_up_1__original_gldm_SmallDependenceHighGrayLevelEmphasis,163.48614236865396
mask_oedema__t1c__follow_up_1__original_gldm_SmallDependenceLowGrayLevelEmphasis,0.001685749379808
mask_oedema__t1c__follow_up_1__original_ngtdm_Busyness,0.1874178365725529
mask_oedema__t1c__follow_up_1__original_ngtdm_Coarseness,0.0050281716542589
mask_oedema__t1c__follow_up_1__original_ngtdm_Complexity,2168.5969809789003
mask_oedema__t1c__follow_up_1__original_ngtdm_Contrast,0.0865860849157849
mask_oedema__t1c__follow_up_1__original_ngtdm_Strength,4.629846786880666
mask_necrosis__t2__follow_up_1__original_shape_Elongation,0.7787157321965053
mask_necrosis__t2__follow_up_1__original_shape_Flatness,0.49803497027482607
mask_necrosis__t2__follow_up_1__original_shape_LeastAxisLength,4.195897287476727
mask_necrosis__t2__follow_up_1__original_shape_MajorAxisLength,8.42490495227944
mask_necrosis__t2__follow_up_1__original_shape_Maximum2DDiameterColumn,8.94427190999916
mask_necrosis__t2__follow_up_1__original_shape_Maximum2DDiameterRow,8.246211251235321
mask_necrosis__t2__follow_up_1__original_shape_Maximum2DDiameterSlice,7.280109889280518
mask_necrosis__t2__follow_up_1__original_shape_Maximum3DDiameter,9.16515138991168
mask_necrosis__t2__follow_up_1__original_shape_MeshVolume,130.375
mask_necrosis__t2__follow_up_1__original_shape_MinorAxisLength,6.560606028600249
mask_necrosis__t2__follow_up_1__original_shape_Sphericity,0.7264018191221725
mask_necrosis__t2__follow_up_1__original_shape_SurfaceArea,171.17358599342072
mask_necrosis__t2__follow_up_1__original_shape_SurfaceVolumeRatio,1.3129325867184714
mask_necrosis__t2__follow_up_1__original_shape_VoxelVolume,138.0
mask_necrosis__t2__follow_up_1__original_firstorder_10Percentile,413.1264415177982
mask_necrosis__t2__follow_up_1__original_firstorder_90Percentile,721.4525657815907
mask_necrosis__t2__follow_up_1__original_firstorder_Energy,46285533.10531201
mask_necrosis__t2__follow_up_1__original_firstorder_Entropy,5.852021946244821
mask_necrosis__t2__follow_up_1__original_firstorder_InterquartileRange,193.96957479575465
mask_necrosis__t2__follow_up_1__original_firstorder_Kurtosis,1.9674565460760067
mask_necrosis__t2__follow_up_1__original_firstorder_MeanAbsoluteDeviation,97.94264577816888
mask_necrosis__t2__follow_up_1__original_firstorder_Mean,567.7852352962884
mask_necrosis__t2__follow_up_1__original_firstorder_Median,569.1605137100958
mask_necrosis__t2__follow_up_1__original_firstorder_Range,455.2543394923037
mask_necrosis__t2__follow_up_1__original_firstorder_RobustMeanAbsoluteDeviation,76.58115176429898
mask_necrosis__t2__follow_up_1__original_firstorder_RootMeanSquared,579.1393733865871
mask_necrosis__t2__follow_up_1__original_firstorder_Skewness,-0.0441411975367094
mask_necrosis__t2__follow_up_1__original_firstorder_TotalEnergy,46285533.10531201
mask_necrosis__t2__follow_up_1__original_firstorder_Uniformity,0.020058811174123
mask_necrosis__t2__follow_up_1__original_firstorder_Variance,13022.340386147074
mask_necrosis__t2__follow_up_1__original_glcm_Autocorrelation,3194.3656674754525
mask_necrosis__t2__follow_up_1__original_glcm_ClusterProminence,5594110.690934191
mask_necrosis__t2__follow_up_1__original_glcm_ClusterShade,-14464.22985290216
mask_necrosis__t2__follow_up_1__original_glcm_ClusterTendency,1641.156938824273
mask_necrosis__t2__follow_up_1__original_glcm_Contrast,456.5318237139218
mask_necrosis__t2__follow_up_1__original_glcm_Correlation,0.5661667525735358
mask_necrosis__t2__follow_up_1__original_glcm_DifferenceAverage,15.938522068996528
mask_necrosis__t2__follow_up_1__original_glcm_DifferenceEntropy,4.779112235310556
mask_necrosis__t2__follow_up_1__original_glcm_DifferenceVariance,178.56867831845176
mask_necrosis__t2__follow_up_1__original_glcm_Id,0.1442954001807825
mask_necrosis__t2__follow_up_1__original_glcm_Idm,0.0753904846095475
mask_necrosis__t2__follow_up_1__original_glcm_Idmn,0.9546818574985608
mask_necrosis__t2__follow_up_1__original_glcm_Idn,0.8653758269621687
mask_necrosis__t2__follow_up_1__original_glcm_Imc1,-0.740753684046954
mask_necrosis__t2__follow_up_1__original_glcm_Imc2,0.9998990170967476
mask_necrosis__t2__follow_up_1__original_glcm_InverseVariance,0.0694075193453732
mask_necrosis__t2__follow_up_1__original_glcm_JointAverage,53.820814032313095
mask_necrosis__t2__follow_up_1__original_glcm_JointEnergy,0.0066576561625864
mask_necrosis__t2__follow_up_1__original_glcm_JointEntropy,7.27117541899691
mask_necrosis__t2__follow_up_1__original_glcm_MCC,0.993016472875985
mask_necrosis__t2__follow_up_1__original_glcm_MaximumProbability,0.0127092063946823
mask_necrosis__t2__follow_up_1__original_glcm_SumAverage,107.6416280646262
mask_necrosis__t2__follow_up_1__original_glcm_SumEntropy,5.852748424861067
mask_necrosis__t2__follow_up_1__original_glcm_SumSquares,524.4221906345488
mask_necrosis__t2__follow_up_1__original_glrlm_GrayLevelNonUniformity,2.7027300388495803
mask_necrosis__t2__follow_up_1__original_glrlm_GrayLevelNonUniformityNormalized,0.0199501973241804
mask_necrosis__t2__follow_up_1__original_glrlm_GrayLevelVariance,519.8145385931249
mask_necrosis__t2__follow_up_1__original_glrlm_HighGrayLevelRunEmphasis,3017.591893666378
mask_necrosis__t2__follow_up_1__original_glrlm_LongRunEmphasis,1.0569057311477337
mask_necrosis__t2__follow_up_1__original_glrlm_LongRunHighGrayLevelEmphasis,3216.1869841329726
mask_necrosis__t2__follow_up_1__original_glrlm_LongRunLowGrayLevelEmphasis,0.0096227892408481
mask_necrosis__t2__follow_up_1__original_glrlm_LowGrayLevelRunEmphasis,0.0095780626514576
mask_necrosis__t2__follow_up_1__original_glrlm_RunEntropy,5.897773827355995
mask_necrosis__t2__follow_up_1__original_glrlm_RunLengthNonUniformity,130.54301957328377
mask_necrosis__t2__follow_up_1__original_glrlm_RunLengthNonUniformityNormalized,0.9632534705602394
mask_necrosis__t2__follow_up_1__original_glrlm_RunPercentage,0.9816053511705688
mask_necrosis__t2__follow_up_1__original_glrlm_RunVariance,0.0183732647198803
mask_necrosis__t2__follow_up_1__original_glrlm_ShortRunEmphasis,0.9857735672130664
mask_necrosis__t2__follow_up_1__original_glrlm_ShortRunHighGrayLevelEmphasis,2967.9431210497287
mask_necrosis__t2__follow_up_1__original_glrlm_ShortRunLowGrayLevelEmphasis,0.0095668810041099
mask_necrosis__t2__follow_up_1__original_glszm_GrayLevelNonUniformity,2.1009174311926606
mask_necrosis__t2__follow_up_1__original_glszm_GrayLevelNonUniformityNormalized,0.0192744718458042
mask_necrosis__t2__follow_up_1__original_glszm_GrayLevelVariance,518.7137446342902
mask_necrosis__t2__follow_up_1__original_glszm_HighGrayLevelZoneEmphasis,2943.146788990826
mask_necrosis__t2__follow_up_1__original_glszm_LargeAreaEmphasis,2.036697247706422
mask_necrosis__t2__follow_up_1__original_glszm_LargeAreaHighGrayLevelEmphasis,6503.366972477064
mask_necrosis__t2__follow_up_1__original_glszm_LargeAreaLowGrayLevelEmphasis,0.0124526377721158
mask_necrosis__t2__follow_up_1__original_glszm_LowGrayLevelZoneEmphasis,0.0116912805326635
mask_necrosis__t2__follow_up_1__original_glszm_SizeZoneNonUniformity,75.86238532110092
mask_necrosis__t2__follow_up_1__original_glszm_SizeZoneNonUniformityNormalized,0.6959851864321185
mask_necrosis__t2__follow_up_1__original_glszm_SmallAreaEmphasis,0.8590086646279307
mask_necrosis__t2__follow_up_1__original_glszm_SmallAreaHighGrayLevelEmphasis,2510.724260958206
mask_necrosis__t2__follow_up_1__original_glszm_SmallAreaLowGrayLevelEmphasis,0.01153847554606
mask_necrosis__t2__follow_up_1__original_glszm_ZoneEntropy,6.088010329479492
mask_necrosis__t2__follow_up_1__original_glszm_ZonePercentage,0.7898550724637681
mask_necrosis__t2__follow_up_1__original_glszm_ZoneVariance,0.4338018685295851
mask_necrosis__t2__follow_up_1__original_gldm_DependenceEntropy,6.241504598142311
mask_necrosis__t2__follow_up_1__original_gldm_DependenceNonUniformity,67.56521739130434
mask_necrosis__t2__follow_up_1__original_gldm_DependenceNonUniformityNormalized,0.4896030245746692
mask_necrosis__t2__follow_up_1__original_gldm_DependenceVariance,0.5393824826717076
mask_necrosis__t2__follow_up_1__original_gldm_GrayLevelNonUniformity,2.7681159420289854
mask_necrosis__t2__follow_up_1__original_gldm_GrayLevelVariance,519.8580655324512
mask_necrosis__t2__follow_up_1__original_gldm_HighGrayLevelEmphasis,3026.3840579710145
mask_necrosis__t2__follow_up_1__original_gldm_LargeDependenceEmphasis,2.7246376811594204
mask_necrosis__t2__follow_up_1__original_gldm_LargeDependenceHighGrayLevelEmphasis,9229.54347826087
mask_necrosis__t2__follow_up_1__original_gldm_LargeDependenceLowGrayLevelEmphasis,0.0106343114023846
mask_necrosis__t2__follow_up_1__original_gldm_LowGrayLevelEmphasis,0.0094143938592958
mask_necrosis__t2__follow_up_1__original_gldm_SmallDependenceEmphasis,0.7223228663446055
mask_necrosis__t2__follow_up_1__original_gldm_SmallDependenceHighGrayLevelEmphasis,2119.737721417069
mask_necrosis__t2__follow_up_1__original_gldm_SmallDependenceLowGrayLevelEmphasis,0.00915617114405
mask_necrosis__t2__follow_up_1__original_ngtdm_Busyness,0.0085920114990609
mask_necrosis__t2__follow_up_1__original_ngtdm_Coarseness,0.0428325386771347
mask_necrosis__t2__follow_up_1__original_ngtdm_Complexity,20415.33024958397
mask_necrosis__t2__follow_up_1__original_ngtdm_Contrast,2.121840461518891
mask_necrosis__t2__follow_up_1__original_ngtdm_Strength,121.14597950767222
mask_all__t2__follow_up_1__original_shape_Elongation,0.8194789649378824
mask_all__t2__follow_up_1__original_shape_Flatness,0.6498490360453792
mask_all__t2__follow_up_1__original_shape_LeastAxisLength,13.752895635840428
mask_all__t2__follow_up_1__original_shape_MajorAxisLength,21.16321618253514
mask_all__t2__follow_up_1__original_shape_Maximum2DDiameterColumn,24.413111231467404
mask_all__t2__follow_up_1__original_shape_Maximum2DDiameterRow,25.612496949731398
mask_all__t2__follow_up_1__original_shape_Maximum2DDiameterSlice,22.84731931759173
mask_all__t2__follow_up_1__original_shape_Maximum3DDiameter,25.78759391645525
mask_all__t2__follow_up_1__original_shape_MeshVolume,3078.7916666666665
mask_all__t2__follow_up_1__original_shape_MinorAxisLength,17.34281049202054
mask_all__t2__follow_up_1__original_shape_Sphericity,0.6624538723248553
mask_all__t2__follow_up_1__original_shape_SurfaceArea,1544.9532762676731
mask_all__t2__follow_up_1__original_shape_SurfaceVolumeRatio,0.5018050727480229
mask_all__t2__follow_up_1__original_shape_VoxelVolume,3101.0
mask_all__t2__follow_up_1__original_firstorder_10Percentile,246.9110845617253
mask_all__t2__follow_up_1__original_firstorder_90Percentile,458.6587114794308
mask_all__t2__follow_up_1__original_firstorder_Energy,403076654.08068657
mask_all__t2__follow_up_1__original_firstorder_Entropy,6.037172651130035
mask_all__t2__follow_up_1__original_firstorder_InterquartileRange,109.74208700381342
mask_all__t2__follow_up_1__original_firstorder_Kurtosis,6.028593677698192
mask_all__t2__follow_up_1__original_firstorder_MeanAbsoluteDeviation,71.3337952034391
mask_all__t2__follow_up_1__original_firstorder_Mean,347.34732147635
mask_all__t2__follow_up_1__original_firstorder_Median,332.3267240506151
mask_all__t2__follow_up_1__original_firstorder_Range,621.1496310789353
mask_all__t2__follow_up_1__original_firstorder_RobustMeanAbsoluteDeviation,45.959405976281325
mask_all__t2__follow_up_1__original_firstorder_RootMeanSquared,360.5312707494667
mask_all__t2__follow_up_1__original_firstorder_Skewness,1.4742473650641288
mask_all__t2__follow_up_1__original_firstorder_TotalEnergy,403076654.08068657
mask_all__t2__follow_up_1__original_firstorder_Uniformity,0.0184957656355144
mask_all__t2__follow_up_1__original_firstorder_Variance,9332.635451430482
mask_all__t2__follow_up_1__original_glcm_Autocorrelation,1517.9946867182405
mask_all__t2__follow_up_1__original_glcm_ClusterProminence,10463656.7340105
mask_all__t2__follow_up_1__original_glcm_ClusterShade,70936.77362558458
mask_all__t2__follow_up_1__original_glcm_ClusterTendency,1354.630672175339
mask_all__t2__follow_up_1__original_glcm_Contrast,159.78719420901615
mask_all__t2__follow_up_1__original_glcm_Correlation,0.7895058099092886
mask_all__t2__follow_up_1__original_glcm_DifferenceAverage,8.671971933994332
mask_all__t2__follow_up_1__original_glcm_DifferenceEntropy,4.504509316693324
mask_all__t2__follow_up_1__original_glcm_DifferenceVariance,80.12340065449047
mask_all__t2__follow_up_1__original_glcm_Id,0.2199060880081946
mask_all__t2__follow_up_1__original_glcm_Idm,0.1350979028600754
mask_all__t2__follow_up_1__original_glcm_Idmn,0.9905062885036942
mask_all__t2__follow_up_1__original_glcm_Idn,0.9389554708596364
mask_all__t2__follow_up_1__original_glcm_Imc1,-0.2545606197929376
mask_all__t2__follow_up_1__original_glcm_Imc2,0.9741761517988228
mask_all__t2__follow_up_1__original_glcm_InverseVariance,0.1407722190531709
mask_all__t2__follow_up_1__original_glcm_JointAverage,34.91532790375773
mask_all__t2__follow_up_1__original_glcm_JointEnergy,0.0008994826846184
mask_all__t2__follow_up_1__original_glcm_JointEntropy,10.5570371248088
mask_all__t2__follow_up_1__original_glcm_MCC,0.8170108268476255
mask_all__t2__follow_up_1__original_glcm_MaximumProbability,0.002998745534713
mask_all__t2__follow_up_1__original_glcm_SumAverage,69.83065580751547
mask_all__t2__follow_up_1__original_glcm_SumEntropy,6.938420346640521
mask_all__t2__follow_up_1__original_glcm_SumSquares,378.60446659608857
mask_all__t2__follow_up_1__original_glrlm_GrayLevelNonUniformity,54.70136040677543
mask_all__t2__follow_up_1__original_glrlm_GrayLevelNonUniformityNormalized,0.018383293418312
mask_all__t2__follow_up_1__original_glrlm_GrayLevelVariance,378.396826367194
mask_all__t2__follow_up_1__original_glrlm_HighGrayLevelRunEmphasis,1468.856618532432
mask_all__t2__follow_up_1__original_glrlm_LongRunEmphasis,1.1389512756734668
mask_all__t2__follow_up_1__original_glrlm_LongRunHighGrayLevelEmphasis,1639.5342215129417
mask_all__t2__follow_up_1__original_glrlm_LongRunLowGrayLevelEmphasis,0.0044598053492419
mask_all__t2__follow_up_1__original_glrlm_LowGrayLevelRunEmphasis,0.0040783600294882
mask_all__t2__follow_up_1__original_glrlm_RunEntropy,6.264944931340998
mask_all__t2__follow_up_1__original_glrlm_RunLengthNonUniformity,2756.9645989802343
mask_all__t2__follow_up_1__original_glrlm_RunLengthNonUniformityNormalized,0.9260770778261548
mask_all__t2__follow_up_1__original_glrlm_RunPercentage,0.9594671693994492
mask_all__t2__follow_up_1__original_glrlm_RunVariance,0.0513448034106998
mask_all__t2__follow_up_1__original_glrlm_ShortRunEmphasis,0.9706227624057272
mask_all__t2__follow_up_1__original_glrlm_ShortRunHighGrayLevelEmphasis,1431.2800918214125
mask_all__t2__follow_up_1__original_glrlm_ShortRunLowGrayLevelEmphasis,0.0039954110622823
mask_all__t2__follow_up_1__original_glszm_GrayLevelNonUniformity,30.776795580110495
mask_all__t2__follow_up_1__original_glszm_GrayLevelNonUniformityNormalized,0.0170037544641494
mask_all__t2__follow_up_1__original_glszm_GrayLevelVariance,451.2142193461739
mask_all__t2__follow_up_1__original_glszm_HighGrayLevelZoneEmphasis,1604.811049723757
mask_all__t2__follow_up_1__original_glszm_LargeAreaEmphasis,6.106629834254144
mask_all__t2__follow_up_1__original_glszm_LargeAreaHighGrayLevelEmphasis,8297.127071823204
mask_all__t2__follow_up_1__original_glszm_LargeAreaLowGrayLevelEmphasis,0.0152525093088241
mask_all__t2__follow_up_1__original_glszm_LowGrayLevelZoneEmphasis,0.0048048180890722
mask_all__t2__follow_up_1__original_glszm_SizeZoneNonUniformity,912.043093922652
mask_all__t2__follow_up_1__original_glszm_SizeZoneNonUniformityNormalized,0.5038912121119624
mask_all__t2__follow_up_1__original_glszm_SmallAreaEmphasis,0.7378558090073359
mask_all__t2__follow_up_1__original_glszm_SmallAreaHighGrayLevelEmphasis,1271.4937578523595
mask_all__t2__follow_up_1__original_glszm_SmallAreaLowGrayLevelEmphasis,0.0037864738722825
mask_all__t2__follow_up_1__original_glszm_ZoneEntropy,7.489589561114445
mask_all__t2__follow_up_1__original_glszm_ZonePercentage,0.5836826830054821
mask_all__t2__follow_up_1__original_glszm_ZoneVariance,3.171371142517017
mask_all__t2__follow_up_1__original_gldm_DependenceEntropy,7.829864261381
mask_all__t2__follow_up_1__original_gldm_DependenceNonUniformity,921.041277007417
mask_all__t2__follow_up_1__original_gldm_DependenceNonUniformityNormalized,0.2970142782997152
mask_all__t2__follow_up_1__original_gldm_DependenceVariance,1.3840717347734308
mask_all__t2__follow_up_1__original_gldm_GrayLevelNonUniformity,57.35536923573041
mask_all__t2__follow_up_1__original_gldm_GrayLevelVariance,373.2400219171792
mask_all__t2__follow_up_1__original_gldm_HighGrayLevelEmphasis,1459.96388261851
mask_all__t2__follow_up_1__original_gldm_LargeDependenceEmphasis,5.602386326991293
mask_all__t2__follow_up_1__original_gldm_LargeDependenceHighGrayLevelEmphasis,7227.400193485972
mask_all__t2__follow_up_1__original_gldm_LargeDependenceLowGrayLevelEmphasis,0.0156097830964532
mask_all__t2__follow_up_1__original_gldm_LowGrayLevelEmphasis,0.0040257607370587
mask_all__t2__follow_up_1__original_gldm_SmallDependenceEmphasis,0.5048063166438479
mask_all__t2__follow_up_1__original_gldm_SmallDependenceHighGrayLevelEmphasis,835.4232175117501
mask_all__t2__follow_up_1__original_gldm_SmallDependenceLowGrayLevelEmphasis,0.0024522113922856
mask_all__t2__follow_up_1__original_ngtdm_Busyness,0.0545218798928644
mask_all__t2__follow_up_1__original_ngtdm_Coarseness,0.0047660244421561
mask_all__t2__follow_up_1__original_ngtdm_Complexity,30403.850594292144
mask_all__t2__follow_up_1__original_ngtdm_Contrast,0.2406363868822844
mask_all__t2__follow_up_1__original_ngtdm_Strength,38.81159827803622
mask_tumor__t2__follow_up_1__original_shape_Elongation,0.7065158185916608
mask_tumor__t2__follow_up_1__original_shape_Flatness,0.5864627195349807
mask_tumor__t2__follow_up_1__original_shape_LeastAxisLength,9.187725469499776
mask_tumor__t2__follow_up_1__original_shape_MajorAxisLength,15.66634188919106
mask_tumor__t2__follow_up_1__original_shape_Maximum2DDiameterColumn,16.55294535724685
mask_tumor__t2__follow_up_1__original_shape_Maximum2DDiameterRow,17.0
mask_tumor__t2__follow_up_1__original_shape_Maximum2DDiameterSlice,12.806248474865695
mask_tumor__t2__follow_up_1__original_shape_Maximum3DDiameter,17.378147196982766
mask_tumor__t2__follow_up_1__original_shape_MeshVolume,810.6666666666666
mask_tumor__t2__follow_up_1__original_shape_MinorAxisLength,11.06851836417865
mask_tumor__t2__follow_up_1__original_shape_Sphericity,0.5263283596903291
mask_tumor__t2__follow_up_1__original_shape_SurfaceArea,798.8322023151715
mask_tumor__t2__follow_up_1__original_shape_SurfaceVolumeRatio,0.985401565355886
mask_tumor__t2__follow_up_1__original_shape_VoxelVolume,820.0
mask_tumor__t2__follow_up_1__original_firstorder_10Percentile,264.02410989740974
mask_tumor__t2__follow_up_1__original_firstorder_90Percentile,517.8295565057088
mask_tumor__t2__follow_up_1__original_firstorder_Energy,129750555.08759448
mask_tumor__t2__follow_up_1__original_firstorder_Entropy,6.187887002162998
mask_tumor__t2__follow_up_1__original_firstorder_InterquartileRange,132.9190303965495
mask_tumor__t2__follow_up_1__original_firstorder_Kurtosis,4.001692987475984
mask_tumor__t2__follow_up_1__original_firstorder_MeanAbsoluteDeviation,81.76448314534906
mask_tumor__t2__follow_up_1__original_firstorder_Mean,383.5336753516333
mask_tumor__t2__follow_up_1__original_firstorder_Median,372.1617340777365
mask_tumor__t2__follow_up_1__original_firstorder_Range,613.8669531823267
mask_tumor__t2__follow_up_1__original_firstorder_RobustMeanAbsoluteDeviation,55.26978449783537
mask_tumor__t2__follow_up_1__original_firstorder_RootMeanSquared,397.7843439015216
mask_tumor__t2__follow_up_1__original_firstorder_Skewness,0.9625843986412352
mask_tumor__t2__follow_up_1__original_firstorder_TotalEnergy,129750555.08759448
mask_tumor__t2__follow_up_1__original_firstorder_Uniformity,0.0162730517549077
mask_tumor__t2__follow_up_1__original_firstorder_Variance,11134.304124431974
mask_tumor__t2__follow_up_1__original_glcm_Autocorrelation,1657.2152602890906
mask_tumor__t2__follow_up_1__original_glcm_ClusterProminence,6375007.425182918
mask_tumor__t2__follow_up_1__original_glcm_ClusterShade,39848.22513795554
mask_tumor__t2__follow_up_1__original_glcm_ClusterTendency,1255.106390244861
mask_tumor__t2__follow_up_1__original_glcm_Contrast,255.69692228583483
mask_tumor__t2__follow_up_1__original_glcm_Correlation,0.6501919940278509
mask_tumor__t2__follow_up_1__original_glcm_DifferenceAverage,11.189426435582298
mask_tumor__t2__follow_up_1__original_glcm_DifferenceEntropy,4.792305150486548
mask_tumor__t2__follow_up_1__original_glcm_DifferenceVariance,125.33968500197332
mask_tumor__t2__follow_up_1__original_glcm_Id,0.183210651335405
mask_tumor__t2__follow_up_1__original_glcm_Idm,0.103633760630819
mask_tumor__t2__follow_up_1__original_glcm_Idmn,0.9850740829563792
mask_tumor__t2__follow_up_1__original_glcm_Idn,0.922770753731871
mask_tumor__t2__follow_up_1__original_glcm_Imc1,-0.4078915300296485
mask_tumor__t2__follow_up_1__original_glcm_Imc2,0.996358468274936
mask_tumor__t2__follow_up_1__original_glcm_InverseVariance,0.1037129103687678
mask_tumor__t2__follow_up_1__original_glcm_JointAverage,37.50110068911085
mask_tumor__t2__follow_up_1__original_glcm_JointEnergy,0.001384360463515
mask_tumor__t2__follow_up_1__original_glcm_JointEntropy,9.661287961174027
mask_tumor__t2__follow_up_1__original_glcm_MCC,0.923140193699696
mask_tumor__t2__follow_up_1__original_glcm_MaximumProbability,0.0046767830975359
mask_tumor__t2__follow_up_1__original_glcm_SumAverage,75.00220137822174
mask_tumor__t2__follow_up_1__original_glcm_SumEntropy,6.806240877114125
mask_tumor__t2__follow_up_1__original_glcm_SumSquares,377.700828132674
mask_tumor__t2__follow_up_1__original_glrlm_GrayLevelNonUniformity,12.871494457593949
mask_tumor__t2__follow_up_1__original_glrlm_GrayLevelNonUniformityNormalized,0.0161201919603748
mask_tumor__t2__follow_up_1__original_glrlm_GrayLevelVariance,450.2703037040861
mask_tumor__t2__follow_up_1__original_glrlm_HighGrayLevelRunEmphasis,1998.901490744034
mask_tumor__t2__follow_up_1__original_glrlm_LongRunEmphasis,1.0828610984061553
mask_tumor__t2__follow_up_1__original_glrlm_LongRunHighGrayLevelEmphasis,2107.707876683989
mask_tumor__t2__follow_up_1__original_glrlm_LongRunLowGrayLevelEmphasis,0.0037576771081274
mask_tumor__t2__follow_up_1__original_glrlm_LowGrayLevelRunEmphasis,0.0035865794781504
mask_tumor__t2__follow_up_1__original_glrlm_RunEntropy,6.321940451736994
mask_tumor__t2__follow_up_1__original_glrlm_RunLengthNonUniformity,757.9182429041595
mask_tumor__t2__follow_up_1__original_glrlm_RunLengthNonUniformityNormalized,0.9491080674208374
mask_tumor__t2__follow_up_1__original_glrlm_RunPercentage,0.9737335834896812
mask_tumor__t2__follow_up_1__original_glrlm_RunVariance,0.0279838387545113
mask_tumor__t2__follow_up_1__original_glrlm_ShortRunEmphasis,0.9802524845810144
mask_tumor__t2__follow_up_1__original_glrlm_ShortRunHighGrayLevelEmphasis,1972.624093941475
mask_tumor__t2__follow_up_1__original_glrlm_ShortRunLowGrayLevelEmphasis,0.0035498581211742
mask_tumor__t2__follow_up_1__original_glszm_GrayLevelNonUniformity,8.51286449399657
mask_tumor__t2__follow_up_1__original_glszm_GrayLevelNonUniformityNormalized,0.0146018258902171
mask_tumor__t2__follow_up_1__original_glszm_GrayLevelVariance,514.0899940863046
mask_tumor__t2__follow_up_1__original_glszm_HighGrayLevelZoneEmphasis,2244.2504288164664
mask_tumor__t2__follow_up_1__original_glszm_LargeAreaEmphasis,2.9982847341337906
mask_tumor__t2__follow_up_1__original_glszm_LargeAreaHighGrayLevelEmphasis,4744.662092624357
mask_tumor__t2__follow_up_1__original_glszm_LargeAreaLowGrayLevelEmphasis,0.0080695093720699
mask_tumor__t2__follow_up_1__original_glszm_LowGrayLevelZoneEmphasis,0.0041417802822772
mask_tumor__t2__follow_up_1__original_glszm_SizeZoneNonUniformity,361.3739279588336
mask_tumor__t2__follow_up_1__original_glszm_SizeZoneNonUniformityNormalized,0.6198523635657524
mask_tumor__t2__follow_up_1__original_glszm_SmallAreaEmphasis,0.8150112311775609
mask_tumor__t2__follow_up_1__original_glszm_SmallAreaHighGrayLevelEmphasis,1968.021941067339
mask_tumor__t2__follow_up_1__original_glszm_SmallAreaLowGrayLevelEmphasis,0.0037557287617162
mask_tumor__t2__follow_up_1__original_glszm_ZoneEntropy,7.090693314882824
mask_tumor__t2__follow_up_1__original_glszm_ZonePercentage,0.7109756097560975
mask_tumor__t2__follow_up_1__original_glszm_ZoneVariance,1.0199918208591627
mask_tumor__t2__follow_up_1__original_gldm_DependenceEntropy,7.40033647905107
mask_tumor__t2__follow_up_1__original_gldm_DependenceNonUniformity,326.98048780487807
mask_tumor__t2__follow_up_1__original_gldm_DependenceNonUniformityNormalized,0.3987566924449732
mask_tumor__t2__follow_up_1__original_gldm_DependenceVariance,0.8580011897679952
mask_tumor__t2__follow_up_1__original_gldm_GrayLevelNonUniformity,13.34390243902439
mask_tumor__t2__follow_up_1__original_gldm_GrayLevelVariance,444.9823854848304
mask_tumor__t2__follow_up_1__original_gldm_HighGrayLevelEmphasis,1981.0487804878048
mask_tumor__t2__follow_up_1__original_gldm_LargeDependenceEmphasis,3.690243902439025
mask_tumor__t2__follow_up_1__original_gldm_LargeDependenceHighGrayLevelEmphasis,5443.619512195122
mask_tumor__t2__follow_up_1__original_gldm_LargeDependenceLowGrayLevelEmphasis,0.0086715692563412
mask_tumor__t2__follow_up_1__original_gldm_LowGrayLevelEmphasis,0.0035441474691831
mask_tumor__t2__follow_up_1__original_gldm_SmallDependenceEmphasis,0.6363258807588077
mask_tumor__t2__follow_up_1__original_gldm_SmallDependenceHighGrayLevelEmphasis,1477.3849237804875
mask_tumor__t2__follow_up_1__original_gldm_SmallDependenceLowGrayLevelEmphasis,0.0027962504707
mask_tumor__t2__follow_up_1__original_ngtdm_Busyness,0.0247285215531345
mask_tumor__t2__follow_up_1__original_ngtdm_Coarseness,0.0127928892365361
mask_tumor__t2__follow_up_1__original_ngtdm_Complexity,30353.144975950378
mask_tumor__t2__follow_up_1__original_ngtdm_Contrast,0.6127146264706473
mask_tumor__t2__follow_up_1__original_ngtdm_Strength,57.78492130597571
mask_oedema__t2__follow_up_1__original_shape_Elongation,0.674329103433364
mask_oedema__t2__follow_up_1__original_shape_Flatness,0.6330380781584797
mask_oedema__t2__follow_up_1__original_shape_LeastAxisLength,14.84978429949127
mask_oedema__t2__follow_up_1__original_shape_MajorAxisLength,23.45796376529131
mask_oedema__t2__follow_up_1__original_shape_Maximum2DDiameterColumn,23.021728866442675
mask_oedema__t2__follow_up_1__original_shape_Maximum2DDiameterRow,25.612496949731398
mask_oedema__t2__follow_up_1__original_shape_Maximum2DDiameterSlice,22.84731931759173
mask_oedema__t2__follow_up_1__original_shape_Maximum3DDiameter,25.78759391645525
mask_oedema__t2__follow_up_1__original_shape_MeshVolume,2107.708333333333
mask_oedema__t2__follow_up_1__original_shape_MinorAxisLength,15.818387674221228
mask_oedema__t2__follow_up_1__original_shape_Sphericity,0.5134593931517373
mask_oedema__t2__follow_up_1__original_shape_SurfaceArea,1548.287816664863
mask_oedema__t2__follow_up_1__original_shape_SurfaceVolumeRatio,0.7345835247594487
mask_oedema__t2__follow_up_1__original_shape_VoxelVolume,2143.0
mask_oedema__t2__follow_up_1__original_firstorder_10Percentile,241.72390011853952
mask_oedema__t2__follow_up_1__original_firstorder_90Percentile,399.1054698741611
mask_oedema__t2__follow_up_1__original_firstorder_Energy,227040565.88778013
mask_oedema__t2__follow_up_1__original_firstorder_Entropy,5.602534309419284
mask_oedema__t2__follow_up_1__original_firstorder_InterquartileRange,97.120045864992
mask_oedema__t2__follow_up_1__original_firstorder_Kurtosis,3.378495344962731
mask_oedema__t2__follow_up_1__original_firstorder_MeanAbsoluteDeviation,51.989615947881965
mask_oedema__t2__follow_up_1__original_firstorder_Mean,319.30567785297904
mask_oedema__t2__follow_up_1__original_firstorder_Median,315.6399232929791
mask_oedema__t2__follow_up_1__original_firstorder_Range,418.7639048373556
mask_oedema__t2__follow_up_1__original_firstorder_RobustMeanAbsoluteDeviation,38.80665816767099
mask_oedema__t2__follow_up_1__original_firstorder_RootMeanSquared,325.4922442510106
mask_oedema__t2__follow_up_1__original_firstorder_Skewness,0.505913760075554
mask_oedema__t2__follow_up_1__original_firstorder_TotalEnergy,227040565.88778013
mask_oedema__t2__follow_up_1__original_firstorder_Uniformity,0.0229683552283324
mask_oedema__t2__follow_up_1__original_firstorder_Variance,3989.085158409112
mask_oedema__t2__follow_up_1__original_glcm_Autocorrelation,911.010228924962
mask_oedema__t2__follow_up_1__original_glcm_ClusterProminence,685153.2772020871
mask_oedema__t2__follow_up_1__original_glcm_ClusterShade,3222.8423838785693
mask_oedema__t2__follow_up_1__original_glcm_ClusterTendency,490.3475502776836
mask_oedema__t2__follow_up_1__original_glcm_Contrast,75.2171241861271
mask_oedema__t2__follow_up_1__original_glcm_Correlation,0.7335372302790688
mask_oedema__t2__follow_up_1__original_glcm_DifferenceAverage,6.4080880468759
mask_oedema__t2__follow_up_1__original_glcm_DifferenceEntropy,4.0285431029550285
mask_oedema__t2__follow_up_1__original_glcm_DifferenceVariance,30.755754893924976
mask_oedema__t2__follow_up_1__original_glcm_Id,0.2484154543713569
mask_oedema__t2__follow_up_1__original_glcm_Idm,0.1583582548101789
mask_oedema__t2__follow_up_1__original_glcm_Idmn,0.9898915326008472
mask_oedema__t2__follow_up_1__original_glcm_Idn,0.9326248406078728
mask_oedema__t2__follow_up_1__original_glcm_Imc1,-0.2248701500338091
mask_oedema__t2__follow_up_1__original_glcm_Imc2,0.95150033821919
mask_oedema__t2__follow_up_1__original_glcm_InverseVariance,0.1669213256218176
mask_oedema__t2__follow_up_1__original_glcm_JointAverage,28.409593103002237
mask_oedema__t2__follow_up_1__original_glcm_JointEnergy,0.0013977372389154
mask_oedema__t2__follow_up_1__original_glcm_JointEntropy,9.82462069937169
mask_oedema__t2__follow_up_1__original_glcm_MCC,0.7840735473410966
mask_oedema__t2__follow_up_1__original_glcm_MaximumProbability,0.0041298720458107
mask_oedema__t2__follow_up_1__original_glcm_SumAverage,56.81918620600452
mask_oedema__t2__follow_up_1__original_glcm_SumEntropy,6.404270252532724
mask_oedema__t2__follow_up_1__original_glcm_SumSquares,141.39116861595264
mask_oedema__t2__follow_up_1__original_glrlm_GrayLevelNonUniformity,47.01406166675626
mask_oedema__t2__follow_up_1__original_glrlm_GrayLevelNonUniformityNormalized,0.022929030592638
mask_oedema__t2__follow_up_1__original_glrlm_GrayLevelVariance,160.7586895816448
mask_oedema__t2__follow_up_1__original_glrlm_HighGrayLevelRunEmphasis,906.7597144770218
mask_oedema__t2__follow_up_1__original_glrlm_LongRunEmphasis,1.1525124587327822
mask_oedema__t2__follow_up_1__original_glrlm_LongRunHighGrayLevelEmphasis,1049.9792687993329
mask_oedema__t2__follow_up_1__original_glrlm_LongRunLowGrayLevelEmphasis,0.0055317031208396
mask_oedema__t2__follow_up_1__original_glrlm_LowGrayLevelRunEmphasis,0.0050773890546108
mask_oedema__t2__follow_up_1__original_glrlm_RunEntropy,5.8365043403650025
mask_oedema__t2__follow_up_1__original_glrlm_RunLengthNonUniformity,1892.7690009536016
mask_oedema__t2__follow_up_1__original_glrlm_RunLengthNonUniformityNormalized,0.9222167738767938
mask_oedema__t2__follow_up_1__original_glrlm_RunPercentage,0.9567105782691412
mask_oedema__t2__follow_up_1__original_glrlm_RunVariance,0.0574822903522804
mask_oedema__t2__follow_up_1__original_glrlm_ShortRunEmphasis,0.968835150241173
mask_oedema__t2__follow_up_1__original_glrlm_ShortRunHighGrayLevelEmphasis,877.2546489956586
mask_oedema__t2__follow_up_1__original_glrlm_ShortRunLowGrayLevelEmphasis,0.0049796693156334
mask_oedema__t2__follow_up_1__original_glszm_GrayLevelNonUniformity,26.949748743718597
mask_oedema__t2__follow_up_1__original_glszm_GrayLevelNonUniformityNormalized,0.0225709788473355
mask_oedema__t2__follow_up_1__original_glszm_GrayLevelVariance,178.04860988358882
mask_oedema__t2__follow_up_1__original_glszm_HighGrayLevelZoneEmphasis,891.6633165829146
mask_oedema__t2__follow_up_1__original_glszm_LargeAreaEmphasis,6.476549413735343
mask_oedema__t2__follow_up_1__original_glszm_LargeAreaHighGrayLevelEmphasis,6720.141541038526
mask_oedema__t2__follow_up_1__original_glszm_LargeAreaLowGrayLevelEmphasis,0.0190203445406861
mask_oedema__t2__follow_up_1__original_glszm_LowGrayLevelZoneEmphasis,0.0064295396848563
mask_oedema__t2__follow_up_1__original_glszm_SizeZoneNonUniformity,565.2428810720268
mask_oedema__t2__follow_up_1__original_glszm_SizeZoneNonUniformityNormalized,0.4734027479665216
mask_oedema__t2__follow_up_1__original_glszm_SmallAreaEmphasis,0.7154177537498252
mask_oedema__t2__follow_up_1__original_glszm_SmallAreaHighGrayLevelEmphasis,648.445312777111
mask_oedema__t2__follow_up_1__original_glszm_SmallAreaLowGrayLevelEmphasis,0.0052321736544113
mask_oedema__t2__follow_up_1__original_glszm_ZoneEntropy,7.075613387267101
mask_oedema__t2__follow_up_1__original_glszm_ZonePercentage,0.5571628558096127
mask_oedema__t2__follow_up_1__original_glszm_ZoneVariance,3.255215917667624
mask_oedema__t2__follow_up_1__original_gldm_DependenceEntropy,7.466291599952265
mask_oedema__t2__follow_up_1__original_gldm_DependenceNonUniformity,606.3980401306579
mask_oedema__t2__follow_up_1__original_gldm_DependenceNonUniformityNormalized,0.2829668876018003
mask_oedema__t2__follow_up_1__original_gldm_DependenceVariance,1.4154147384108131
mask_oedema__t2__follow_up_1__original_gldm_GrayLevelNonUniformity,49.22118525431638
mask_oedema__t2__follow_up_1__original_gldm_GrayLevelVariance,159.70596951648238
mask_oedema__t2__follow_up_1__original_gldm_HighGrayLevelEmphasis,908.2888474101728
mask_oedema__t2__follow_up_1__original_gldm_LargeDependenceEmphasis,5.933271115258982
mask_oedema__t2__follow_up_1__original_gldm_LargeDependenceHighGrayLevelEmphasis,5700.522165188987
mask_oedema__t2__follow_up_1__original_gldm_LargeDependenceLowGrayLevelEmphasis,0.0187136208458127
mask_oedema__t2__follow_up_1__original_gldm_LowGrayLevelEmphasis,0.0049888926077898
mask_oedema__t2__follow_up_1__original_gldm_SmallDependenceEmphasis,0.4764161960043345
mask_oedema__t2__follow_up_1__original_gldm_SmallDependenceHighGrayLevelEmphasis,431.2737460212823
mask_oedema__t2__follow_up_1__original_gldm_SmallDependenceLowGrayLevelEmphasis,0.0031876425952558
mask_oedema__t2__follow_up_1__original_ngtdm_Busyness,0.0769298384313387
mask_oedema__t2__follow_up_1__original_ngtdm_Coarseness,0.0063836648284966
mask_oedema__t2__follow_up_1__original_ngtdm_Complexity,9429.068821275589
mask_oedema__t2__follow_up_1__original_ngtdm_Contrast,0.2049839706660771
mask_oedema__t2__follow_up_1__original_ngtdm_Strength,16.079521534987702
mask_necrosis__t1__follow_up_1__original_shape_Elongation,0.7787157321965053
mask_necrosis__t1__follow_up_1__original_shape_Flatness,0.49803497027482607
mask_necrosis__t1__follow_up_1__original_shape_LeastAxisLength,4.195897287476727
mask_necrosis__t1__follow_up_1__original_shape_MajorAxisLength,8.42490495227944
mask_necrosis__t1__follow_up_1__original_shape_Maximum2DDiameterColumn,8.94427190999916
mask_necrosis__t1__follow_up_1__original_shape_Maximum2DDiameterRow,8.246211251235321
mask_necrosis__t1__follow_up_1__original_shape_Maximum2DDiameterSlice,7.280109889280518
mask_necrosis__t1__follow_up_1__original_shape_Maximum3DDiameter,9.16515138991168
mask_necrosis__t1__follow_up_1__original_shape_MeshVolume,130.375
mask_necrosis__t1__follow_up_1__original_shape_MinorAxisLength,6.560606028600249
mask_necrosis__t1__follow_up_1__original_shape_Sphericity,0.7264018191221725
mask_necrosis__t1__follow_up_1__original_shape_SurfaceArea,171.17358599342072
mask_necrosis__t1__follow_up_1__original_shape_SurfaceVolumeRatio,1.3129325867184714
mask_necrosis__t1__follow_up_1__original_shape_VoxelVolume,138.0
mask_necrosis__t1__follow_up_1__original_firstorder_10Percentile,706.6875794078976
mask_necrosis__t1__follow_up_1__original_firstorder_90Percentile,834.967929823498
mask_necrosis__t1__follow_up_1__original_firstorder_Energy,82268839.30531254
mask_necrosis__t1__follow_up_1__original_firstorder_Entropy,5.0456198031139525
mask_necrosis__t1__follow_up_1__original_firstorder_InterquartileRange,79.53367924573456
mask_necrosis__t1__follow_up_1__original_firstorder_Kurtosis,2.503596321530892
mask_necrosis__t1__follow_up_1__original_firstorder_MeanAbsoluteDeviation,41.68078667641324
mask_necrosis__t1__follow_up_1__original_firstorder_Mean,770.4877041289948
mask_necrosis__t1__follow_up_1__original_firstorder_Median,771.2110547002248
mask_necrosis__t1__follow_up_1__original_firstorder_Range,241.0741622054757
mask_necrosis__t1__follow_up_1__original_firstorder_RobustMeanAbsoluteDeviation,31.479542651971915
mask_necrosis__t1__follow_up_1__original_firstorder_RootMeanSquared,772.1081591712307
mask_necrosis__t1__follow_up_1__original_firstorder_Skewness,0.3061427639515386
mask_necrosis__t1__follow_up_1__original_firstorder_TotalEnergy,82268839.30531254
mask_necrosis__t1__follow_up_1__original_firstorder_Uniformity,0.0350766645662675
mask_necrosis__t1__follow_up_1__original_firstorder_Variance,2499.7072448169565
mask_necrosis__t1__follow_up_1__original_glcm_Autocorrelation,374.64061440499546
mask_necrosis__t1__follow_up_1__original_glcm_ClusterProminence,230045.94991245944
mask_necrosis__t1__follow_up_1__original_glcm_ClusterShade,2218.291245192884
mask_necrosis__t1__follow_up_1__original_glcm_ClusterTendency,301.1951593777322
mask_necrosis__t1__follow_up_1__original_glcm_Contrast,77.6476092665223
mask_necrosis__t1__follow_up_1__original_glcm_Correlation,0.5922405458291127
mask_necrosis__t1__follow_up_1__original_glcm_DifferenceAverage,6.784038375459369
mask_necrosis__t1__follow_up_1__original_glcm_DifferenceEntropy,3.8587694984950622
mask_necrosis__t1__follow_up_1__original_glcm_DifferenceVariance,28.874932074882917
mask_necrosis__t1__follow_up_1__original_glcm_Id,0.227997477985447
mask_necrosis__t1__follow_up_1__original_glcm_Idm,0.1373319457475507
mask_necrosis__t1__follow_up_1__original_glcm_Idmn,0.9709519378027484
mask_necrosis__t1__follow_up_1__original_glcm_Idn,0.8864210802095307
mask_necrosis__t1__follow_up_1__original_glcm_Imc1,-0.5625356682197705
mask_necrosis__t1__follow_up_1__original_glcm_Imc2,0.9980435440308296
mask_necrosis__t1__follow_up_1__original_glcm_InverseVariance,0.1528579542305682
mask_necrosis__t1__follow_up_1__original_glcm_JointAverage,17.845405589165086
mask_necrosis__t1__follow_up_1__original_glcm_JointEnergy,0.0076077477385669
mask_necrosis__t1__follow_up_1__original_glcm_JointEntropy,7.122689116160568
mask_necrosis__t1__follow_up_1__original_glcm_MCC,0.9089360264209289
mask_necrosis__t1__follow_up_1__original_glcm_MaximumProbability,0.015841823372253
mask_necrosis__t1__follow_up_1__original_glcm_SumAverage,35.690811178330165
mask_necrosis__t1__follow_up_1__original_glcm_SumEntropy,5.356759299110711
mask_necrosis__t1__follow_up_1__original_glcm_SumSquares,94.71069216106363
mask_necrosis__t1__follow_up_1__original_glrlm_GrayLevelNonUniformity,4.674151005577572
mask_necrosis__t1__follow_up_1__original_glrlm_GrayLevelNonUniformityNormalized,0.0347589961252015
mask_necrosis__t1__follow_up_1__original_glrlm_GrayLevelVariance,99.39438694776192
mask_necrosis__t1__follow_up_1__original_glrlm_HighGrayLevelRunEmphasis,488.9154499828505
mask_necrosis__t1__follow_up_1__original_glrlm_LongRunEmphasis,1.0800492134656343
mask_necrosis__t1__follow_up_1__original_glrlm_LongRunHighGrayLevelEmphasis,516.8187788614955
mask_necrosis__t1__follow_up_1__original_glrlm_LongRunLowGrayLevelEmphasis,0.0180904478374335
mask_necrosis__t1__follow_up_1__original_glrlm_LowGrayLevelRunEmphasis,0.0171289323451413
mask_necrosis__t1__follow_up_1__original_glrlm_RunEntropy,5.1384430190248285
mask_necrosis__t1__follow_up_1__original_glrlm_RunLengthNonUniformity,127.67221994653067
mask_necrosis__t1__follow_up_1__original_glrlm_RunLengthNonUniformityNormalized,0.9488198959598898
mask_necrosis__t1__follow_up_1__original_glrlm_RunPercentage,0.9743589743589745
mask_necrosis__t1__follow_up_1__original_glrlm_RunVariance,0.0255900520200551
mask_necrosis__t1__follow_up_1__original_glrlm_ShortRunEmphasis,0.9799876966335912
mask_necrosis__t1__follow_up_1__original_glrlm_ShortRunHighGrayLevelEmphasis,481.9396177631894
mask_necrosis__t1__follow_up_1__original_glrlm_ShortRunLowGrayLevelEmphasis,0.0168885534720682
mask_necrosis__t1__follow_up_1__original_glszm_GrayLevelNonUniformity,3.142857142857143
mask_necrosis__t1__follow_up_1__original_glszm_GrayLevelNonUniformityNormalized,0.032069970845481
mask_necrosis__t1__follow_up_1__original_glszm_GrayLevelVariance,100.1978342357351
mask_necrosis__t1__follow_up_1__original_glszm_HighGrayLevelZoneEmphasis,534.3673469387755
mask_necrosis__t1__follow_up_1__original_glszm_LargeAreaEmphasis,2.9183673469387754
mask_necrosis__t1__follow_up_1__original_glszm_LargeAreaHighGrayLevelEmphasis,1107.295918367347
mask_necrosis__t1__follow_up_1__original_glszm_LargeAreaLowGrayLevelEmphasis,0.0407829430871778
mask_necrosis__t1__follow_up_1__original_glszm_LowGrayLevelZoneEmphasis,0.0193944831736134
mask_necrosis__t1__follow_up_1__original_glszm_SizeZoneNonUniformity,58.24489795918368
mask_necrosis__t1__follow_up_1__original_glszm_SizeZoneNonUniformityNormalized,0.5943356934610579
mask_necrosis__t1__follow_up_1__original_glszm_SmallAreaEmphasis,0.7972115929705216
mask_necrosis__t1__follow_up_1__original_glszm_SmallAreaHighGrayLevelEmphasis,446.12209467120186
mask_necrosis__t1__follow_up_1__original_glszm_SmallAreaLowGrayLevelEmphasis,0.0171919664019225
mask_necrosis__t1__follow_up_1__original_glszm_ZoneEntropy,5.67951861460759
mask_necrosis__t1__follow_up_1__original_glszm_ZonePercentage,0.7101449275362319
mask_necrosis__t1__follow_up_1__original_glszm_ZoneVariance,0.9354435651811746
mask_necrosis__t1__follow_up_1__original_gldm_DependenceEntropy,5.891760666935864
mask_necrosis__t1__follow_up_1__original_gldm_DependenceNonUniformity,54.53623188405797
mask_necrosis__t1__follow_up_1__original_gldm_DependenceNonUniformityNormalized,0.3951900861163621
mask_necrosis__t1__follow_up_1__original_gldm_DependenceVariance,0.7004830917874396
mask_necrosis__t1__follow_up_1__original_gldm_GrayLevelNonUniformity,4.840579710144928
mask_necrosis__t1__follow_up_1__original_gldm_GrayLevelVariance,99.34493803822728
mask_necrosis__t1__follow_up_1__original_gldm_HighGrayLevelEmphasis,485.268115942029
mask_necrosis__t1__follow_up_1__original_gldm_LargeDependenceEmphasis,3.4782608695652173
mask_necrosis__t1__follow_up_1__original_gldm_LargeDependenceHighGrayLevelEmphasis,1289.2826086956522
mask_necrosis__t1__follow_up_1__original_gldm_LargeDependenceLowGrayLevelEmphasis,0.0481739112781833
mask_necrosis__t1__follow_up_1__original_gldm_LowGrayLevelEmphasis,0.0169959337983481
mask_necrosis__t1__follow_up_1__original_gldm_SmallDependenceEmphasis,0.6234903381642513
mask_necrosis__t1__follow_up_1__original_gldm_SmallDependenceHighGrayLevelEmphasis,339.8197966988728
mask_necrosis__t1__follow_up_1__original_gldm_SmallDependenceLowGrayLevelEmphasis,0.0127959681568417
mask_necrosis__t1__follow_up_1__original_ngtdm_Busyness,0.0271009388854285
mask_necrosis__t1__follow_up_1__original_ngtdm_Coarseness,0.0595745432116664
mask_necrosis__t1__follow_up_1__original_ngtdm_Complexity,2449.536334435508
mask_necrosis__t1__follow_up_1__original_ngtdm_Contrast,0.5059674290442268
mask_necrosis__t1__follow_up_1__original_ngtdm_Strength,36.57216627101235
mask_all__t1__follow_up_1__original_shape_Elongation,0.8194789649378824
mask_all__t1__follow_up_1__original_shape_Flatness,0.6498490360453792
mask_all__t1__follow_up_1__original_shape_LeastAxisLength,13.752895635840428
mask_all__t1__follow_up_1__original_shape_MajorAxisLength,21.16321618253514
mask_all__t1__follow_up_1__original_shape_Maximum2DDiameterColumn,24.413111231467404
mask_all__t1__follow_up_1__original_shape_Maximum2DDiameterRow,25.612496949731398
mask_all__t1__follow_up_1__original_shape_Maximum2DDiameterSlice,22.84731931759173
mask_all__t1__follow_up_1__original_shape_Maximum3DDiameter,25.78759391645525
mask_all__t1__follow_up_1__original_shape_MeshVolume,3078.7916666666665
mask_all__t1__follow_up_1__original_shape_MinorAxisLength,17.34281049202054
mask_all__t1__follow_up_1__original_shape_Sphericity,0.6624538723248553
mask_all__t1__follow_up_1__original_shape_SurfaceArea,1544.9532762676731
mask_all__t1__follow_up_1__original_shape_SurfaceVolumeRatio,0.5018050727480229
mask_all__t1__follow_up_1__original_shape_VoxelVolume,3101.0
mask_all__t1__follow_up_1__original_firstorder_10Percentile,813.5595607946271
mask_all__t1__follow_up_1__original_firstorder_90Percentile,947.0508925487924
mask_all__t1__follow_up_1__original_firstorder_Energy,2429776312.876133
mask_all__t1__follow_up_1__original_firstorder_Entropy,5.407915720037995
mask_all__t1__follow_up_1__original_firstorder_InterquartileRange,69.39271412121684
mask_all__t1__follow_up_1__original_firstorder_Kurtosis,5.085267035392749
mask_all__t1__follow_up_1__original_firstorder_MeanAbsoluteDeviation,42.73830546309225
mask_all__t1__follow_up_1__original_firstorder_Mean,883.4286053014647
mask_all__t1__follow_up_1__original_firstorder_Median,890.672518332275
mask_all__t1__follow_up_1__original_firstorder_Range,461.81829266022896
mask_all__t1__follow_up_1__original_firstorder_RobustMeanAbsoluteDeviation,28.72740356716483
mask_all__t1__follow_up_1__original_firstorder_RootMeanSquared,885.181367751068
mask_all__t1__follow_up_1__original_firstorder_Skewness,-0.9885473337734262
mask_all__t1__follow_up_1__original_firstorder_TotalEnergy,2429776312.876133
mask_all__t1__follow_up_1__original_firstorder_Uniformity,0.0281099573521809
mask_all__t1__follow_up_1__original_firstorder_Variance,3099.953148760319
mask_all__t1__follow_up_1__original_glcm_Autocorrelation,4414.573708912153
mask_all__t1__follow_up_1__original_glcm_ClusterProminence,705486.8317035667
mask_all__t1__follow_up_1__original_glcm_ClusterShade,-7128.329928942849
mask_all__t1__follow_up_1__original_glcm_ClusterTendency,410.0468762829468
mask_all__t1__follow_up_1__original_glcm_Contrast,60.60000517763909
mask_all__t1__follow_up_1__original_glcm_Correlation,0.7428660573008895
mask_all__t1__follow_up_1__original_glcm_DifferenceAverage,5.821803652493212
mask_all__t1__follow_up_1__original_glcm_DifferenceEntropy,3.966638112940948
mask_all__t1__follow_up_1__original_glcm_DifferenceVariance,25.38520204368719
mask_all__t1__follow_up_1__original_glcm_Id,0.2616028512289748
mask_all__t1__follow_up_1__original_glcm_Idm,0.1706071971718984
mask_all__t1__follow_up_1__original_glcm_Idmn,0.993220622687474
mask_all__t1__follow_up_1__original_glcm_Idn,0.9434662566299707
mask_all__t1__follow_up_1__original_glcm_Imc1,-0.1817302051411649
mask_all__t1__follow_up_1__original_glcm_Imc2,0.9195336356911504
mask_all__t1__follow_up_1__original_glcm_InverseVariance,0.1783335846911935
mask_all__t1__follow_up_1__original_glcm_JointAverage,65.78137348494731
mask_all__t1__follow_up_1__original_glcm_JointEnergy,0.0015370478047121
mask_all__t1__follow_up_1__original_glcm_JointEntropy,9.78917182819151
mask_all__t1__follow_up_1__original_glcm_MCC,0.8415209482564973
mask_all__t1__follow_up_1__original_glcm_MaximumProbability,0.0047328546003497
mask_all__t1__follow_up_1__original_glcm_SumAverage,131.5627469698946
mask_all__t1__follow_up_1__original_glcm_SumEntropy,6.261192186055336
mask_all__t1__follow_up_1__original_glcm_SumSquares,117.66172036514652
mask_all__t1__follow_up_1__original_glrlm_GrayLevelNonUniformity,81.93961256502675
mask_all__t1__follow_up_1__original_glrlm_GrayLevelNonUniformityNormalized,0.027858453108259
mask_all__t1__follow_up_1__original_glrlm_GrayLevelVariance,125.77694810949964
mask_all__t1__follow_up_1__original_glrlm_HighGrayLevelRunEmphasis,4496.217608084194
mask_all__t1__follow_up_1__original_glrlm_LongRunEmphasis,1.1755748077537578
mask_all__t1__follow_up_1__original_glrlm_LongRunHighGrayLevelEmphasis,5314.833135163872
mask_all__t1__follow_up_1__original_glrlm_LongRunLowGrayLevelEmphasis,0.0010459703080236
mask_all__t1__follow_up_1__original_glrlm_LowGrayLevelRunEmphasis,0.0009250738206785
mask_all__t1__follow_up_1__original_glrlm_RunEntropy,5.699994800407273
mask_all__t1__follow_up_1__original_glrlm_RunLengthNonUniformity,2662.8040629119546
mask_all__t1__follow_up_1__original_glrlm_RunLengthNonUniformityNormalized,0.9049885238581614
mask_all__t1__follow_up_1__original_glrlm_RunPercentage,0.9484533525165578
mask_all__t1__follow_up_1__original_glrlm_RunVariance,0.0629962852933455
mask_all__t1__follow_up_1__original_glrlm_ShortRunEmphasis,0.961967624911982
mask_all__t1__follow_up_1__original_glrlm_ShortRunHighGrayLevelEmphasis,4319.774002121981
mask_all__t1__follow_up_1__original_glrlm_ShortRunLowGrayLevelEmphasis,0.0008961295251965
mask_all__t1__follow_up_1__original_glszm_GrayLevelNonUniformity,37.7819253438114
mask_all__t1__follow_up_1__original_glszm_GrayLevelNonUniformityNormalized,0.0247425837222078
mask_all__t1__follow_up_1__original_glszm_GrayLevelVariance,153.0514189256127
mask_all__t1__follow_up_1__original_glszm_HighGrayLevelZoneEmphasis,4392.366077275704
mask_all__t1__follow_up_1__original_glszm_LargeAreaEmphasis,10.198428290766207
mask_all__t1__follow_up_1__original_glszm_LargeAreaHighGrayLevelEmphasis,47744.07662082514
mask_all__t1__follow_up_1__original_glszm_LargeAreaLowGrayLevelEmphasis,0.0050186628566932
mask_all__t1__follow_up_1__original_glszm_LowGrayLevelZoneEmphasis,0.0009547656857714
mask_all__t1__follow_up_1__original_glszm_SizeZoneNonUniformity,668.0281597904387
mask_all__t1__follow_up_1__original_glszm_SizeZoneNonUniformityNormalized,0.4374775113231426
mask_all__t1__follow_up_1__original_glszm_SmallAreaEmphasis,0.6874168048765037
mask_all__t1__follow_up_1__original_glszm_SmallAreaHighGrayLevelEmphasis,2984.9959147160844
mask_all__t1__follow_up_1__original_glszm_SmallAreaLowGrayLevelEmphasis,0.000384969285507
mask_all__t1__follow_up_1__original_glszm_ZoneEntropy,7.173547438765316
mask_all__t1__follow_up_1__original_glszm_ZonePercentage,0.492421799419542
mask_all__t1__follow_up_1__original_glszm_ZoneVariance,6.074363701785241
mask_all__t1__follow_up_1__original_gldm_DependenceEntropy,7.464684726945187
mask_all__t1__follow_up_1__original_gldm_DependenceNonUniformity,780.1267333118349
mask_all__t1__follow_up_1__original_gldm_DependenceNonUniformityNormalized,0.2515726324772122
mask_all__t1__follow_up_1__original_gldm_DependenceVariance,1.7652613542499789
mask_all__t1__follow_up_1__original_gldm_GrayLevelNonUniformity,87.1689777491132
mask_all__t1__follow_up_1__original_gldm_GrayLevelVariance,123.93674924224236
mask_all__t1__follow_up_1__original_gldm_HighGrayLevelEmphasis,4504.276362463721
mask_all__t1__follow_up_1__original_gldm_LargeDependenceEmphasis,7.241857465333763
mask_all__t1__follow_up_1__original_gldm_LargeDependenceHighGrayLevelEmphasis,33754.70590132215
mask_all__t1__follow_up_1__original_gldm_LargeDependenceLowGrayLevelEmphasis,0.0043033416091191
mask_all__t1__follow_up_1__original_gldm_LowGrayLevelEmphasis,0.000914554867895
mask_all__t1__follow_up_1__original_gldm_SmallDependenceEmphasis,0.4209464767519869
mask_all__t1__follow_up_1__original_gldm_SmallDependenceHighGrayLevelEmphasis,1844.691461688859
mask_all__t1__follow_up_1__original_gldm_SmallDependenceLowGrayLevelEmphasis,0.0002904557329218
mask_all__t1__follow_up_1__original_ngtdm_Busyness,0.0413767332330437
mask_all__t1__follow_up_1__original_ngtdm_Coarseness,0.0040621378520439
mask_all__t1__follow_up_1__original_ngtdm_Complexity,8768.21191259032
mask_all__t1__follow_up_1__original_ngtdm_Contrast,0.1490875272395364
mask_all__t1__follow_up_1__original_ngtdm_Strength,11.37701292581053
mask_tumor__t1__follow_up_1__original_shape_Elongation,0.7065158185916608
mask_tumor__t1__follow_up_1__original_shape_Flatness,0.5864627195349807
mask_tumor__t1__follow_up_1__original_shape_LeastAxisLength,9.187725469499776
mask_tumor__t1__follow_up_1__original_shape_MajorAxisLength,15.66634188919106
mask_tumor__t1__follow_up_1__original_shape_Maximum2DDiameterColumn,16.55294535724685
mask_tumor__t1__follow_up_1__original_shape_Maximum2DDiameterRow,17.0
mask_tumor__t1__follow_up_1__original_shape_Maximum2DDiameterSlice,12.806248474865695
mask_tumor__t1__follow_up_1__original_shape_Maximum3DDiameter,17.378147196982766
mask_tumor__t1__follow_up_1__original_shape_MeshVolume,810.6666666666666
mask_tumor__t1__follow_up_1__original_shape_MinorAxisLength,11.06851836417865
mask_tumor__t1__follow_up_1__original_shape_Sphericity,0.5263283596903291
mask_tumor__t1__follow_up_1__original_shape_SurfaceArea,798.8322023151715
mask_tumor__t1__follow_up_1__original_shape_SurfaceVolumeRatio,0.985401565355886
mask_tumor__t1__follow_up_1__original_shape_VoxelVolume,820.0
mask_tumor__t1__follow_up_1__original_firstorder_10Percentile,795.5034602501845
mask_tumor__t1__follow_up_1__original_firstorder_90Percentile,919.0765513218608
mask_tumor__t1__follow_up_1__original_firstorder_Energy,600590573.2107768
mask_tumor__t1__follow_up_1__original_firstorder_Entropy,5.275035431818414
mask_tumor__t1__follow_up_1__original_firstorder_InterquartileRange,60.58968770981858
mask_tumor__t1__follow_up_1__original_firstorder_Kurtosis,5.101327201973688
mask_tumor__t1__follow_up_1__original_firstorder_MeanAbsoluteDeviation,38.60228582163592
mask_tumor__t1__follow_up_1__original_firstorder_Mean,854.2761352771761
mask_tumor__t1__follow_up_1__original_firstorder_Median,854.3366182471195
mask_tumor__t1__follow_up_1__original_firstorder_Range,367.5628769989004
mask_tumor__t1__follow_up_1__original_firstorder_RobustMeanAbsoluteDeviation,25.3257477333467
mask_tumor__t1__follow_up_1__original_firstorder_RootMeanSquared,855.8197989681154
mask_tumor__t1__follow_up_1__original_firstorder_Skewness,-0.5557851705501575
mask_tumor__t1__follow_up_1__original_firstorder_TotalEnergy,600590573.2107768
mask_tumor__t1__follow_up_1__original_firstorder_Uniformity,0.0309547888161808
mask_tumor__t1__follow_up_1__original_firstorder_Variance,2639.813001717413
mask_tumor__t1__follow_up_1__original_glcm_Autocorrelation,2590.429012065109
mask_tumor__t1__follow_up_1__original_glcm_ClusterProminence,368851.7527967201
mask_tumor__t1__follow_up_1__original_glcm_ClusterShade,-1018.9242588449376
mask_tumor__t1__follow_up_1__original_glcm_ClusterTendency,294.15037008860565
mask_tumor__t1__follow_up_1__original_glcm_Contrast,81.36045597349667
mask_tumor__t1__follow_up_1__original_glcm_Correlation,0.5676773768487948
mask_tumor__t1__follow_up_1__original_glcm_DifferenceAverage,6.915248384092217
mask_tumor__t1__follow_up_1__original_glcm_DifferenceEntropy,4.130979160758113
mask_tumor__t1__follow_up_1__original_glcm_DifferenceVariance,31.8555451296339
mask_tumor__t1__follow_up_1__original_glcm_Id,0.2270009593460208
mask_tumor__t1__follow_up_1__original_glcm_Idm,0.1370741345939403
mask_tumor__t1__follow_up_1__original_glcm_Idmn,0.9863671242813108
mask_tumor__t1__follow_up_1__original_glcm_Idn,0.9197481390406596
mask_tumor__t1__follow_up_1__original_glcm_Imc1,-0.253861744990039
mask_tumor__t1__follow_up_1__original_glcm_Imc2,0.963069696168568
mask_tumor__t1__follow_up_1__original_glcm_InverseVariance,0.1491710162167258
mask_tumor__t1__follow_up_1__original_glcm_JointAverage,50.37006615959668
mask_tumor__t1__follow_up_1__original_glcm_JointEnergy,0.0022325214392289
mask_tumor__t1__follow_up_1__original_glcm_JointEntropy,9.09142783611328
mask_tumor__t1__follow_up_1__original_glcm_MCC,0.7851786384084478
mask_tumor__t1__follow_up_1__original_glcm_MaximumProbability,0.007387542976109
mask_tumor__t1__follow_up_1__original_glcm_SumAverage,100.74013231919342
mask_tumor__t1__follow_up_1__original_glcm_SumEntropy,5.962238473622273
mask_tumor__t1__follow_up_1__original_glcm_SumSquares,93.87770651552556
mask_tumor__t1__follow_up_1__original_glrlm_GrayLevelNonUniformity,24.389098177999607
mask_tumor__t1__follow_up_1__original_glrlm_GrayLevelNonUniformityNormalized,0.0306891241055683
mask_tumor__t1__follow_up_1__original_glrlm_GrayLevelVariance,106.93078860189544
mask_tumor__t1__follow_up_1__original_glrlm_HighGrayLevelRunEmphasis,2641.729482984956
mask_tumor__t1__follow_up_1__original_glrlm_LongRunEmphasis,1.0992005353828689
mask_tumor__t1__follow_up_1__original_glrlm_LongRunHighGrayLevelEmphasis,2900.063915840767
mask_tumor__t1__follow_up_1__original_glrlm_LongRunLowGrayLevelEmphasis,0.0031669875629546
mask_tumor__t1__follow_up_1__original_glrlm_LowGrayLevelRunEmphasis,0.0031248394390364
mask_tumor__t1__follow_up_1__original_glrlm_RunEntropy,5.442706261524359
mask_tumor__t1__follow_up_1__original_glrlm_RunLengthNonUniformity,748.0401362672238
mask_tumor__t1__follow_up_1__original_glrlm_RunLengthNonUniformityNormalized,0.941130442713426
mask_tumor__t1__follow_up_1__original_glrlm_RunPercentage,0.9691369606003752
mask_tumor__t1__follow_up_1__original_glrlm_RunVariance,0.0341580192586666
mask_tumor__t1__follow_up_1__original_glrlm_ShortRunEmphasis,0.9770024934890554
mask_tumor__t1__follow_up_1__original_glrlm_ShortRunHighGrayLevelEmphasis,2581.446628174547
mask_tumor__t1__follow_up_1__original_glrlm_ShortRunLowGrayLevelEmphasis,0.0031150846275203
mask_tumor__t1__follow_up_1__original_glszm_GrayLevelNonUniformity,14.60754716981132
mask_tumor__t1__follow_up_1__original_glszm_GrayLevelNonUniformityNormalized,0.0275614097543609
mask_tumor__t1__follow_up_1__original_glszm_GrayLevelVariance,127.40625133499464
mask_tumor__t1__follow_up_1__original_glszm_HighGrayLevelZoneEmphasis,2642.901886792453
mask_tumor__t1__follow_up_1__original_glszm_LargeAreaEmphasis,3.7735849056603774
mask_tumor__t1__follow_up_1__original_glszm_LargeAreaHighGrayLevelEmphasis,9948.422641509434
mask_tumor__t1__follow_up_1__original_glszm_LargeAreaLowGrayLevelEmphasis,0.0056245451406381
mask_tumor__t1__follow_up_1__original_glszm_LowGrayLevelZoneEmphasis,0.0044739957412611
mask_tumor__t1__follow_up_1__original_glszm_SizeZoneNonUniformity,282.0830188679245
mask_tumor__t1__follow_up_1__original_glszm_SizeZoneNonUniformityNormalized,0.5322321110715558
mask_tumor__t1__follow_up_1__original_glszm_SmallAreaEmphasis,0.7574224274091188
mask_tumor__t1__follow_up_1__original_glszm_SmallAreaHighGrayLevelEmphasis,2002.0494489917735
mask_tumor__t1__follow_up_1__original_glszm_SmallAreaLowGrayLevelEmphasis,0.0043692432598783
mask_tumor__t1__follow_up_1__original_glszm_ZoneEntropy,6.494899013231174
mask_tumor__t1__follow_up_1__original_glszm_ZonePercentage,0.6463414634146342
mask_tumor__t1__follow_up_1__original_glszm_ZoneVariance,1.3798504805980776
mask_tumor__t1__follow_up_1__original_gldm_DependenceEntropy,6.725717011470223
mask_tumor__t1__follow_up_1__original_gldm_DependenceNonUniformity,290.1439024390244
mask_tumor__t1__follow_up_1__original_gldm_DependenceNonUniformityNormalized,0.3538340273646639
mask_tumor__t1__follow_up_1__original_gldm_DependenceVariance,0.8341403926234384
mask_tumor__t1__follow_up_1__original_gldm_GrayLevelNonUniformity,25.382926829268293
mask_tumor__t1__follow_up_1__original_gldm_GrayLevelVariance,105.5644497323022
mask_tumor__t1__follow_up_1__original_gldm_HighGrayLevelEmphasis,2640.809756097561
mask_tumor__t1__follow_up_1__original_gldm_LargeDependenceEmphasis,4.082926829268293
mask_tumor__t1__follow_up_1__original_gldm_LargeDependenceHighGrayLevelEmphasis,10645.024390243903
mask_tumor__t1__follow_up_1__original_gldm_LargeDependenceLowGrayLevelEmphasis,0.0043471748011823
mask_tumor__t1__follow_up_1__original_gldm_LowGrayLevelEmphasis,0.0030412246635042
mask_tumor__t1__follow_up_1__original_gldm_SmallDependenceEmphasis,0.5611710704607046
mask_tumor__t1__follow_up_1__original_gldm_SmallDependenceHighGrayLevelEmphasis,1484.5702391598916
mask_tumor__t1__follow_up_1__original_gldm_SmallDependenceLowGrayLevelEmphasis,0.0028543406498472
mask_tumor__t1__follow_up_1__original_ngtdm_Busyness,0.0286991848571508
mask_tumor__t1__follow_up_1__original_ngtdm_Coarseness,0.0117684099540571
mask_tumor__t1__follow_up_1__original_ngtdm_Complexity,6219.62408539707
mask_tumor__t1__follow_up_1__original_ngtdm_Contrast,0.2724767369766301
mask_tumor__t1__follow_up_1__original_ngtdm_Strength,16.692683259863802
mask_oedema__t1__follow_up_1__original_shape_Elongation,0.674329103433364
mask_oedema__t1__follow_up_1__original_shape_Flatness,0.6330380781584797
mask_oedema__t1__follow_up_1__original_shape_LeastAxisLength,14.84978429949127
mask_oedema__t1__follow_up_1__original_shape_MajorAxisLength,23.45796376529131
mask_oedema__t1__follow_up_1__original_shape_Maximum2DDiameterColumn,23.021728866442675
mask_oedema__t1__follow_up_1__original_shape_Maximum2DDiameterRow,25.612496949731398
mask_oedema__t1__follow_up_1__original_shape_Maximum2DDiameterSlice,22.84731931759173
mask_oedema__t1__follow_up_1__original_shape_Maximum3DDiameter,25.78759391645525
mask_oedema__t1__follow_up_1__original_shape_MeshVolume,2107.708333333333
mask_oedema__t1__follow_up_1__original_shape_MinorAxisLength,15.818387674221228
mask_oedema__t1__follow_up_1__original_shape_Sphericity,0.5134593931517373
mask_oedema__t1__follow_up_1__original_shape_SurfaceArea,1548.287816664863
mask_oedema__t1__follow_up_1__original_shape_SurfaceVolumeRatio,0.7345835247594487
mask_oedema__t1__follow_up_1__original_shape_VoxelVolume,2143.0
mask_oedema__t1__follow_up_1__original_firstorder_10Percentile,848.9985419424493
mask_oedema__t1__follow_up_1__original_firstorder_90Percentile,951.8991307392214
mask_oedema__t1__follow_up_1__original_firstorder_Energy,1746916900.3600438
mask_oedema__t1__follow_up_1__original_firstorder_Entropy,5.045742537431127
mask_oedema__t1__follow_up_1__original_firstorder_InterquartileRange,53.07303204321613
mask_oedema__t1__follow_up_1__original_firstorder_Kurtosis,8.340628385916935
mask_oedema__t1__follow_up_1__original_firstorder_MeanAbsoluteDeviation,32.58230875629742
mask_oedema__t1__follow_up_1__original_firstorder_Mean,901.85644934333
mask_oedema__t1__follow_up_1__original_firstorder_Median,904.3771114512592
mask_oedema__t1__follow_up_1__original_firstorder_Range,461.81829266022896
mask_oedema__t1__follow_up_1__original_firstorder_RobustMeanAbsoluteDeviation,22.272230059534454
mask_oedema__t1__follow_up_1__original_firstorder_RootMeanSquared,902.8696151338196
mask_oedema__t1__follow_up_1__original_firstorder_Skewness,-1.0580214237239594
mask_oedema__t1__follow_up_1__original_firstorder_TotalEnergy,1746916900.3600438
mask_oedema__t1__follow_up_1__original_firstorder_Uniformity,0.035667026460174
mask_oedema__t1__follow_up_1__original_firstorder_Variance,1828.4867097330823
mask_oedema__t1__follow_up_1__original_glcm_Autocorrelation,4931.798150956292
mask_oedema__t1__follow_up_1__original_glcm_ClusterProminence,223984.1032689497
mask_oedema__t1__follow_up_1__original_glcm_ClusterShade,-1735.9379401923309
mask_oedema__t1__follow_up_1__original_glcm_ClusterTendency,205.72747464469143
mask_oedema__t1__follow_up_1__original_glcm_Contrast,43.77984578964965
mask_oedema__t1__follow_up_1__original_glcm_Correlation,0.6495408683489505
mask_oedema__t1__follow_up_1__original_glcm_DifferenceAverage,4.979003077715586
mask_oedema__t1__follow_up_1__original_glcm_DifferenceEntropy,3.734336192080533
mask_oedema__t1__follow_up_1__original_glcm_DifferenceVariance,17.881446400816582
mask_oedema__t1__follow_up_1__original_glcm_Id,0.2854609086438054
mask_oedema__t1__follow_up_1__original_glcm_Idm,0.1934805944818098
mask_oedema__t1__follow_up_1__original_glcm_Idmn,0.9950632772722632
mask_oedema__t1__follow_up_1__original_glcm_Idn,0.9509344042802634
mask_oedema__t1__follow_up_1__original_glcm_Imc1,-0.1596605202523161
mask_oedema__t1__follow_up_1__original_glcm_Imc2,0.8814537326823082
mask_oedema__t1__follow_up_1__original_glcm_InverseVariance,0.2004836187721563
mask_oedema__t1__follow_up_1__original_glcm_JointAverage,69.93770369987266
mask_oedema__t1__follow_up_1__original_glcm_JointEnergy,0.0023270598289663
mask_oedema__t1__follow_up_1__original_glcm_JointEntropy,9.14414403099892
mask_oedema__t1__follow_up_1__original_glcm_MCC,0.7375881863206122
mask_oedema__t1__follow_up_1__original_glcm_MaximumProbability,0.0067249968840321
mask_oedema__t1__follow_up_1__original_glcm_SumAverage,139.8754073997454
mask_oedema__t1__follow_up_1__original_glcm_SumEntropy,5.802750228656968
mask_oedema__t1__follow_up_1__original_glcm_SumSquares,62.376830108585295
mask_oedema__t1__follow_up_1__original_glrlm_GrayLevelNonUniformity,71.61876578220337
mask_oedema__t1__follow_up_1__original_glrlm_GrayLevelNonUniformityNormalized,0.0353671678747206
mask_oedema__t1__follow_up_1__original_glrlm_GrayLevelVariance,74.5891946752802
mask_oedema__t1__follow_up_1__original_glrlm_HighGrayLevelRunEmphasis,4951.453709759838
mask_oedema__t1__follow_up_1__original_glrlm_LongRunEmphasis,1.1893280936372834
mask_oedema__t1__follow_up_1__original_glrlm_LongRunHighGrayLevelEmphasis,5901.493670570022
mask_oedema__t1__follow_up_1__original_glrlm_LongRunLowGrayLevelEmphasis,0.0013290000583013
mask_oedema__t1__follow_up_1__original_glrlm_LowGrayLevelRunEmphasis,0.0011741692478015
mask_oedema__t1__follow_up_1__original_glrlm_RunEntropy,5.352945859867415
mask_oedema__t1__follow_up_1__original_glrlm_RunLengthNonUniformity,1820.459376959309
mask_oedema__t1__follow_up_1__original_glrlm_RunLengthNonUniformityNormalized,0.8985041457513506
mask_oedema__t1__follow_up_1__original_glrlm_RunPercentage,0.9448652141139308
mask_oedema__t1__follow_up_1__original_glrlm_RunVariance,0.0678254286979169
mask_oedema__t1__follow_up_1__original_glrlm_ShortRunEmphasis,0.9591683441952482
mask_oedema__t1__follow_up_1__original_glrlm_ShortRunHighGrayLevelEmphasis,4747.298725926491
mask_oedema__t1__follow_up_1__original_glrlm_ShortRunLowGrayLevelEmphasis,0.0011367609359306
mask_oedema__t1__follow_up_1__original_glszm_GrayLevelNonUniformity,31.32079207920792
mask_oedema__t1__follow_up_1__original_glszm_GrayLevelNonUniformityNormalized,0.0310106852269385
mask_oedema__t1__follow_up_1__original_glszm_GrayLevelVariance,96.54473090873444
mask_oedema__t1__follow_up_1__original_glszm_HighGrayLevelZoneEmphasis,4902.740594059406
mask_oedema__t1__follow_up_1__original_glszm_LargeAreaEmphasis,11.224752475247524
mask_oedema__t1__follow_up_1__original_glszm_LargeAreaHighGrayLevelEmphasis,55844.90891089109
mask_oedema__t1__follow_up_1__original_glszm_LargeAreaLowGrayLevelEmphasis,0.0063177693404994
mask_oedema__t1__follow_up_1__original_glszm_LowGrayLevelZoneEmphasis,0.0012314520217799
mask_oedema__t1__follow_up_1__original_glszm_SizeZoneNonUniformity,435.5881188118812
mask_oedema__t1__follow_up_1__original_glszm_SizeZoneNonUniformityNormalized,0.4312753651602784
mask_oedema__t1__follow_up_1__original_glszm_SmallAreaEmphasis,0.6828223571487264
mask_oedema__t1__follow_up_1__original_glszm_SmallAreaHighGrayLevelEmphasis,3324.885669423675
mask_oedema__t1__follow_up_1__original_glszm_SmallAreaLowGrayLevelEmphasis,0.0004220911643416
mask_oedema__t1__follow_up_1__original_glszm_ZoneEntropy,6.844956828811882
mask_oedema__t1__follow_up_1__original_glszm_ZonePercentage,0.4713019132057863
mask_oedema__t1__follow_up_1__original_glszm_ZoneVariance,6.722792863444759
mask_oedema__t1__follow_up_1__original_gldm_DependenceEntropy,7.154142020146697
mask_oedema__t1__follow_up_1__original_gldm_DependenceNonUniformity,511.3919738684088
mask_oedema__t1__follow_up_1__original_gldm_DependenceNonUniformityNormalized,0.2386336788933312
mask_oedema__t1__follow_up_1__original_gldm_DependenceVariance,1.9319992448473569
mask_oedema__t1__follow_up_1__original_gldm_GrayLevelNonUniformity,76.43443770415305
mask_oedema__t1__follow_up_1__original_gldm_GrayLevelVariance,73.25075270296958
mask_oedema__t1__follow_up_1__original_gldm_HighGrayLevelEmphasis,4954.714885674289
mask_oedema__t1__follow_up_1__original_gldm_LargeDependenceEmphasis,7.853943070461969
mask_oedema__t1__follow_up_1__original_gldm_LargeDependenceHighGrayLevelEmphasis,39269.07606159589
mask_oedema__t1__follow_up_1__original_gldm_LargeDependenceLowGrayLevelEmphasis,0.0053770638569452
mask_oedema__t1__follow_up_1__original_gldm_LowGrayLevelEmphasis,0.0011569044284843
mask_oedema__t1__follow_up_1__original_gldm_SmallDependenceEmphasis,0.4040851180174114
mask_oedema__t1__follow_up_1__original_gldm_SmallDependenceHighGrayLevelEmphasis,1976.3761406211215
mask_oedema__t1__follow_up_1__original_gldm_SmallDependenceLowGrayLevelEmphasis,0.0003328257532169
mask_oedema__t1__follow_up_1__original_ngtdm_Busyness,0.0400225294431575
mask_oedema__t1__follow_up_1__original_ngtdm_Coarseness,0.0050454465253041
mask_oedema__t1__follow_up_1__original_ngtdm_Complexity,5353.807848245491
mask_oedema__t1__follow_up_1__original_ngtdm_Contrast,0.1289516844036282
mask_oedema__t1__follow_up_1__original_ngtdm_Strength,9.511535599067717
mask_tumor__fla__follow_up_4__original_shape_Elongation,0.8061406745323264
mask_tumor__fla__follow_up_4__original_shape_Flatness,0.6919656763792617
mask_tumor__fla__follow_up_4__original_shape_LeastAxisLength,5.616604594459448
mask_tumor__fla__follow_up_4__original_shape_MajorAxisLength,8.116883230174883
mask_tumor__fla__follow_up_4__original_shape_Maximum2DDiameterColumn,8.602325267042627
mask_tumor__fla__follow_up_4__original_shape_Maximum2DDiameterRow,8.54400374531753
mask_tumor__fla__follow_up_4__original_shape_Maximum2DDiameterSlice,8.06225774829855
mask_tumor__fla__follow_up_4__original_shape_Maximum3DDiameter,9.486832980505138
mask_tumor__fla__follow_up_4__original_shape_MeshVolume,194.04166666666663
mask_tumor__fla__follow_up_4__original_shape_MinorAxisLength,6.543349722273307
mask_tumor__fla__follow_up_4__original_shape_Sphericity,0.8188758934564606
mask_tumor__fla__follow_up_4__original_shape_SurfaceArea,197.93808716504657
mask_tumor__fla__follow_up_4__original_shape_SurfaceVolumeRatio,1.020080328958797
mask_tumor__fla__follow_up_4__original_shape_VoxelVolume,202.0
mask_tumor__fla__follow_up_4__original_firstorder_10Percentile,533.2017969300647
mask_tumor__fla__follow_up_4__original_firstorder_90Percentile,798.6270703317282
mask_tumor__fla__follow_up_4__original_firstorder_Energy,93300221.97043164
mask_tumor__fla__follow_up_4__original_firstorder_Entropy,6.0061807335821005
mask_tumor__fla__follow_up_4__original_firstorder_InterquartileRange,134.6336846158705
mask_tumor__fla__follow_up_4__original_firstorder_Kurtosis,3.5699122516156394
mask_tumor__fla__follow_up_4__original_firstorder_MeanAbsoluteDeviation,83.42889943615465
mask_tumor__fla__follow_up_4__original_firstorder_Mean,671.3292669991964
mask_tumor__fla__follow_up_4__original_firstorder_Median,680.4656971862205
mask_tumor__fla__follow_up_4__original_firstorder_Range,573.121793865507
mask_tumor__fla__follow_up_4__original_firstorder_RobustMeanAbsoluteDeviation,57.05995223523528
mask_tumor__fla__follow_up_4__original_firstorder_RootMeanSquared,679.6192220518302
mask_tumor__fla__follow_up_4__original_firstorder_Skewness,-0.6383856796970276
mask_tumor__fla__follow_up_4__original_firstorder_TotalEnergy,93300221.97043164
mask_tumor__fla__follow_up_4__original_firstorder_Uniformity,0.0177433584942652
mask_tumor__fla__follow_up_4__original_firstorder_Variance,11199.302252656436
mask_tumor__fla__follow_up_4__original_glcm_Autocorrelation,5816.789376902477
mask_tumor__fla__follow_up_4__original_glcm_ClusterProminence,6950221.18304983
mask_tumor__fla__follow_up_4__original_glcm_ClusterShade,-34084.45982360484
mask_tumor__fla__follow_up_4__original_glcm_ClusterTendency,1468.8925138799325
mask_tumor__fla__follow_up_4__original_glcm_Contrast,376.3203860770199
mask_tumor__fla__follow_up_4__original_glcm_Correlation,0.5906369910651065
mask_tumor__fla__follow_up_4__original_glcm_DifferenceAverage,14.1635056172166
mask_tumor__fla__follow_up_4__original_glcm_DifferenceEntropy,4.871103554816541
mask_tumor__fla__follow_up_4__original_glcm_DifferenceVariance,165.93658217373715
mask_tumor__fla__follow_up_4__original_glcm_Id,0.1500783780421195
mask_tumor__fla__follow_up_4__original_glcm_Idm,0.0765307417626338
mask_tumor__fla__follow_up_4__original_glcm_Idmn,0.9752057794034096
mask_tumor__fla__follow_up_4__original_glcm_Idn,0.899207046281849
mask_tumor__fla__follow_up_4__original_glcm_Imc1,-0.6567728102967064
mask_tumor__fla__follow_up_4__original_glcm_Imc2,0.9997934967644456
mask_tumor__fla__follow_up_4__original_glcm_InverseVariance,0.0805434083952326
mask_tumor__fla__follow_up_4__original_glcm_JointAverage,74.45309579332744
mask_tumor__fla__follow_up_4__original_glcm_JointEnergy,0.0040631209410375
mask_tumor__fla__follow_up_4__original_glcm_JointEntropy,7.990113441880357
mask_tumor__fla__follow_up_4__original_glcm_MCC,0.9312740674223676
mask_tumor__fla__follow_up_4__original_glcm_MaximumProbability,0.0089417251615769
mask_tumor__fla__follow_up_4__original_glcm_SumAverage,148.90619158665484
mask_tumor__fla__follow_up_4__original_glcm_SumEntropy,6.289379205596983
mask_tumor__fla__follow_up_4__original_glcm_SumSquares,461.303224989238
mask_tumor__fla__follow_up_4__original_glrlm_GrayLevelNonUniformity,3.5273923146038606
mask_tumor__fla__follow_up_4__original_glrlm_GrayLevelNonUniformityNormalized,0.0177600397992926
mask_tumor__fla__follow_up_4__original_glrlm_GrayLevelVariance,446.73334366658617
mask_tumor__fla__follow_up_4__original_glrlm_HighGrayLevelRunEmphasis,6027.923473816302
mask_tumor__fla__follow_up_4__original_glrlm_LongRunEmphasis,1.0512368619650525
mask_tumor__fla__follow_up_4__original_glrlm_LongRunHighGrayLevelEmphasis,6363.775151933336
mask_tumor__fla__follow_up_4__original_glrlm_LongRunLowGrayLevelEmphasis,0.0055064386174898
mask_tumor__fla__follow_up_4__original_glrlm_LowGrayLevelRunEmphasis,0.0054954747074153
mask_tumor__fla__follow_up_4__original_glrlm_RunEntropy,6.042687260931506
mask_tumor__fla__follow_up_4__original_glrlm_RunLengthNonUniformity,191.9768204882168
mask_tumor__fla__follow_up_4__original_glrlm_RunLengthNonUniformityNormalized,0.966502708740813
mask_tumor__fla__follow_up_4__original_glrlm_RunPercentage,0.9832444782939832
mask_tumor__fla__follow_up_4__original_glrlm_RunVariance,0.0167486456295935
mask_tumor__fla__follow_up_4__original_glrlm_ShortRunEmphasis,0.9871907845087368
mask_tumor__fla__follow_up_4__original_glrlm_ShortRunHighGrayLevelEmphasis,5943.960554287043
mask_tumor__fla__follow_up_4__original_glrlm_ShortRunLowGrayLevelEmphasis,0.0054927337298967
mask_tumor__fla__follow_up_4__original_glszm_GrayLevelNonUniformity,2.9878048780487805
mask_tumor__fla__follow_up_4__original_glszm_GrayLevelNonUniformityNormalized,0.0182183224271267
mask_tumor__fla__follow_up_4__original_glszm_GrayLevelVariance,441.8834027364664
mask_tumor__fla__follow_up_4__original_glszm_HighGrayLevelZoneEmphasis,5867.463414634146
mask_tumor__fla__follow_up_4__original_glszm_LargeAreaEmphasis,1.8658536585365852
mask_tumor__fla__follow_up_4__original_glszm_LargeAreaHighGrayLevelEmphasis,11823.475609756097
mask_tumor__fla__follow_up_4__original_glszm_LargeAreaLowGrayLevelEmphasis,0.0067864954148169
mask_tumor__fla__follow_up_4__original_glszm_LowGrayLevelZoneEmphasis,0.0066124377835939
mask_tumor__fla__follow_up_4__original_glszm_SizeZoneNonUniformity,115.63414634146342
mask_tumor__fla__follow_up_4__original_glszm_SizeZoneNonUniformityNormalized,0.705086258179655
mask_tumor__fla__follow_up_4__original_glszm_SmallAreaEmphasis,0.8652930216802167
mask_tumor__fla__follow_up_4__original_glszm_SmallAreaHighGrayLevelEmphasis,4966.453463753387
mask_tumor__fla__follow_up_4__original_glszm_SmallAreaLowGrayLevelEmphasis,0.0065848401591721
mask_tumor__fla__follow_up_4__original_glszm_ZoneEntropy,6.23988443764556
mask_tumor__fla__follow_up_4__original_glszm_ZonePercentage,0.8118811881188119
mask_tumor__fla__follow_up_4__original_glszm_ZoneVariance,0.348750743604997
mask_tumor__fla__follow_up_4__original_gldm_DependenceEntropy,6.383151366464738
mask_tumor__fla__follow_up_4__original_gldm_DependenceNonUniformity,104.2871287128713
mask_tumor__fla__follow_up_4__original_gldm_DependenceNonUniformityNormalized,0.5162729144201549
mask_tumor__fla__follow_up_4__original_gldm_DependenceVariance,0.5131849818645231
mask_tumor__fla__follow_up_4__original_gldm_GrayLevelNonUniformity,3.584158415841584
mask_tumor__fla__follow_up_4__original_gldm_GrayLevelVariance,447.3593765317125
mask_tumor__fla__follow_up_4__original_gldm_HighGrayLevelEmphasis,6036.772277227723
mask_tumor__fla__follow_up_4__original_gldm_LargeDependenceEmphasis,2.5742574257425743
mask_tumor__fla__follow_up_4__original_gldm_LargeDependenceHighGrayLevelEmphasis,16127.138613861383
mask_tumor__fla__follow_up_4__original_gldm_LargeDependenceLowGrayLevelEmphasis,0.0057554417386623
mask_tumor__fla__follow_up_4__original_gldm_LowGrayLevelEmphasis,0.0054067870764041
mask_tumor__fla__follow_up_4__original_gldm_SmallDependenceEmphasis,0.7420585808580858
mask_tumor__fla__follow_up_4__original_gldm_SmallDependenceHighGrayLevelEmphasis,4304.937706270627
mask_tumor__fla__follow_up_4__original_gldm_SmallDependenceLowGrayLevelEmphasis,0.0053538262084583
mask_tumor__fla__follow_up_4__original_ngtdm_Busyness,0.0053478809408597
mask_tumor__fla__follow_up_4__original_ngtdm_Coarseness,0.0421571578468734
mask_tumor__fla__follow_up_4__original_ngtdm_Complexity,19462.453091076684
mask_tumor__fla__follow_up_4__original_ngtdm_Contrast,1.2037437695704905
mask_tumor__fla__follow_up_4__original_ngtdm_Strength,112.71731806419044
mask_all__fla__follow_up_4__original_shape_Elongation,0.731857531996813
mask_all__fla__follow_up_4__original_shape_Flatness,0.4512679518439484
mask_all__fla__follow_up_4__original_shape_LeastAxisLength,8.70760047609405
mask_all__fla__follow_up_4__original_shape_MajorAxisLength,19.295853916754975
mask_all__fla__follow_up_4__original_shape_Maximum2DDiameterColumn,17.26267650163207
mask_all__fla__follow_up_4__original_shape_Maximum2DDiameterRow,20.8806130178211
mask_all__fla__follow_up_4__original_shape_Maximum2DDiameterSlice,22.13594362117865
mask_all__fla__follow_up_4__original_shape_Maximum3DDiameter,23.17326045251293
mask_all__fla__follow_up_4__original_shape_MeshVolume,1244.0
mask_all__fla__follow_up_4__original_shape_MinorAxisLength,14.12181602528734
mask_all__fla__follow_up_4__original_shape_Sphericity,0.6604820360129328
mask_all__fla__follow_up_4__original_shape_SurfaceArea,846.9089088600914
mask_all__fla__follow_up_4__original_shape_SurfaceVolumeRatio,0.6807949428135783
mask_all__fla__follow_up_4__original_shape_VoxelVolume,1264.0
mask_all__fla__follow_up_4__original_firstorder_10Percentile,671.7712411181194
mask_all__fla__follow_up_4__original_firstorder_90Percentile,933.3817085143118
mask_all__fla__follow_up_4__original_firstorder_Energy,845942394.7871046
mask_all__fla__follow_up_4__original_firstorder_Entropy,6.29123770515994
mask_all__fla__follow_up_4__original_firstorder_InterquartileRange,140.42643448803062
mask_all__fla__follow_up_4__original_firstorder_Kurtosis,4.264435327366609
mask_all__fla__follow_up_4__original_firstorder_MeanAbsoluteDeviation,84.5535635618741
mask_all__fla__follow_up_4__original_firstorder_Mean,811.0034058662975
mask_all__fla__follow_up_4__original_firstorder_Median,828.081688860233
mask_all__fla__follow_up_4__original_firstorder_Range,709.4044455771937
mask_all__fla__follow_up_4__original_firstorder_RobustMeanAbsoluteDeviation,58.583521891664965
mask_all__fla__follow_up_4__original_firstorder_RootMeanSquared,818.0820397270528
mask_all__fla__follow_up_4__original_firstorder_Skewness,-0.9061276060839518
mask_all__fla__follow_up_4__original_firstorder_TotalEnergy,845942394.7871046
mask_all__fla__follow_up_4__original_firstorder_Uniformity,0.0149352567697484
mask_all__fla__follow_up_4__original_firstorder_Variance,11531.699397240607
mask_all__fla__follow_up_4__original_glcm_Autocorrelation,11215.45476675702
mask_all__fla__follow_up_4__original_glcm_ClusterProminence,12511068.450425643
mask_all__fla__follow_up_4__original_glcm_ClusterShade,-71316.96732511265
mask_all__fla__follow_up_4__original_glcm_ClusterTendency,1660.1109700224358
mask_all__fla__follow_up_4__original_glcm_Contrast,224.63670069775844
mask_all__fla__follow_up_4__original_glcm_Correlation,0.7630008571820295
mask_all__fla__follow_up_4__original_glcm_DifferenceAverage,10.444666614804046
mask_all__fla__follow_up_4__original_glcm_DifferenceEntropy,4.736436569643677
mask_all__fla__follow_up_4__original_glcm_DifferenceVariance,110.55165562197269
mask_all__fla__follow_up_4__original_glcm_Id,0.1930458682381738
mask_all__fla__follow_up_4__original_glcm_Idm,0.1115689947240733
mask_all__fla__follow_up_4__original_glcm_Idmn,0.9897411238058696
mask_all__fla__follow_up_4__original_glcm_Idn,0.93593823842969
mask_all__fla__follow_up_4__original_glcm_Imc1,-0.3655342161523484
mask_all__fla__follow_up_4__original_glcm_Imc2,0.9946622140544054
mask_all__fla__follow_up_4__original_glcm_InverseVariance,0.1159410222663548
mask_all__fla__follow_up_4__original_glcm_JointAverage,104.194595489338
mask_all__fla__follow_up_4__original_glcm_JointEnergy,0.0010019780931465
mask_all__fla__follow_up_4__original_glcm_JointEntropy,10.198652999595929
mask_all__fla__follow_up_4__original_glcm_MCC,0.8336346845151806
mask_all__fla__follow_up_4__original_glcm_MaximumProbability,0.0037636681949118
mask_all__fla__follow_up_4__original_glcm_SumAverage,208.38919097867597
mask_all__fla__follow_up_4__original_glcm_SumEntropy,7.071434763767505
mask_all__fla__follow_up_4__original_glcm_SumSquares,471.18691768004857
mask_all__fla__follow_up_4__original_glrlm_GrayLevelNonUniformity,18.190846905292368
mask_all__fla__follow_up_4__original_glrlm_GrayLevelNonUniformityNormalized,0.0148511842071579
mask_all__fla__follow_up_4__original_glrlm_GrayLevelVariance,462.7060391643241
mask_all__fla__follow_up_4__original_glrlm_HighGrayLevelRunEmphasis,10953.281241837109
mask_all__fla__follow_up_4__original_glrlm_LongRunEmphasis,1.100017683814443
mask_all__fla__follow_up_4__original_glrlm_LongRunHighGrayLevelEmphasis,12231.87721938272
mask_all__fla__follow_up_4__original_glrlm_LongRunLowGrayLevelEmphasis,0.0009830294816028
mask_all__fla__follow_up_4__original_glrlm_LowGrayLevelRunEmphasis,0.0009738340136647
mask_all__fla__follow_up_4__original_glrlm_RunEntropy,6.441915900344336
mask_all__fla__follow_up_4__original_glrlm_RunLengthNonUniformity,1153.1034290908528
mask_all__fla__follow_up_4__original_glrlm_RunLengthNonUniformityNormalized,0.9411789356258404
mask_all__fla__follow_up_4__original_glrlm_RunPercentage,0.9690238558909444
mask_all__fla__follow_up_4__original_glrlm_RunVariance,0.034605591132111
mask_all__fla__follow_up_4__original_glrlm_ShortRunEmphasis,0.9769718005278616
mask_all__fla__follow_up_4__original_glrlm_ShortRunHighGrayLevelEmphasis,10662.039244450843
mask_all__fla__follow_up_4__original_glrlm_ShortRunLowGrayLevelEmphasis,0.000971676816111
mask_all__fla__follow_up_4__original_glszm_GrayLevelNonUniformity,11.913875598086124
mask_all__fla__follow_up_4__original_glszm_GrayLevelNonUniformityNormalized,0.0142510473661317
mask_all__fla__follow_up_4__original_glszm_GrayLevelVariance,478.8708878001877
mask_all__fla__follow_up_4__original_glszm_HighGrayLevelZoneEmphasis,10205.643540669857
mask_all__fla__follow_up_4__original_glszm_LargeAreaEmphasis,3.7559808612440193
mask_all__fla__follow_up_4__original_glszm_LargeAreaHighGrayLevelEmphasis,46712.05502392344
mask_all__fla__follow_up_4__original_glszm_LargeAreaLowGrayLevelEmphasis,0.0016189666211182
mask_all__fla__follow_up_4__original_glszm_LowGrayLevelZoneEmphasis,0.0013831668897684
mask_all__fla__follow_up_4__original_glszm_SizeZoneNonUniformity,470.8684210526316
mask_all__fla__follow_up_4__original_glszm_SizeZoneNonUniformityNormalized,0.563239738101234
mask_all__fla__follow_up_4__original_glszm_SmallAreaEmphasis,0.7790679125694205
mask_all__fla__follow_up_4__original_glszm_SmallAreaHighGrayLevelEmphasis,7586.75445892103
mask_all__fla__follow_up_4__original_glszm_SmallAreaLowGrayLevelEmphasis,0.0013605722171595
mask_all__fla__follow_up_4__original_glszm_ZoneEntropy,7.261386214626387
mask_all__fla__follow_up_4__original_glszm_ZonePercentage,0.6613924050632911
mask_all__fla__follow_up_4__original_glszm_ZoneVariance,1.4699526109750236
mask_all__fla__follow_up_4__original_gldm_DependenceEntropy,7.603330231001994
mask_all__fla__follow_up_4__original_gldm_DependenceNonUniformity,448.98417721518985
mask_all__fla__follow_up_4__original_gldm_DependenceNonUniformityNormalized,0.3552090009613844
mask_all__fla__follow_up_4__original_gldm_DependenceVariance,0.97161662794424
mask_all__fla__follow_up_4__original_gldm_GrayLevelNonUniformity,18.878164556962027
mask_all__fla__follow_up_4__original_gldm_GrayLevelVariance,461.1612021310688
mask_all__fla__follow_up_4__original_gldm_HighGrayLevelEmphasis,11008.321202531646
mask_all__fla__follow_up_4__original_gldm_LargeDependenceEmphasis,4.231012658227848
mask_all__fla__follow_up_4__original_gldm_LargeDependenceHighGrayLevelEmphasis,52903.05063291139
mask_all__fla__follow_up_4__original_gldm_LargeDependenceLowGrayLevelEmphasis,0.0012386864001462
mask_all__fla__follow_up_4__original_gldm_LowGrayLevelEmphasis,0.000946418275742
mask_all__fla__follow_up_4__original_gldm_SmallDependenceEmphasis,0.5809207981715894
mask_all__fla__follow_up_4__original_gldm_SmallDependenceHighGrayLevelEmphasis,5824.598378823839
mask_all__fla__follow_up_4__original_gldm_SmallDependenceLowGrayLevelEmphasis,0.0009061404675939
mask_all__fla__follow_up_4__original_ngtdm_Busyness,0.007505149794141
mask_all__fla__follow_up_4__original_ngtdm_Coarseness,0.0112608659379245
mask_all__fla__follow_up_4__original_ngtdm_Complexity,28991.771893244422
mask_all__fla__follow_up_4__original_ngtdm_Contrast,0.4118081901340444
mask_all__fla__follow_up_4__original_ngtdm_Strength,62.60009998822987
mask_oedema__fla__follow_up_4__original_shape_Elongation,0.7221548415844259
mask_oedema__fla__follow_up_4__original_shape_Flatness,0.4235498381533844
mask_oedema__fla__follow_up_4__original_shape_LeastAxisLength,8.30413690474466
mask_oedema__fla__follow_up_4__original_shape_MajorAxisLength,19.60604433459233
mask_oedema__fla__follow_up_4__original_shape_Maximum2DDiameterColumn,17.26267650163207
mask_oedema__fla__follow_up_4__original_shape_Maximum2DDiameterRow,20.8806130178211
mask_oedema__fla__follow_up_4__original_shape_Maximum2DDiameterSlice,22.13594362117865
mask_oedema__fla__follow_up_4__original_shape_Maximum3DDiameter,23.17326045251293
mask_oedema__fla__follow_up_4__original_shape_MeshVolume,1040.75
mask_oedema__fla__follow_up_4__original_shape_MinorAxisLength,14.15859984054475
mask_oedema__fla__follow_up_4__original_shape_Sphericity,0.6295160526774957
mask_oedema__fla__follow_up_4__original_shape_SurfaceArea,788.9356752811218
mask_oedema__fla__follow_up_4__original_shape_SurfaceVolumeRatio,0.7580453281586566
mask_oedema__fla__follow_up_4__original_shape_VoxelVolume,1062.0
mask_oedema__fla__follow_up_4__original_firstorder_10Percentile,721.2151076686305
mask_oedema__fla__follow_up_4__original_firstorder_90Percentile,941.3554133209716
mask_oedema__fla__follow_up_4__original_firstorder_Energy,752642172.816673
mask_oedema__fla__follow_up_4__original_firstorder_Entropy,5.9985922986249
mask_oedema__fla__follow_up_4__original_firstorder_InterquartileRange,115.17588352834936
mask_oedema__fla__follow_up_4__original_firstorder_Kurtosis,3.80820374035311
mask_oedema__fla__follow_up_4__original_firstorder_MeanAbsoluteDeviation,67.92830093560858
mask_oedema__fla__follow_up_4__original_firstorder_Mean,837.5704266300964
mask_oedema__fla__follow_up_4__original_firstorder_Median,845.9030853290039
mask_oedema__fla__follow_up_4__original_firstorder_Range,639.079518525486
mask_oedema__fla__follow_up_4__original_firstorder_RobustMeanAbsoluteDeviation,48.43924988950399
mask_oedema__fla__follow_up_4__original_firstorder_RootMeanSquared,841.8447665326945
mask_oedema__fla__follow_up_4__original_firstorder_Skewness,-0.6109923642206605
mask_oedema__fla__follow_up_4__original_firstorder_TotalEnergy,752642172.816673
mask_oedema__fla__follow_up_4__original_firstorder_Uniformity,0.0179262380258262
mask_oedema__fla__follow_up_4__original_firstorder_Variance,7178.391373165024
mask_oedema__fla__follow_up_4__original_glcm_Autocorrelation,9465.078155654428
mask_oedema__fla__follow_up_4__original_glcm_ClusterProminence,2341379.9679804537
mask_oedema__fla__follow_up_4__original_glcm_ClusterShade,-10995.16354895736
mask_oedema__fla__follow_up_4__original_glcm_ClusterTendency,809.6028252676983
mask_oedema__fla__follow_up_4__original_glcm_Contrast,173.32902682997658
mask_oedema__fla__follow_up_4__original_glcm_Correlation,0.6440016516129597
mask_oedema__fla__follow_up_4__original_glcm_DifferenceAverage,9.363376369126003
mask_oedema__fla__follow_up_4__original_glcm_DifferenceEntropy,4.56989388631555
mask_oedema__fla__follow_up_4__original_glcm_DifferenceVariance,81.57178697821769
mask_oedema__fla__follow_up_4__original_glcm_Id,0.2029755424742209
mask_oedema__fla__follow_up_4__original_glcm_Idm,0.119407025434337
mask_oedema__fla__follow_up_4__original_glcm_Idmn,0.9902105151104096
mask_oedema__fla__follow_up_4__original_glcm_Idn,0.93601805034288
mask_oedema__fla__follow_up_4__original_glcm_Imc1,-0.3258562619069999
mask_oedema__fla__follow_up_4__original_glcm_Imc2,0.9887683898754568
mask_oedema__fla__follow_up_4__original_glcm_InverseVariance,0.1236392330715801
mask_oedema__fla__follow_up_4__original_glcm_JointAverage,96.46613915894513
mask_oedema__fla__follow_up_4__original_glcm_JointEnergy,0.00128981873233
mask_oedema__fla__follow_up_4__original_glcm_JointEntropy,9.83269299040664
mask_oedema__fla__follow_up_4__original_glcm_MCC,0.7860766803122458
mask_oedema__fla__follow_up_4__original_glcm_MaximumProbability,0.0046198904253484
mask_oedema__fla__follow_up_4__original_glcm_SumAverage,192.93227831789045
mask_oedema__fla__follow_up_4__original_glcm_SumEntropy,6.671999978322442
mask_oedema__fla__follow_up_4__original_glcm_SumSquares,245.7329630244187
mask_oedema__fla__follow_up_4__original_glrlm_GrayLevelNonUniformity,18.30147147389961
mask_oedema__fla__follow_up_4__original_glrlm_GrayLevelNonUniformityNormalized,0.0178161194790011
mask_oedema__fla__follow_up_4__original_glrlm_GrayLevelVariance,288.77741737554925
mask_oedema__fla__follow_up_4__original_glrlm_HighGrayLevelRunEmphasis,9081.491815996244
mask_oedema__fla__follow_up_4__original_glrlm_LongRunEmphasis,1.1065604574298329
mask_oedema__fla__follow_up_4__original_glrlm_LongRunHighGrayLevelEmphasis,10195.459641600655
mask_oedema__fla__follow_up_4__original_glrlm_LongRunLowGrayLevelEmphasis,0.0011157112784516
mask_oedema__fla__follow_up_4__original_glrlm_LowGrayLevelRunEmphasis,0.0011046477261618
mask_oedema__fla__follow_up_4__original_glrlm_RunEntropy,6.160020813770903
mask_oedema__fla__follow_up_4__original_glrlm_RunLengthNonUniformity,964.1500077717624
mask_oedema__fla__follow_up_4__original_glrlm_RunLengthNonUniformityNormalized,0.9382379885400858
mask_oedema__fla__follow_up_4__original_glrlm_RunPercentage,0.967260611328408
mask_oedema__fla__follow_up_4__original_glrlm_RunVariance,0.0370667216780528
mask_oedema__fla__follow_up_4__original_glrlm_ShortRunEmphasis,0.9757188979563596
mask_oedema__fla__follow_up_4__original_glrlm_ShortRunHighGrayLevelEmphasis,8829.478963074747
mask_oedema__fla__follow_up_4__original_glrlm_ShortRunLowGrayLevelEmphasis,0.0011021003583773
mask_oedema__fla__follow_up_4__original_glszm_GrayLevelNonUniformity,11.605263157894736
mask_oedema__fla__follow_up_4__original_glszm_GrayLevelNonUniformityNormalized,0.01696675900277
mask_oedema__fla__follow_up_4__original_glszm_GrayLevelVariance,303.7597722376116
mask_oedema__fla__follow_up_4__original_glszm_HighGrayLevelZoneEmphasis,8486.073099415205
mask_oedema__fla__follow_up_4__original_glszm_LargeAreaEmphasis,4.076023391812866
mask_oedema__fla__follow_up_4__original_glszm_LargeAreaHighGrayLevelEmphasis,41461.63742690058
mask_oedema__fla__follow_up_4__original_glszm_LargeAreaLowGrayLevelEmphasis,0.0019127396626618
mask_oedema__fla__follow_up_4__original_glszm_LowGrayLevelZoneEmphasis,0.0016052572226471
mask_oedema__fla__follow_up_4__original_glszm_SizeZoneNonUniformity,374.9473684210527
mask_oedema__fla__follow_up_4__original_glszm_SizeZoneNonUniformityNormalized,0.5481686672822407
mask_oedema__fla__follow_up_4__original_glszm_SmallAreaEmphasis,0.7688567209506693
mask_oedema__fla__follow_up_4__original_glszm_SmallAreaHighGrayLevelEmphasis,6225.463741784146
mask_oedema__fla__follow_up_4__original_glszm_SmallAreaLowGrayLevelEmphasis,0.0015788879627347
mask_oedema__fla__follow_up_4__original_glszm_ZoneEntropy,7.023756108922825
mask_oedema__fla__follow_up_4__original_glszm_ZonePercentage,0.6440677966101694
mask_oedema__fla__follow_up_4__original_glszm_ZoneVariance,1.6653585718682673
mask_oedema__fla__follow_up_4__original_gldm_DependenceEntropy,7.388011233508038
mask_oedema__fla__follow_up_4__original_gldm_DependenceNonUniformity,363.6911487758945
mask_oedema__fla__follow_up_4__original_gldm_DependenceNonUniformityNormalized,0.3424587088285259
mask_oedema__fla__follow_up_4__original_gldm_DependenceVariance,1.0268299516599817
mask_oedema__fla__follow_up_4__original_gldm_GrayLevelNonUniformity,19.03766478342749
mask_oedema__fla__follow_up_4__original_gldm_GrayLevelVariance,287.0977546540125
mask_oedema__fla__follow_up_4__original_gldm_HighGrayLevelEmphasis,9125.57627118644
mask_oedema__fla__follow_up_4__original_gldm_LargeDependenceEmphasis,4.453860640301318
mask_oedema__fla__follow_up_4__original_gldm_LargeDependenceHighGrayLevelEmphasis,45748.627118644064
mask_oedema__fla__follow_up_4__original_gldm_LargeDependenceLowGrayLevelEmphasis,0.0014227189896663
mask_oedema__fla__follow_up_4__original_gldm_LowGrayLevelEmphasis,0.0010717008332202
mask_oedema__fla__follow_up_4__original_gldm_SmallDependenceEmphasis,0.5633689056287927
mask_oedema__fla__follow_up_4__original_gldm_SmallDependenceHighGrayLevelEmphasis,4693.847591023226
mask_oedema__fla__follow_up_4__original_gldm_SmallDependenceLowGrayLevelEmphasis,0.0010243883351707
mask_oedema__fla__follow_up_4__original_ngtdm_Busyness,0.0111851236847877
mask_oedema__fla__follow_up_4__original_ngtdm_Coarseness,0.0121537396245985
mask_oedema__fla__follow_up_4__original_ngtdm_Complexity,15501.810621783749
mask_oedema__fla__follow_up_4__original_ngtdm_Contrast,0.4210131074492214
mask_oedema__fla__follow_up_4__original_ngtdm_Strength,34.052221837185854
mask_tumor__t1c__follow_up_4__original_shape_Elongation,0.8061406745323264
mask_tumor__t1c__follow_up_4__original_shape_Flatness,0.6919656763792617
mask_tumor__t1c__follow_up_4__original_shape_LeastAxisLength,5.616604594459448
mask_tumor__t1c__follow_up_4__original_shape_MajorAxisLength,8.116883230174883
mask_tumor__t1c__follow_up_4__original_shape_Maximum2DDiameterColumn,8.602325267042627
mask_tumor__t1c__follow_up_4__original_shape_Maximum2DDiameterRow,8.54400374531753
mask_tumor__t1c__follow_up_4__original_shape_Maximum2DDiameterSlice,8.06225774829855
mask_tumor__t1c__follow_up_4__original_shape_Maximum3DDiameter,9.486832980505138
mask_tumor__t1c__follow_up_4__original_shape_MeshVolume,194.04166666666663
mask_tumor__t1c__follow_up_4__original_shape_MinorAxisLength,6.543349722273307
mask_tumor__t1c__follow_up_4__original_shape_Sphericity,0.8188758934564606
mask_tumor__t1c__follow_up_4__original_shape_SurfaceArea,197.93808716504657
mask_tumor__t1c__follow_up_4__original_shape_SurfaceVolumeRatio,1.020080328958797
mask_tumor__t1c__follow_up_4__original_shape_VoxelVolume,202.0
mask_tumor__t1c__follow_up_4__original_firstorder_10Percentile,517.3373128358585
mask_tumor__t1c__follow_up_4__original_firstorder_90Percentile,682.1434713288958
mask_tumor__t1c__follow_up_4__original_firstorder_Energy,73971755.06090367
mask_tumor__t1c__follow_up_4__original_firstorder_Entropy,5.317519897992308
mask_tumor__t1c__follow_up_4__original_firstorder_InterquartileRange,65.66164596762201
mask_tumor__t1c__follow_up_4__original_firstorder_Kurtosis,5.2150380027781145
mask_tumor__t1c__follow_up_4__original_firstorder_MeanAbsoluteDeviation,51.65045612456326
mask_tumor__t1c__follow_up_4__original_firstorder_Mean,600.8306541766189
mask_tumor__t1c__follow_up_4__original_firstorder_Median,590.361090238943
mask_tumor__t1c__follow_up_4__original_firstorder_Range,404.05978031256507
mask_tumor__t1c__follow_up_4__original_firstorder_RobustMeanAbsoluteDeviation,30.24331613592758
mask_tumor__t1c__follow_up_4__original_firstorder_RootMeanSquared,605.1419727900193
mask_tumor__t1c__follow_up_4__original_firstorder_Skewness,1.3096788060937472
mask_tumor__t1c__follow_up_4__original_firstorder_TotalEnergy,73971755.06090367
mask_tumor__t1c__follow_up_4__original_firstorder_Uniformity,0.0299970591118517
mask_tumor__t1c__follow_up_4__original_firstorder_Variance,5199.33223389262
mask_tumor__t1c__follow_up_4__original_glcm_Autocorrelation,785.4194047062545
mask_tumor__t1c__follow_up_4__original_glcm_ClusterProminence,2108916.7288598088
mask_tumor__t1c__follow_up_4__original_glcm_ClusterShade,20439.728350313017
mask_tumor__t1c__follow_up_4__original_glcm_ClusterTendency,640.7168008150022
mask_tumor__t1c__follow_up_4__original_glcm_Contrast,238.2270165809769
mask_tumor__t1c__follow_up_4__original_glcm_Correlation,0.4495199255961918
mask_tumor__t1c__follow_up_4__original_glcm_DifferenceAverage,11.109714140791604
mask_tumor__t1c__follow_up_4__original_glcm_DifferenceEntropy,4.604440236238094
mask_tumor__t1c__follow_up_4__original_glcm_DifferenceVariance,106.415130195456
mask_tumor__t1c__follow_up_4__original_glcm_Id,0.1873848988431488
mask_tumor__t1c__follow_up_4__original_glcm_Idm,0.1090764306679009
mask_tumor__t1c__follow_up_4__original_glcm_Idmn,0.969547582004794
mask_tumor__t1c__follow_up_4__original_glcm_Idn,0.890661311892085
mask_tumor__t1c__follow_up_4__original_glcm_Imc1,-0.5241261471653723
mask_tumor__t1c__follow_up_4__original_glcm_Imc2,0.9979677620081776
mask_tumor__t1c__follow_up_4__original_glcm_InverseVariance,0.1096020170065068
mask_tumor__t1c__follow_up_4__original_glcm_JointAverage,26.160336664931013
mask_tumor__t1c__follow_up_4__original_glcm_JointEnergy,0.004849599511649
mask_tumor__t1c__follow_up_4__original_glcm_JointEntropy,7.805283388890179
mask_tumor__t1c__follow_up_4__original_glcm_MCC,0.8944715652690052
mask_tumor__t1c__follow_up_4__original_glcm_MaximumProbability,0.0134897599517739
mask_tumor__t1c__follow_up_4__original_glcm_SumAverage,52.32067332986201
mask_tumor__t1c__follow_up_4__original_glcm_SumEntropy,5.806803103703559
mask_tumor__t1c__follow_up_4__original_glcm_SumSquares,219.7359543489948
mask_tumor__t1c__follow_up_4__original_glrlm_GrayLevelNonUniformity,5.841936020556365
mask_tumor__t1c__follow_up_4__original_glrlm_GrayLevelNonUniformityNormalized,0.0297690085194031
mask_tumor__t1c__follow_up_4__original_glrlm_GrayLevelVariance,208.71155176088035
mask_tumor__t1c__follow_up_4__original_glrlm_HighGrayLevelRunEmphasis,922.1173820065736
mask_tumor__t1c__follow_up_4__original_glrlm_LongRunEmphasis,1.0931184089304542
mask_tumor__t1c__follow_up_4__original_glrlm_LongRunHighGrayLevelEmphasis,996.2937636212864
mask_tumor__t1c__follow_up_4__original_glrlm_LongRunLowGrayLevelEmphasis,0.0148734336740519
mask_tumor__t1c__follow_up_4__original_glrlm_LowGrayLevelRunEmphasis,0.0132800818016008
mask_tumor__t1c__follow_up_4__original_glrlm_RunEntropy,5.41840198167333
mask_tumor__t1c__follow_up_4__original_glrlm_RunLengthNonUniformity,185.7189381347348
mask_tumor__t1c__follow_up_4__original_glrlm_RunLengthNonUniformityNormalized,0.945626512544909
mask_tumor__t1c__follow_up_4__original_glrlm_RunPercentage,0.9714394516374714
mask_tumor__t1c__follow_up_4__original_glrlm_RunVariance,0.0317846657750332
mask_tumor__t1c__follow_up_4__original_glrlm_ShortRunEmphasis,0.9785667034046756
mask_tumor__t1c__follow_up_4__original_glrlm_ShortRunHighGrayLevelEmphasis,904.3960894262104
mask_tumor__t1c__follow_up_4__original_glrlm_ShortRunLowGrayLevelEmphasis,0.012888932929605
mask_tumor__t1c__follow_up_4__original_glszm_GrayLevelNonUniformity,4.093525179856115
mask_tumor__t1c__follow_up_4__original_glszm_GrayLevelNonUniformityNormalized,0.0294498214378137
mask_tumor__t1c__follow_up_4__original_glszm_GrayLevelVariance,223.83417007401275
mask_tumor__t1c__follow_up_4__original_glszm_HighGrayLevelZoneEmphasis,964.1438848920864
mask_tumor__t1c__follow_up_4__original_glszm_LargeAreaEmphasis,3.2661870503597124
mask_tumor__t1c__follow_up_4__original_glszm_LargeAreaHighGrayLevelEmphasis,2490.6978417266187
mask_tumor__t1c__follow_up_4__original_glszm_LargeAreaLowGrayLevelEmphasis,0.0410328800865024
mask_tumor__t1c__follow_up_4__original_glszm_LowGrayLevelZoneEmphasis,0.0108070487077431
mask_tumor__t1c__follow_up_4__original_glszm_SizeZoneNonUniformity,77.63309352517986
mask_tumor__t1c__follow_up_4__original_glszm_SizeZoneNonUniformityNormalized,0.558511464209927
mask_tumor__t1c__follow_up_4__original_glszm_SmallAreaEmphasis,0.7729210520472511
mask_tumor__t1c__follow_up_4__original_glszm_SmallAreaHighGrayLevelEmphasis,756.9793165467626
mask_tumor__t1c__follow_up_4__original_glszm_SmallAreaLowGrayLevelEmphasis,0.004748255122058
mask_tumor__t1c__follow_up_4__original_glszm_ZoneEntropy,5.881737767621291
mask_tumor__t1c__follow_up_4__original_glszm_ZonePercentage,0.6881188118811881
mask_tumor__t1c__follow_up_4__original_glszm_ZoneVariance,1.1542880803271054
mask_tumor__t1c__follow_up_4__original_gldm_DependenceEntropy,6.117965072329608
mask_tumor__t1c__follow_up_4__original_gldm_DependenceNonUniformity,75.98019801980197
mask_tumor__t1c__follow_up_4__original_gldm_DependenceNonUniformityNormalized,0.3761395941574355
mask_tumor__t1c__follow_up_4__original_gldm_DependenceVariance,0.844623076169003
mask_tumor__t1c__follow_up_4__original_gldm_GrayLevelNonUniformity,6.05940594059406
mask_tumor__t1c__follow_up_4__original_gldm_GrayLevelVariance,208.1753994706401
mask_tumor__t1c__follow_up_4__original_gldm_HighGrayLevelEmphasis,918.8465346534654
mask_tumor__t1c__follow_up_4__original_gldm_LargeDependenceEmphasis,3.881188118811881
mask_tumor__t1c__follow_up_4__original_gldm_LargeDependenceHighGrayLevelEmphasis,3114.331683168317
mask_tumor__t1c__follow_up_4__original_gldm_LargeDependenceLowGrayLevelEmphasis,0.0543065243754281
mask_tumor__t1c__follow_up_4__original_gldm_LowGrayLevelEmphasis,0.0134056324501189
mask_tumor__t1c__follow_up_4__original_gldm_SmallDependenceEmphasis,0.5924793729372937
mask_tumor__t1c__follow_up_4__original_gldm_SmallDependenceHighGrayLevelEmphasis,571.4642808030803
mask_tumor__t1c__follow_up_4__original_gldm_SmallDependenceLowGrayLevelEmphasis,0.0046823791669322
mask_tumor__t1c__follow_up_4__original_ngtdm_Busyness,0.031065438830485
mask_tumor__t1c__follow_up_4__original_ngtdm_Coarseness,0.0312282223529283
mask_tumor__t1c__follow_up_4__original_ngtdm_Complexity,8788.510349561502
mask_tumor__t1c__follow_up_4__original_ngtdm_Contrast,1.0201162074492218
mask_tumor__t1c__follow_up_4__original_ngtdm_Strength,51.49872157901083
mask_all__t1c__follow_up_4__original_shape_Elongation,0.731857531996813
mask_all__t1c__follow_up_4__original_shape_Flatness,0.4512679518439484
mask_all__t1c__follow_up_4__original_shape_LeastAxisLength,8.70760047609405
mask_all__t1c__follow_up_4__original_shape_MajorAxisLength,19.295853916754975
mask_all__t1c__follow_up_4__original_shape_Maximum2DDiameterColumn,17.26267650163207
mask_all__t1c__follow_up_4__original_shape_Maximum2DDiameterRow,20.8806130178211
mask_all__t1c__follow_up_4__original_shape_Maximum2DDiameterSlice,22.13594362117865
mask_all__t1c__follow_up_4__original_shape_Maximum3DDiameter,23.17326045251293
mask_all__t1c__follow_up_4__original_shape_MeshVolume,1244.0
mask_all__t1c__follow_up_4__original_shape_MinorAxisLength,14.12181602528734
mask_all__t1c__follow_up_4__original_shape_Sphericity,0.6604820360129328
mask_all__t1c__follow_up_4__original_shape_SurfaceArea,846.9089088600914
mask_all__t1c__follow_up_4__original_shape_SurfaceVolumeRatio,0.6807949428135783
mask_all__t1c__follow_up_4__original_shape_VoxelVolume,1264.0
mask_all__t1c__follow_up_4__original_firstorder_10Percentile,489.767106061318
mask_all__t1c__follow_up_4__original_firstorder_90Percentile,580.255008222775
mask_all__t1c__follow_up_4__original_firstorder_Energy,364822302.54883033
mask_all__t1c__follow_up_4__original_firstorder_Entropy,4.869867715809111
mask_all__t1c__follow_up_4__original_firstorder_InterquartileRange,42.62720678897193
mask_all__t1c__follow_up_4__original_firstorder_Kurtosis,13.872975907880363
mask_all__t1c__follow_up_4__original_firstorder_MeanAbsoluteDeviation,30.99866779063797
mask_all__t1c__follow_up_4__original_firstorder_Mean,535.1510430355083
mask_all__t1c__follow_up_4__original_firstorder_Median,528.5072991312304
mask_all__t1c__follow_up_4__original_firstorder_Range,426.6005816511458
mask_all__t1c__follow_up_4__original_firstorder_RobustMeanAbsoluteDeviation,17.838645893164298
mask_all__t1c__follow_up_4__original_firstorder_RootMeanSquared,537.2385311556235
mask_all__t1c__follow_up_4__original_firstorder_Skewness,2.4976823011983647
mask_all__t1c__follow_up_4__original_firstorder_TotalEnergy,364822302.54883033
mask_all__t1c__follow_up_4__original_firstorder_Uniformity,0.0439783287934625
mask_all__t1c__follow_up_4__original_firstorder_Variance,2238.6004962593543
mask_all__t1c__follow_up_4__original_glcm_Autocorrelation,362.0065452832362
mask_all__t1c__follow_up_4__original_glcm_ClusterProminence,1109222.0830762987
mask_all__t1c__follow_up_4__original_glcm_ClusterShade,11903.168962642689
mask_all__t1c__follow_up_4__original_glcm_ClusterTendency,294.4558706655945
mask_all__t1c__follow_up_4__original_glcm_Contrast,58.18891794447915
mask_all__t1c__follow_up_4__original_glcm_Correlation,0.6670125676331242
mask_all__t1c__follow_up_4__original_glcm_DifferenceAverage,4.689087162292752
mask_all__t1c__follow_up_4__original_glcm_DifferenceEntropy,3.647643733358549
mask_all__t1c__follow_up_4__original_glcm_DifferenceVariance,35.12034035766305
mask_all__t1c__follow_up_4__original_glcm_Id,0.3334123349383954
mask_all__t1c__follow_up_4__original_glcm_Idm,0.2482284211571863
mask_all__t1c__follow_up_4__original_glcm_Idmn,0.9928523191821024
mask_all__t1c__follow_up_4__original_glcm_Idn,0.951746608099948
mask_all__t1c__follow_up_4__original_glcm_Imc1,-0.2368770519646984
mask_all__t1c__follow_up_4__original_glcm_Imc2,0.942600733536176
mask_all__t1c__follow_up_4__original_glcm_InverseVariance,0.2516542507316143
mask_all__t1c__follow_up_4__original_glcm_JointAverage,17.40475489153642
mask_all__t1c__follow_up_4__original_glcm_JointEnergy,0.0038289328501018
mask_all__t1c__follow_up_4__original_glcm_JointEntropy,8.538543169795448
mask_all__t1c__follow_up_4__original_glcm_MCC,0.8205600424971897
mask_all__t1c__follow_up_4__original_glcm_MaximumProbability,0.0115039687907537
mask_all__t1c__follow_up_4__original_glcm_SumAverage,34.80950978307283
mask_all__t1c__follow_up_4__original_glcm_SumEntropy,5.690428849028166
mask_all__t1c__follow_up_4__original_glcm_SumSquares,88.1611971525184
mask_all__t1c__follow_up_4__original_glrlm_GrayLevelNonUniformity,50.491312393790864
mask_all__t1c__follow_up_4__original_glrlm_GrayLevelNonUniformityNormalized,0.0432972463856033
mask_all__t1c__follow_up_4__original_glrlm_GrayLevelVariance,92.964397583717
mask_all__t1c__follow_up_4__original_glrlm_HighGrayLevelRunEmphasis,406.1512268196479
mask_all__t1c__follow_up_4__original_glrlm_LongRunEmphasis,1.2759888117802822
mask_all__t1c__follow_up_4__original_glrlm_LongRunHighGrayLevelEmphasis,484.5566042661266
mask_all__t1c__follow_up_4__original_glrlm_LongRunLowGrayLevelEmphasis,0.014694285293907
mask_all__t1c__follow_up_4__original_glrlm_LowGrayLevelRunEmphasis,0.0115952667664486
mask_all__t1c__follow_up_4__original_glrlm_RunEntropy,5.272453664265512
mask_all__t1c__follow_up_4__original_glrlm_RunLengthNonUniformity,1002.6472016326616
mask_all__t1c__follow_up_4__original_glrlm_RunLengthNonUniformityNormalized,0.8589906478358411
mask_all__t1c__follow_up_4__original_glrlm_RunPercentage,0.9224683544303798
mask_all__t1c__follow_up_4__original_glrlm_RunVariance,0.0980919026713174
mask_all__t1c__follow_up_4__original_glrlm_ShortRunEmphasis,0.9418540627872088
mask_all__t1c__follow_up_4__original_glrlm_ShortRunHighGrayLevelEmphasis,389.2532550850205
mask_all__t1c__follow_up_4__original_glrlm_ShortRunLowGrayLevelEmphasis,0.0108854760234071
mask_all__t1c__follow_up_4__original_glszm_GrayLevelNonUniformity,14.776785714285714
mask_all__t1c__follow_up_4__original_glszm_GrayLevelNonUniformityNormalized,0.0329838966836734
mask_all__t1c__follow_up_4__original_glszm_GrayLevelVariance,150.72687639508928
mask_all__t1c__follow_up_4__original_glszm_HighGrayLevelZoneEmphasis,555.1138392857143
mask_all__t1c__follow_up_4__original_glszm_LargeAreaEmphasis,32.151785714285715
mask_all__t1c__follow_up_4__original_glszm_LargeAreaHighGrayLevelEmphasis,8186.136160714285
mask_all__t1c__follow_up_4__original_glszm_LargeAreaLowGrayLevelEmphasis,0.2486497974826282
mask_all__t1c__follow_up_4__original_glszm_LowGrayLevelZoneEmphasis,0.0139867331391157
mask_all__t1c__follow_up_4__original_glszm_SizeZoneNonUniformity,168.03125
mask_all__t1c__follow_up_4__original_glszm_SizeZoneNonUniformityNormalized,0.3750697544642857
mask_all__t1c__follow_up_4__original_glszm_SmallAreaEmphasis,0.6332953318952798
mask_all__t1c__follow_up_4__original_glszm_SmallAreaHighGrayLevelEmphasis,389.5956579062377
mask_all__t1c__follow_up_4__original_glszm_SmallAreaLowGrayLevelEmphasis,0.0093396815969176
mask_all__t1c__follow_up_4__original_glszm_ZoneEntropy,6.778941245915552
mask_all__t1c__follow_up_4__original_glszm_ZonePercentage,0.3544303797468354
mask_all__t1c__follow_up_4__original_glszm_ZoneVariance,24.191326530612244
mask_all__t1c__follow_up_4__original_gldm_DependenceEntropy,7.175738771476698
mask_all__t1c__follow_up_4__original_gldm_DependenceNonUniformity,234.2737341772152
mask_all__t1c__follow_up_4__original_gldm_DependenceNonUniformityNormalized,0.1853431441275436
mask_all__t1c__follow_up_4__original_gldm_DependenceVariance,3.0741167280884474
mask_all__t1c__follow_up_4__original_gldm_GrayLevelNonUniformity,55.58860759493671
mask_all__t1c__follow_up_4__original_gldm_GrayLevelVariance,89.57034567276878
mask_all__t1c__follow_up_4__original_gldm_HighGrayLevelEmphasis,396.84572784810126
mask_all__t1c__follow_up_4__original_gldm_LargeDependenceEmphasis,12.169303797468354
mask_all__t1c__follow_up_4__original_gldm_LargeDependenceHighGrayLevelEmphasis,3325.4106012658226
mask_all__t1c__follow_up_4__original_gldm_LargeDependenceLowGrayLevelEmphasis,0.1385718734385647
mask_all__t1c__follow_up_4__original_gldm_LowGrayLevelEmphasis,0.0116014051647434
mask_all__t1c__follow_up_4__original_gldm_SmallDependenceEmphasis,0.3057182806092335
mask_all__t1c__follow_up_4__original_gldm_SmallDependenceHighGrayLevelEmphasis,167.33915318785603
mask_all__t1c__follow_up_4__original_gldm_SmallDependenceLowGrayLevelEmphasis,0.0039862653090655
mask_all__t1c__follow_up_4__original_ngtdm_Busyness,0.1092539265684267
mask_all__t1c__follow_up_4__original_ngtdm_Coarseness,0.0076862628629372
mask_all__t1c__follow_up_4__original_ngtdm_Complexity,5866.220918955486
mask_all__t1c__follow_up_4__original_ngtdm_Contrast,0.1498047154805466
mask_all__t1c__follow_up_4__original_ngtdm_Strength,25.48003565794593
mask_oedema__t1c__follow_up_4__original_shape_Elongation,0.7221548415844259
mask_oedema__t1c__follow_up_4__original_shape_Flatness,0.4235498381533844
mask_oedema__t1c__follow_up_4__original_shape_LeastAxisLength,8.30413690474466
mask_oedema__t1c__follow_up_4__original_shape_MajorAxisLength,19.60604433459233
mask_oedema__t1c__follow_up_4__original_shape_Maximum2DDiameterColumn,17.26267650163207
mask_oedema__t1c__follow_up_4__original_shape_Maximum2DDiameterRow,20.8806130178211
mask_oedema__t1c__follow_up_4__original_shape_Maximum2DDiameterSlice,22.13594362117865
mask_oedema__t1c__follow_up_4__original_shape_Maximum3DDiameter,23.17326045251293
mask_oedema__t1c__follow_up_4__original_shape_MeshVolume,1040.75
mask_oedema__t1c__follow_up_4__original_shape_MinorAxisLength,14.15859984054475
mask_oedema__t1c__follow_up_4__original_shape_Sphericity,0.6295160526774957
mask_oedema__t1c__follow_up_4__original_shape_SurfaceArea,788.9356752811218
mask_oedema__t1c__follow_up_4__original_shape_SurfaceVolumeRatio,0.7580453281586566
mask_oedema__t1c__follow_up_4__original_shape_VoxelVolume,1062.0
mask_oedema__t1c__follow_up_4__original_firstorder_10Percentile,488.2926200869389
mask_oedema__t1c__follow_up_4__original_firstorder_90Percentile,556.765739793352
mask_oedema__t1c__follow_up_4__original_firstorder_Energy,290850547.48792666
mask_oedema__t1c__follow_up_4__original_firstorder_Entropy,4.385613982621757
mask_oedema__t1c__follow_up_4__original_firstorder_InterquartileRange,35.5737683623023
mask_oedema__t1c__follow_up_4__original_firstorder_Kurtosis,3.321888882147729
mask_oedema__t1c__follow_up_4__original_firstorder_MeanAbsoluteDeviation,21.288139755194404
mask_oedema__t1c__follow_up_4__original_firstorder_Mean,522.6583109728865
mask_oedema__t1c__follow_up_4__original_firstorder_Median,523.5338421344815
mask_oedema__t1c__follow_up_4__original_firstorder_Range,183.8222588015626
mask_oedema__t1c__follow_up_4__original_firstorder_RobustMeanAbsoluteDeviation,15.188904173340292
mask_oedema__t1c__follow_up_4__original_firstorder_RootMeanSquared,523.3264488085135
mask_oedema__t1c__follow_up_4__original_firstorder_Skewness,0.0466246887087411
mask_oedema__t1c__follow_up_4__original_firstorder_TotalEnergy,290850547.48792666
mask_oedema__t1c__follow_up_4__original_firstorder_Uniformity,0.0542663701717613
mask_oedema__t1c__follow_up_4__original_firstorder_Variance,698.8619934992262
mask_oedema__t1c__follow_up_4__original_glcm_Autocorrelation,237.72583558101948
mask_oedema__t1c__follow_up_4__original_glcm_ClusterProminence,20263.827955915207
mask_oedema__t1c__follow_up_4__original_glcm_ClusterShade,-155.45525632701248
mask_oedema__t1c__follow_up_4__original_glcm_ClusterTendency,86.73630714956882
mask_oedema__t1c__follow_up_4__original_glcm_Contrast,17.924873084111045
mask_oedema__t1c__follow_up_4__original_glcm_Correlation,0.6578025492380731
mask_oedema__t1c__follow_up_4__original_glcm_DifferenceAverage,3.174326484265644
mask_oedema__t1c__follow_up_4__original_glcm_DifferenceEntropy,3.1439332622417435
mask_oedema__t1c__follow_up_4__original_glcm_DifferenceVariance,7.488695756931348
mask_oedema__t1c__follow_up_4__original_glcm_Id,0.3688712422310631
mask_oedema__t1c__follow_up_4__original_glcm_Idm,0.2820436490854068
mask_oedema__t1c__follow_up_4__original_glcm_Idmn,0.98757301422528
mask_oedema__t1c__follow_up_4__original_glcm_Idn,0.9250952176397949
mask_oedema__t1c__follow_up_4__original_glcm_Imc1,-0.1733047991317294
mask_oedema__t1c__follow_up_4__original_glcm_Imc2,0.8695565043800735
mask_oedema__t1c__follow_up_4__original_glcm_InverseVariance,0.2861059735067906
mask_oedema__t1c__follow_up_4__original_glcm_JointAverage,14.849857243815508
mask_oedema__t1c__follow_up_4__original_glcm_JointEnergy,0.0051883017745646
mask_oedema__t1c__follow_up_4__original_glcm_JointEntropy,7.946168861431458
mask_oedema__t1c__follow_up_4__original_glcm_MCC,0.7145243387588336
mask_oedema__t1c__follow_up_4__original_glcm_MaximumProbability,0.0138515152701574
mask_oedema__t1c__follow_up_4__original_glcm_SumAverage,29.69971448763101
mask_oedema__t1c__follow_up_4__original_glcm_SumEntropy,5.187713735443556
mask_oedema__t1c__follow_up_4__original_glcm_SumSquares,26.165295058419957
mask_oedema__t1c__follow_up_4__original_glrlm_GrayLevelNonUniformity,52.380784088678055
mask_oedema__t1c__follow_up_4__original_glrlm_GrayLevelNonUniformityNormalized,0.0539580216149168
mask_oedema__t1c__follow_up_4__original_glrlm_GrayLevelVariance,28.34603181812636
mask_oedema__t1c__follow_up_4__original_glrlm_HighGrayLevelRunEmphasis,255.41774668464055
mask_oedema__t1c__follow_up_4__original_glrlm_LongRunEmphasis,1.3093771964115688
mask_oedema__t1c__follow_up_4__original_glrlm_LongRunHighGrayLevelEmphasis,329.0871503268622
mask_oedema__t1c__follow_up_4__original_glrlm_LongRunLowGrayLevelEmphasis,0.0171375107249223
mask_oedema__t1c__follow_up_4__original_glrlm_LowGrayLevelRunEmphasis,0.0134731034737105
mask_oedema__t1c__follow_up_4__original_glrlm_RunEntropy,4.816572295858473
mask_oedema__t1c__follow_up_4__original_glrlm_RunLengthNonUniformity,820.0572715449312
mask_oedema__t1c__follow_up_4__original_glrlm_RunLengthNonUniformityNormalized,0.8438472913749044
mask_oedema__t1c__follow_up_4__original_glrlm_RunPercentage,0.9140228885991596
mask_oedema__t1c__follow_up_4__original_glrlm_RunVariance,0.1094118214155336
mask_oedema__t1c__follow_up_4__original_glrlm_ShortRunEmphasis,0.9350413420139808
mask_oedema__t1c__follow_up_4__original_glrlm_ShortRunHighGrayLevelEmphasis,239.90980650395016
mask_oedema__t1c__follow_up_4__original_glrlm_ShortRunLowGrayLevelEmphasis,0.0126331074961697
mask_oedema__t1c__follow_up_4__original_glszm_GrayLevelNonUniformity,14.9875
mask_oedema__t1c__follow_up_4__original_glszm_GrayLevelNonUniformityNormalized,0.0468359375
mask_oedema__t1c__follow_up_4__original_glszm_GrayLevelVariance,38.08077148437499
mask_oedema__t1c__follow_up_4__original_glszm_HighGrayLevelZoneEmphasis,272.840625
mask_oedema__t1c__follow_up_4__original_glszm_LargeAreaEmphasis,43.35625
mask_oedema__t1c__follow_up_4__original_glszm_LargeAreaHighGrayLevelEmphasis,10011.13125
mask_oedema__t1c__follow_up_4__original_glszm_LargeAreaLowGrayLevelEmphasis,0.3433619679397275
mask_oedema__t1c__follow_up_4__original_glszm_LowGrayLevelZoneEmphasis,0.0187345804044844
mask_oedema__t1c__follow_up_4__original_glszm_SizeZoneNonUniformity,106.50625
mask_oedema__t1c__follow_up_4__original_glszm_SizeZoneNonUniformityNormalized,0.33283203125
mask_oedema__t1c__follow_up_4__original_glszm_SmallAreaEmphasis,0.5961597368370339
mask_oedema__t1c__follow_up_4__original_glszm_SmallAreaHighGrayLevelEmphasis,160.764233761634
mask_oedema__t1c__follow_up_4__original_glszm_SmallAreaLowGrayLevelEmphasis,0.0124981521272561
mask_oedema__t1c__follow_up_4__original_glszm_ZoneEntropy,6.340300134688756
mask_oedema__t1c__follow_up_4__original_glszm_ZonePercentage,0.3013182674199623
mask_oedema__t1c__follow_up_4__original_glszm_ZoneVariance,32.3421484375
mask_oedema__t1c__follow_up_4__original_gldm_DependenceEntropy,6.869906662275604
mask_oedema__t1c__follow_up_4__original_gldm_DependenceNonUniformity,184.89453860640305
mask_oedema__t1c__follow_up_4__original_gldm_DependenceNonUniformityNormalized,0.1741003188384209
mask_oedema__t1c__follow_up_4__original_gldm_DependenceVariance,3.1837559095052157
mask_oedema__t1c__follow_up_4__original_gldm_GrayLevelNonUniformity,57.63088512241055
mask_oedema__t1c__follow_up_4__original_gldm_GrayLevelVariance,27.98767560052631
mask_oedema__t1c__follow_up_4__original_gldm_HighGrayLevelEmphasis,253.94915254237287
mask_oedema__t1c__follow_up_4__original_gldm_LargeDependenceEmphasis,13.651600753295668
mask_oedema__t1c__follow_up_4__original_gldm_LargeDependenceHighGrayLevelEmphasis,3168.480225988701
mask_oedema__t1c__follow_up_4__original_gldm_LargeDependenceLowGrayLevelEmphasis,0.1627621137892829
mask_oedema__t1c__follow_up_4__original_gldm_LowGrayLevelEmphasis,0.013374945671035
mask_oedema__t1c__follow_up_4__original_gldm_SmallDependenceEmphasis,0.2627156476470643
mask_oedema__t1c__follow_up_4__original_gldm_SmallDependenceHighGrayLevelEmphasis,69.99448803777467
mask_oedema__t1c__follow_up_4__original_gldm_SmallDependenceLowGrayLevelEmphasis,0.0045363254873661
mask_oedema__t1c__follow_up_4__original_ngtdm_Busyness,0.2216533815575689
mask_oedema__t1c__follow_up_4__original_ngtdm_Coarseness,0.0093873474667162
mask_oedema__t1c__follow_up_4__original_ngtdm_Complexity,839.1451338355121
mask_oedema__t1c__follow_up_4__original_ngtdm_Contrast,0.1256121884438101
mask_oedema__t1c__follow_up_4__original_ngtdm_Strength,3.401019764773519
mask_tumor__t2__follow_up_4__original_shape_Elongation,0.8061406745323264
mask_tumor__t2__follow_up_4__original_shape_Flatness,0.6919656763792617
mask_tumor__t2__follow_up_4__original_shape_LeastAxisLength,5.616604594459448
mask_tumor__t2__follow_up_4__original_shape_MajorAxisLength,8.116883230174883
mask_tumor__t2__follow_up_4__original_shape_Maximum2DDiameterColumn,8.602325267042627
mask_tumor__t2__follow_up_4__original_shape_Maximum2DDiameterRow,8.54400374531753
mask_tumor__t2__follow_up_4__original_shape_Maximum2DDiameterSlice,8.06225774829855
mask_tumor__t2__follow_up_4__original_shape_Maximum3DDiameter,9.486832980505138
mask_tumor__t2__follow_up_4__original_shape_MeshVolume,194.04166666666663
mask_tumor__t2__follow_up_4__original_shape_MinorAxisLength,6.543349722273307
mask_tumor__t2__follow_up_4__original_shape_Sphericity,0.8188758934564606
mask_tumor__t2__follow_up_4__original_shape_SurfaceArea,197.93808716504657
mask_tumor__t2__follow_up_4__original_shape_SurfaceVolumeRatio,1.020080328958797
mask_tumor__t2__follow_up_4__original_shape_VoxelVolume,202.0
mask_tumor__t2__follow_up_4__original_firstorder_10Percentile,294.18661312093684
mask_tumor__t2__follow_up_4__original_firstorder_90Percentile,501.8548699802371
mask_tumor__t2__follow_up_4__original_firstorder_Energy,30948315.556403115
mask_tumor__t2__follow_up_4__original_firstorder_Entropy,5.549954387636166
mask_tumor__t2__follow_up_4__original_firstorder_InterquartileRange,129.89995445822117
mask_tumor__t2__follow_up_4__original_firstorder_Kurtosis,2.3236270577722133
mask_tumor__t2__follow_up_4__original_firstorder_MeanAbsoluteDeviation,66.91988278153863
mask_tumor__t2__follow_up_4__original_firstorder_Mean,383.315447776836
mask_tumor__t2__follow_up_4__original_firstorder_Median,367.1391984378467
mask_tumor__t2__follow_up_4__original_firstorder_Range,362.1619454857176
mask_tumor__t2__follow_up_4__original_firstorder_RobustMeanAbsoluteDeviation,50.735405331859546
mask_tumor__t2__follow_up_4__original_firstorder_RootMeanSquared,391.4198295340832
mask_tumor__t2__follow_up_4__original_firstorder_Skewness,0.5365819546728603
mask_tumor__t2__follow_up_4__original_firstorder_TotalEnergy,30948315.556403115
mask_tumor__t2__follow_up_4__original_firstorder_Uniformity,0.0248995196549357
mask_tumor__t2__follow_up_4__original_firstorder_Variance,6278.750448134416
mask_tumor__t2__follow_up_4__original_glcm_Autocorrelation,1241.0839088153512
mask_tumor__t2__follow_up_4__original_glcm_ClusterProminence,1238468.9351218466
mask_tumor__t2__follow_up_4__original_glcm_ClusterShade,5282.197912450348
mask_tumor__t2__follow_up_4__original_glcm_ClusterTendency,776.5697996267515
mask_tumor__t2__follow_up_4__original_glcm_Contrast,243.46048302337948
mask_tumor__t2__follow_up_4__original_glcm_Correlation,0.52143331995465
mask_tumor__t2__follow_up_4__original_glcm_DifferenceAverage,12.033031014056077
mask_tumor__t2__follow_up_4__original_glcm_DifferenceEntropy,4.685630789616202
mask_tumor__t2__follow_up_4__original_glcm_DifferenceVariance,88.84660617938063
mask_tumor__t2__follow_up_4__original_glcm_Id,0.1721989474417149
mask_tumor__t2__follow_up_4__original_glcm_Idm,0.0978940058675399
mask_tumor__t2__follow_up_4__original_glcm_Idmn,0.960686955819737
mask_tumor__t2__follow_up_4__original_glcm_Idn,0.8707270097350329
mask_tumor__t2__follow_up_4__original_glcm_Imc1,-0.5755738591733439
mask_tumor__t2__follow_up_4__original_glcm_Imc2,0.9991192279812544
mask_tumor__t2__follow_up_4__original_glcm_InverseVariance,0.1008682291986751
mask_tumor__t2__follow_up_4__original_glcm_JointAverage,33.27859262251836
mask_tumor__t2__follow_up_4__original_glcm_JointEnergy,0.004546563428066
mask_tumor__t2__follow_up_4__original_glcm_JointEntropy,7.87018756919446
mask_tumor__t2__follow_up_4__original_glcm_MCC,0.8403447770007232
mask_tumor__t2__follow_up_4__original_glcm_MaximumProbability,0.0114501807344477
mask_tumor__t2__follow_up_4__original_glcm_SumAverage,66.55718524503672
mask_tumor__t2__follow_up_4__original_glcm_SumEntropy,6.037245382887111
mask_tumor__t2__follow_up_4__original_glcm_SumSquares,255.00757066253283
mask_tumor__t2__follow_up_4__original_glrlm_GrayLevelNonUniformity,4.861058525085805
mask_tumor__t2__follow_up_4__original_glrlm_GrayLevelNonUniformityNormalized,0.0246626563160776
mask_tumor__t2__follow_up_4__original_glrlm_GrayLevelVariance,252.0879053599424
mask_tumor__t2__follow_up_4__original_glrlm_HighGrayLevelRunEmphasis,1228.982503850788
mask_tumor__t2__follow_up_4__original_glrlm_LongRunEmphasis,1.0802104491551727
mask_tumor__t2__follow_up_4__original_glrlm_LongRunHighGrayLevelEmphasis,1303.6712955822647
mask_tumor__t2__follow_up_4__original_glrlm_LongRunLowGrayLevelEmphasis,0.0076813824963261
mask_tumor__t2__follow_up_4__original_glrlm_LowGrayLevelRunEmphasis,0.0074499891766809
mask_tumor__t2__follow_up_4__original_glrlm_RunEntropy,5.636029709693129
mask_tumor__t2__follow_up_4__original_glrlm_RunLengthNonUniformity,188.1381115131438
mask_tumor__t2__follow_up_4__original_glrlm_RunLengthNonUniformityNormalized,0.9540749108362732
mask_tumor__t2__follow_up_4__original_glrlm_RunPercentage,0.9756283320639756
mask_tumor__t2__follow_up_4__original_glrlm_RunVariance,0.0284184943899131
mask_tumor__t2__follow_up_4__original_glrlm_ShortRunEmphasis,0.9820148987072892
mask_tumor__t2__follow_up_4__original_glrlm_ShortRunHighGrayLevelEmphasis,1210.7100073265487
mask_tumor__t2__follow_up_4__original_glrlm_ShortRunLowGrayLevelEmphasis,0.007403052034773
mask_tumor__t2__follow_up_4__original_glszm_GrayLevelNonUniformity,3.442953020134228
mask_tumor__t2__follow_up_4__original_glszm_GrayLevelNonUniformityNormalized,0.023107067249223
mask_tumor__t2__follow_up_4__original_glszm_GrayLevelVariance,262.2799873879555
mask_tumor__t2__follow_up_4__original_glszm_HighGrayLevelZoneEmphasis,1303.96644295302
mask_tumor__t2__follow_up_4__original_glszm_LargeAreaEmphasis,2.604026845637584
mask_tumor__t2__follow_up_4__original_glszm_LargeAreaHighGrayLevelEmphasis,2650.1073825503354
mask_tumor__t2__follow_up_4__original_glszm_LargeAreaLowGrayLevelEmphasis,0.0138993396224713
mask_tumor__t2__follow_up_4__original_glszm_LowGrayLevelZoneEmphasis,0.009038570827509
mask_tumor__t2__follow_up_4__original_glszm_SizeZoneNonUniformity,96.20805369127515
mask_tumor__t2__follow_up_4__original_glszm_SizeZoneNonUniformityNormalized,0.6456916355119139
mask_tumor__t2__follow_up_4__original_glszm_SmallAreaEmphasis,0.8300213821546515
mask_tumor__t2__follow_up_4__original_glszm_SmallAreaHighGrayLevelEmphasis,1112.0791491652592
mask_tumor__t2__follow_up_4__original_glszm_SmallAreaLowGrayLevelEmphasis,0.0086866480030742
mask_tumor__t2__follow_up_4__original_glszm_ZoneEntropy,6.136897507266286
mask_tumor__t2__follow_up_4__original_glszm_ZonePercentage,0.7376237623762376
mask_tumor__t2__follow_up_4__original_glszm_ZoneVariance,0.7660916174947073
mask_tumor__t2__follow_up_4__original_gldm_DependenceEntropy,6.415474757618108
mask_tumor__t2__follow_up_4__original_gldm_DependenceNonUniformity,85.31683168316832
mask_tumor__t2__follow_up_4__original_gldm_DependenceNonUniformityNormalized,0.4223605528869719
mask_tumor__t2__follow_up_4__original_gldm_DependenceVariance,0.8360945005391628
mask_tumor__t2__follow_up_4__original_gldm_GrayLevelNonUniformity,5.02970297029703
mask_tumor__t2__follow_up_4__original_gldm_GrayLevelVariance,251.75708263895697
mask_tumor__t2__follow_up_4__original_gldm_HighGrayLevelEmphasis,1222.6039603960396
mask_tumor__t2__follow_up_4__original_gldm_LargeDependenceEmphasis,3.504950495049505
mask_tumor__t2__follow_up_4__original_gldm_LargeDependenceHighGrayLevelEmphasis,3465.09900990099
mask_tumor__t2__follow_up_4__original_gldm_LargeDependenceLowGrayLevelEmphasis,0.0149441623231367
mask_tumor__t2__follow_up_4__original_gldm_LowGrayLevelEmphasis,0.0073337734812673
mask_tumor__t2__follow_up_4__original_gldm_SmallDependenceEmphasis,0.6637967546754675
mask_tumor__t2__follow_up_4__original_gldm_SmallDependenceHighGrayLevelEmphasis,872.6454015401541
mask_tumor__t2__follow_up_4__original_gldm_SmallDependenceLowGrayLevelEmphasis,0.0065222110028714
mask_tumor__t2__follow_up_4__original_ngtdm_Busyness,0.0280613099593687
mask_tumor__t2__follow_up_4__original_ngtdm_Coarseness,0.0281078137362326
mask_tumor__t2__follow_up_4__original_ngtdm_Complexity,10708.031670056916
mask_tumor__t2__follow_up_4__original_ngtdm_Contrast,1.127059705940448
mask_tumor__t2__follow_up_4__original_ngtdm_Strength,47.67627836866299
mask_all__t2__follow_up_4__original_shape_Elongation,0.731857531996813
mask_all__t2__follow_up_4__original_shape_Flatness,0.4512679518439484
mask_all__t2__follow_up_4__original_shape_LeastAxisLength,8.70760047609405
mask_all__t2__follow_up_4__original_shape_MajorAxisLength,19.295853916754975
mask_all__t2__follow_up_4__original_shape_Maximum2DDiameterColumn,17.26267650163207
mask_all__t2__follow_up_4__original_shape_Maximum2DDiameterRow,20.8806130178211
mask_all__t2__follow_up_4__original_shape_Maximum2DDiameterSlice,22.13594362117865
mask_all__t2__follow_up_4__original_shape_Maximum3DDiameter,23.17326045251293
mask_all__t2__follow_up_4__original_shape_MeshVolume,1244.0
mask_all__t2__follow_up_4__original_shape_MinorAxisLength,14.12181602528734
mask_all__t2__follow_up_4__original_shape_Sphericity,0.6604820360129328
mask_all__t2__follow_up_4__original_shape_SurfaceArea,846.9089088600914
mask_all__t2__follow_up_4__original_shape_SurfaceVolumeRatio,0.6807949428135783
mask_all__t2__follow_up_4__original_shape_VoxelVolume,1264.0
mask_all__t2__follow_up_4__original_firstorder_10Percentile,242.2066424720678
mask_all__t2__follow_up_4__original_firstorder_90Percentile,366.8095732098811
mask_all__t2__follow_up_4__original_firstorder_Energy,130147140.3019052
mask_all__t2__follow_up_4__original_firstorder_Entropy,5.331927946295863
mask_all__t2__follow_up_4__original_firstorder_InterquartileRange,61.43392846357318
mask_all__t2__follow_up_4__original_firstorder_Kurtosis,5.796440855285616
mask_all__t2__follow_up_4__original_firstorder_MeanAbsoluteDeviation,42.00713754815687
mask_all__t2__follow_up_4__original_firstorder_Mean,315.52730883765656
mask_all__t2__follow_up_4__original_firstorder_Median,314.72847533397794
mask_all__t2__follow_up_4__original_firstorder_Range,411.7244728544609
mask_all__t2__follow_up_4__original_firstorder_RobustMeanAbsoluteDeviation,26.20328702195569
mask_all__t2__follow_up_4__original_firstorder_RootMeanSquared,320.8808341620296
mask_all__t2__follow_up_4__original_firstorder_Skewness,1.0380259060704051
mask_all__t2__follow_up_4__original_firstorder_TotalEnergy,130147140.3019052
mask_all__t2__follow_up_4__original_firstorder_Uniformity,0.0315103749399134
mask_all__t2__follow_up_4__original_firstorder_Variance,3407.027110186048
mask_all__t2__follow_up_4__original_glcm_Autocorrelation,926.4741093154536
mask_all__t2__follow_up_4__original_glcm_ClusterProminence,1140493.661958161
mask_all__t2__follow_up_4__original_glcm_ClusterShade,9523.370340513518
mask_all__t2__follow_up_4__original_glcm_ClusterTendency,473.6992379490353
mask_all__t2__follow_up_4__original_glcm_Contrast,65.32116292362578
mask_all__t2__follow_up_4__original_glcm_Correlation,0.7575845068127633
mask_all__t2__follow_up_4__original_glcm_DifferenceAverage,5.282183527443281
mask_all__t2__follow_up_4__original_glcm_DifferenceEntropy,3.823641451121528
mask_all__t2__follow_up_4__original_glcm_DifferenceVariance,35.67449613434231
mask_all__t2__follow_up_4__original_glcm_Id,0.3139472305071009
mask_all__t2__follow_up_4__original_glcm_Idm,0.2304433213133737
mask_all__t2__follow_up_4__original_glcm_Idmn,0.9913426109772072
mask_all__t2__follow_up_4__original_glcm_Idn,0.944680757213646
mask_all__t2__follow_up_4__original_glcm_Imc1,-0.3000890278420734
mask_all__t2__follow_up_4__original_glcm_Imc2,0.9762357811668856
mask_all__t2__follow_up_4__original_glcm_InverseVariance,0.2407178659026234
mask_all__t2__follow_up_4__original_glcm_JointAverage,28.71038667951613
mask_all__t2__follow_up_4__original_glcm_JointEnergy,0.0030064095498419
mask_all__t2__follow_up_4__original_glcm_JointEntropy,8.986526557823368
mask_all__t2__follow_up_4__original_glcm_MCC,0.8224862515534481
mask_all__t2__follow_up_4__original_glcm_MaximumProbability,0.011238562855787
mask_all__t2__follow_up_4__original_glcm_SumAverage,57.42077335903227
mask_all__t2__follow_up_4__original_glcm_SumEntropy,6.192449872669868
mask_all__t2__follow_up_4__original_glcm_SumSquares,134.75510021816518
mask_all__t2__follow_up_4__original_glrlm_GrayLevelNonUniformity,36.032561892615256
mask_all__t2__follow_up_4__original_glrlm_GrayLevelNonUniformityNormalized,0.0306263708197843
mask_all__t2__follow_up_4__original_glrlm_GrayLevelVariance,141.59175306397992
mask_all__t2__follow_up_4__original_glrlm_HighGrayLevelRunEmphasis,899.7874187472136
mask_all__t2__follow_up_4__original_glrlm_LongRunEmphasis,1.249630093787348
mask_all__t2__follow_up_4__original_glrlm_LongRunHighGrayLevelEmphasis,1119.393266935733
mask_all__t2__follow_up_4__original_glrlm_LongRunLowGrayLevelEmphasis,0.0043875340133818
mask_all__t2__follow_up_4__original_glrlm_LowGrayLevelRunEmphasis,0.0038641599642081
mask_all__t2__follow_up_4__original_glrlm_RunEntropy,5.687044327845604
mask_all__t2__follow_up_4__original_glrlm_RunLengthNonUniformity,1031.6298473456063
mask_all__t2__follow_up_4__original_glrlm_RunLengthNonUniformityNormalized,0.8761906531749329
mask_all__t2__follow_up_4__original_glrlm_RunPercentage,0.930562317429406
mask_all__t2__follow_up_4__original_glrlm_RunVariance,0.0922158708228671
mask_all__t2__follow_up_4__original_glrlm_ShortRunEmphasis,0.9493097844263306
mask_all__t2__follow_up_4__original_glrlm_ShortRunHighGrayLevelEmphasis,854.8457109015119
mask_all__t2__follow_up_4__original_glrlm_ShortRunLowGrayLevelEmphasis,0.0037538683127255
mask_all__t2__follow_up_4__original_glszm_GrayLevelNonUniformity,13.411873840445269
mask_all__t2__follow_up_4__original_glszm_GrayLevelNonUniformityNormalized,0.0248828828208632
mask_all__t2__follow_up_4__original_glszm_GrayLevelVariance,210.97659721672443
mask_all__t2__follow_up_4__original_glszm_HighGrayLevelZoneEmphasis,972.1836734693876
mask_all__t2__follow_up_4__original_glszm_LargeAreaEmphasis,20.76437847866419
mask_all__t2__follow_up_4__original_glszm_LargeAreaHighGrayLevelEmphasis,18917.31354359926
mask_all__t2__follow_up_4__original_glszm_LargeAreaLowGrayLevelEmphasis,0.0367967683594806
mask_all__t2__follow_up_4__original_glszm_LowGrayLevelZoneEmphasis,0.0053858944373297
mask_all__t2__follow_up_4__original_glszm_SizeZoneNonUniformity,233.11502782931356
mask_all__t2__follow_up_4__original_glszm_SizeZoneNonUniformityNormalized,0.4324954134124555
mask_all__t2__follow_up_4__original_glszm_SmallAreaEmphasis,0.6837530226305826
mask_all__t2__follow_up_4__original_glszm_SmallAreaHighGrayLevelEmphasis,715.482554793155
mask_all__t2__follow_up_4__original_glszm_SmallAreaLowGrayLevelEmphasis,0.0041492341617807
mask_all__t2__follow_up_4__original_glszm_ZoneEntropy,6.9443836414597
mask_all__t2__follow_up_4__original_glszm_ZonePercentage,0.4264240506329114
mask_all__t2__follow_up_4__original_glszm_ZoneVariance,15.2649619132524
mask_all__t2__follow_up_4__original_gldm_DependenceEntropy,7.459357383758132
mask_all__t2__follow_up_4__original_gldm_DependenceNonUniformity,259.6851265822785
mask_all__t2__follow_up_4__original_gldm_DependenceNonUniformityNormalized,0.2054470938150937
mask_all__t2__follow_up_4__original_gldm_DependenceVariance,3.6678191595898086
mask_all__t2__follow_up_4__original_gldm_GrayLevelNonUniformity,39.82911392405063
mask_all__t2__follow_up_4__original_gldm_GrayLevelVariance,136.5188246074347
mask_all__t2__follow_up_4__original_gldm_HighGrayLevelEmphasis,898.6107594936709
mask_all__t2__follow_up_4__original_gldm_LargeDependenceEmphasis,11.537974683544304
mask_all__t2__follow_up_4__original_gldm_LargeDependenceHighGrayLevelEmphasis,10619.025316455696
mask_all__t2__follow_up_4__original_gldm_LargeDependenceLowGrayLevelEmphasis,0.0222819484560691
mask_all__t2__follow_up_4__original_gldm_LowGrayLevelEmphasis,0.003742766466414
mask_all__t2__follow_up_4__original_gldm_SmallDependenceEmphasis,0.370374349930626
mask_all__t2__follow_up_4__original_gldm_SmallDependenceHighGrayLevelEmphasis,368.22039971929934
mask_all__t2__follow_up_4__original_gldm_SmallDependenceLowGrayLevelEmphasis,0.0020249867174814
mask_all__t2__follow_up_4__original_ngtdm_Busyness,0.0405017342686252
mask_all__t2__follow_up_4__original_ngtdm_Coarseness,0.0108524416696034
mask_all__t2__follow_up_4__original_ngtdm_Complexity,7170.669397579229
mask_all__t2__follow_up_4__original_ngtdm_Contrast,0.1624682121068751
mask_all__t2__follow_up_4__original_ngtdm_Strength,27.94820829932407
mask_oedema__t2__follow_up_4__original_shape_Elongation,0.7221548415844259
mask_oedema__t2__follow_up_4__original_shape_Flatness,0.4235498381533844
mask_oedema__t2__follow_up_4__original_shape_LeastAxisLength,8.30413690474466
mask_oedema__t2__follow_up_4__original_shape_MajorAxisLength,19.60604433459233
mask_oedema__t2__follow_up_4__original_shape_Maximum2DDiameterColumn,17.26267650163207
mask_oedema__t2__follow_up_4__original_shape_Maximum2DDiameterRow,20.8806130178211
mask_oedema__t2__follow_up_4__original_shape_Maximum2DDiameterSlice,22.13594362117865
mask_oedema__t2__follow_up_4__original_shape_Maximum3DDiameter,23.17326045251293
mask_oedema__t2__follow_up_4__original_shape_MeshVolume,1040.75
mask_oedema__t2__follow_up_4__original_shape_MinorAxisLength,14.15859984054475
mask_oedema__t2__follow_up_4__original_shape_Sphericity,0.6295160526774957
mask_oedema__t2__follow_up_4__original_shape_SurfaceArea,788.9356752811218
mask_oedema__t2__follow_up_4__original_shape_SurfaceVolumeRatio,0.7580453281586566
mask_oedema__t2__follow_up_4__original_shape_VoxelVolume,1062.0
mask_oedema__t2__follow_up_4__original_firstorder_10Percentile,237.73412744802783
mask_oedema__t2__follow_up_4__original_firstorder_90Percentile,351.09496326281504
mask_oedema__t2__follow_up_4__original_firstorder_Energy,99198824.7455021
mask_oedema__t2__follow_up_4__original_firstorder_Entropy,4.998390375052133
mask_oedema__t2__follow_up_4__original_firstorder_InterquartileRange,62.638381655607134
mask_oedema__t2__follow_up_4__original_firstorder_Kurtosis,2.509076868666212
mask_oedema__t2__follow_up_4__original_firstorder_MeanAbsoluteDeviation,35.19133880101266
mask_oedema__t2__follow_up_4__original_firstorder_Mean,302.6335196985659
mask_oedema__t2__follow_up_4__original_firstorder_Median,310.4640294590316
mask_oedema__t2__follow_up_4__original_firstorder_Range,245.0021353154992
mask_oedema__t2__follow_up_4__original_firstorder_RobustMeanAbsoluteDeviation,25.981685105772275
mask_oedema__t2__follow_up_4__original_firstorder_RootMeanSquared,305.62649796366634
mask_oedema__t2__follow_up_4__original_firstorder_Skewness,-0.4459671894564866
mask_oedema__t2__follow_up_4__original_firstorder_TotalEnergy,99198824.7455021
mask_oedema__t2__follow_up_4__original_firstorder_Uniformity,0.0359836998733867
mask_oedema__t2__follow_up_4__original_firstorder_Variance,1820.5090123926375
mask_oedema__t2__follow_up_4__original_glcm_Autocorrelation,714.76451712933
mask_oedema__t2__follow_up_4__original_glcm_ClusterProminence,134871.9272945086
mask_oedema__t2__follow_up_4__original_glcm_ClusterShade,-1871.907890510989
mask_oedema__t2__follow_up_4__original_glcm_ClusterTendency,235.25523411196488
mask_oedema__t2__follow_up_4__original_glcm_Contrast,29.18848093944308
mask_oedema__t2__follow_up_4__original_glcm_Correlation,0.7789180320757076
mask_oedema__t2__follow_up_4__original_glcm_DifferenceAverage,3.8990025737920666
mask_oedema__t2__follow_up_4__original_glcm_DifferenceEntropy,3.4155516705463875
mask_oedema__t2__follow_up_4__original_glcm_DifferenceVariance,13.096427197417771
mask_oedema__t2__follow_up_4__original_glcm_Id,0.343356764302592
mask_oedema__t2__follow_up_4__original_glcm_Idm,0.2579314806444014
mask_oedema__t2__follow_up_4__original_glcm_Idmn,0.988911306769098
mask_oedema__t2__follow_up_4__original_glcm_Idn,0.9317237146117244
mask_oedema__t2__follow_up_4__original_glcm_Imc1,-0.2588427817311423
mask_oedema__t2__follow_up_4__original_glcm_Imc2,0.9543364751998538
mask_oedema__t2__follow_up_4__original_glcm_InverseVariance,0.2691253072752197
mask_oedema__t2__follow_up_4__original_glcm_JointAverage,25.75277551478584
mask_oedema__t2__follow_up_4__original_glcm_JointEnergy,0.0039140228049936
mask_oedema__t2__follow_up_4__original_glcm_JointEntropy,8.52570174321692
mask_oedema__t2__follow_up_4__original_glcm_MCC,0.8223503908836272
mask_oedema__t2__follow_up_4__original_glcm_MaximumProbability,0.0136682864908124
mask_oedema__t2__follow_up_4__original_glcm_SumAverage,51.50555102957167
mask_oedema__t2__follow_up_4__original_glcm_SumEntropy,5.782716667904964
mask_oedema__t2__follow_up_4__original_glcm_SumSquares,66.11092876285196
mask_oedema__t2__follow_up_4__original_glrlm_GrayLevelNonUniformity,34.51463716613744
mask_oedema__t2__follow_up_4__original_glrlm_GrayLevelNonUniformityNormalized,0.0351639039514773
mask_oedema__t2__follow_up_4__original_glrlm_GrayLevelVariance,73.85341831615789
mask_oedema__t2__follow_up_4__original_glrlm_HighGrayLevelRunEmphasis,688.2115564211049
mask_oedema__t2__follow_up_4__original_glrlm_LongRunEmphasis,1.276345614743383
mask_oedema__t2__follow_up_4__original_glrlm_LongRunHighGrayLevelEmphasis,919.407002275916
mask_oedema__t2__follow_up_4__original_glrlm_LongRunLowGrayLevelEmphasis,0.0050494604850799
mask_oedema__t2__follow_up_4__original_glrlm_LowGrayLevelRunEmphasis,0.0044478124803567
mask_oedema__t2__follow_up_4__original_glrlm_RunEntropy,5.371122559630247
mask_oedema__t2__follow_up_4__original_glrlm_RunLengthNonUniformity,849.878245831675
mask_oedema__t2__follow_up_4__original_glrlm_RunLengthNonUniformityNormalized,0.8650912048027336
mask_oedema__t2__follow_up_4__original_glrlm_RunPercentage,0.9240185426626104
mask_oedema__t2__follow_up_4__original_glrlm_RunVariance,0.1021163501885776
mask_oedema__t2__follow_up_4__original_glrlm_ShortRunEmphasis,0.94438276813796
mask_oedema__t2__follow_up_4__original_glrlm_ShortRunHighGrayLevelEmphasis,641.9863660749033
mask_oedema__t2__follow_up_4__original_glrlm_ShortRunLowGrayLevelEmphasis,0.0043210892132453
mask_oedema__t2__follow_up_4__original_glszm_GrayLevelNonUniformity,13.300970873786408
mask_oedema__t2__follow_up_4__original_glszm_GrayLevelNonUniformityNormalized,0.032283909887831
mask_oedema__t2__follow_up_4__original_glszm_GrayLevelVariance,81.11275214440569
mask_oedema__t2__follow_up_4__original_glszm_HighGrayLevelZoneEmphasis,585.7257281553398
mask_oedema__t2__follow_up_4__original_glszm_LargeAreaEmphasis,25.70873786407767
mask_oedema__t2__follow_up_4__original_glszm_LargeAreaHighGrayLevelEmphasis,22638.44174757281
mask_oedema__t2__follow_up_4__original_glszm_LargeAreaLowGrayLevelEmphasis,0.0465828866457191
mask_oedema__t2__follow_up_4__original_glszm_LowGrayLevelZoneEmphasis,0.0067842226273646
mask_oedema__t2__follow_up_4__original_glszm_SizeZoneNonUniformity,166.9757281553398
mask_oedema__t2__follow_up_4__original_glszm_SizeZoneNonUniformityNormalized,0.4052808935809218
mask_oedema__t2__follow_up_4__original_glszm_SmallAreaEmphasis,0.6614538206056904
mask_oedema__t2__follow_up_4__original_glszm_SmallAreaHighGrayLevelEmphasis,375.27029588137145
mask_oedema__t2__follow_up_4__original_glszm_SmallAreaLowGrayLevelEmphasis,0.005239559931471
mask_oedema__t2__follow_up_4__original_glszm_ZoneEntropy,6.528573767088107
mask_oedema__t2__follow_up_4__original_glszm_ZonePercentage,0.3879472693032015
mask_oedema__t2__follow_up_4__original_glszm_ZoneVariance,19.064355735696104
mask_oedema__t2__follow_up_4__original_gldm_DependenceEntropy,7.213765778301261
mask_oedema__t2__follow_up_4__original_gldm_DependenceNonUniformity,203.41431261770245
mask_oedema__t2__follow_up_4__original_gldm_DependenceNonUniformityNormalized,0.1915389007699646
mask_oedema__t2__follow_up_4__original_gldm_DependenceVariance,3.967385560414383
mask_oedema__t2__follow_up_4__original_gldm_GrayLevelNonUniformity,38.21468926553672
mask_oedema__t2__follow_up_4__original_gldm_GrayLevelVariance,73.01991764818538
mask_oedema__t2__follow_up_4__original_gldm_HighGrayLevelEmphasis,699.4331450094162
mask_oedema__t2__follow_up_4__original_gldm_LargeDependenceEmphasis,12.821092278719398
mask_oedema__t2__follow_up_4__original_gldm_LargeDependenceHighGrayLevelEmphasis,11304.175141242938
mask_oedema__t2__follow_up_4__original_gldm_LargeDependenceLowGrayLevelEmphasis,0.0254950122561828
mask_oedema__t2__follow_up_4__original_gldm_LowGrayLevelEmphasis,0.0042770804173764
mask_oedema__t2__follow_up_4__original_gldm_SmallDependenceEmphasis,0.3369218042279557
mask_oedema__t2__follow_up_4__original_gldm_SmallDependenceHighGrayLevelEmphasis,200.2179930117964
mask_oedema__t2__follow_up_4__original_gldm_SmallDependenceLowGrayLevelEmphasis,0.0023232254022369
mask_oedema__t2__follow_up_4__original_ngtdm_Busyness,0.0607562324163783
mask_oedema__t2__follow_up_4__original_ngtdm_Coarseness,0.0141643287698287
mask_oedema__t2__follow_up_4__original_ngtdm_Complexity,1690.2667130390594
mask_oedema__t2__follow_up_4__original_ngtdm_Contrast,0.1761759754112627
mask_oedema__t2__follow_up_4__original_ngtdm_Strength,8.880024085440368
mask_tumor__t1__follow_up_4__original_shape_Elongation,0.8061406745323264
mask_tumor__t1__follow_up_4__original_shape_Flatness,0.6919656763792617
mask_tumor__t1__follow_up_4__original_shape_LeastAxisLength,5.616604594459448
mask_tumor__t1__follow_up_4__original_shape_MajorAxisLength,8.116883230174883
mask_tumor__t1__follow_up_4__original_shape_Maximum2DDiameterColumn,8.602325267042627
mask_tumor__t1__follow_up_4__original_shape_Maximum2DDiameterRow,8.54400374531753
mask_tumor__t1__follow_up_4__original_shape_Maximum2DDiameterSlice,8.06225774829855
mask_tumor__t1__follow_up_4__original_shape_Maximum3DDiameter,9.486832980505138
mask_tumor__t1__follow_up_4__original_shape_MeshVolume,194.04166666666663
mask_tumor__t1__follow_up_4__original_shape_MinorAxisLength,6.543349722273307
mask_tumor__t1__follow_up_4__original_shape_Sphericity,0.8188758934564606
mask_tumor__t1__follow_up_4__original_shape_SurfaceArea,197.93808716504657
mask_tumor__t1__follow_up_4__original_shape_SurfaceVolumeRatio,1.020080328958797
mask_tumor__t1__follow_up_4__original_shape_VoxelVolume,202.0
mask_tumor__t1__follow_up_4__original_firstorder_10Percentile,731.3979215025691
mask_tumor__t1__follow_up_4__original_firstorder_90Percentile,877.0484216420338
mask_tumor__t1__follow_up_4__original_firstorder_Energy,130732577.91524848
mask_tumor__t1__follow_up_4__original_firstorder_Entropy,5.243673124984637
mask_tumor__t1__follow_up_4__original_firstorder_InterquartileRange,88.99159901897781
mask_tumor__t1__follow_up_4__original_firstorder_Kurtosis,2.122664056591033
mask_tumor__t1__follow_up_4__original_firstorder_MeanAbsoluteDeviation,44.86137627215136
mask_tumor__t1__follow_up_4__original_firstorder_Mean,802.7049153215318
mask_tumor__t1__follow_up_4__original_firstorder_Median,804.0446227666425
mask_tumor__t1__follow_up_4__original_firstorder_Range,211.47760820517735
mask_tumor__t1__follow_up_4__original_firstorder_RobustMeanAbsoluteDeviation,33.60516852093586
mask_tumor__t1__follow_up_4__original_firstorder_RootMeanSquared,804.4818082333856
mask_tumor__t1__follow_up_4__original_firstorder_Skewness,-0.1452757033870982
mask_tumor__t1__follow_up_4__original_firstorder_TotalEnergy,130732577.91524848
mask_tumor__t1__follow_up_4__original_firstorder_Uniformity,0.028477600235271
mask_tumor__t1__follow_up_4__original_firstorder_Variance,2855.7986971102896
mask_tumor__t1__follow_up_4__original_glcm_Autocorrelation,549.6443239022365
mask_tumor__t1__follow_up_4__original_glcm_ClusterProminence,234672.79711174397
mask_tumor__t1__follow_up_4__original_glcm_ClusterShade,485.2956076889556
mask_tumor__t1__follow_up_4__original_glcm_ClusterTendency,320.4382835131145
mask_tumor__t1__follow_up_4__original_glcm_Contrast,138.3534622428933
mask_tumor__t1__follow_up_4__original_glcm_Correlation,0.3984639882938686
mask_tumor__t1__follow_up_4__original_glcm_DifferenceAverage,9.5122770471182
mask_tumor__t1__follow_up_4__original_glcm_DifferenceEntropy,4.327546987565794
mask_tumor__t1__follow_up_4__original_glcm_DifferenceVariance,40.77130302570216
mask_tumor__t1__follow_up_4__original_glcm_Id,0.1813867354064538
mask_tumor__t1__follow_up_4__original_glcm_Idm,0.1002541188585729
mask_tumor__t1__follow_up_4__original_glcm_Idmn,0.9392491950814758
mask_tumor__t1__follow_up_4__original_glcm_Idn,0.8352105861557
mask_tumor__t1__follow_up_4__original_glcm_Imc1,-0.5021098720928528
mask_tumor__t1__follow_up_4__original_glcm_Imc2,0.997281826022123
mask_tumor__t1__follow_up_4__original_glcm_InverseVariance,0.1043226008869117
mask_tumor__t1__follow_up_4__original_glcm_JointAverage,22.44686867618717
mask_tumor__t1__follow_up_4__original_glcm_JointEnergy,0.004680423701366
mask_tumor__t1__follow_up_4__original_glcm_JointEntropy,7.832014734526433
mask_tumor__t1__follow_up_4__original_glcm_MCC,0.7550992791663826
mask_tumor__t1__follow_up_4__original_glcm_MaximumProbability,0.0105898893109583
mask_tumor__t1__follow_up_4__original_glcm_SumAverage,44.89373735237435
mask_tumor__t1__follow_up_4__original_glcm_SumEntropy,5.657224361075439
mask_tumor__t1__follow_up_4__original_glcm_SumSquares,114.69793643900198
mask_tumor__t1__follow_up_4__original_glrlm_GrayLevelNonUniformity,5.618134598745656
mask_tumor__t1__follow_up_4__original_glrlm_GrayLevelNonUniformityNormalized,0.0285078644339532
mask_tumor__t1__follow_up_4__original_glrlm_GrayLevelVariance,112.78503901878528
mask_tumor__t1__follow_up_4__original_glrlm_HighGrayLevelRunEmphasis,741.5699380957259
mask_tumor__t1__follow_up_4__original_glrlm_LongRunEmphasis,1.0788476150772466
mask_tumor__t1__follow_up_4__original_glrlm_LongRunHighGrayLevelEmphasis,798.9817129863573
mask_tumor__t1__follow_up_4__original_glrlm_LongRunLowGrayLevelEmphasis,0.0119618509155108
mask_tumor__t1__follow_up_4__original_glrlm_LowGrayLevelRunEmphasis,0.0112657721208822
mask_tumor__t1__follow_up_4__original_glrlm_RunEntropy,5.319331601146036
mask_tumor__t1__follow_up_4__original_glrlm_RunLengthNonUniformity,188.04799968406616
mask_tumor__t1__follow_up_4__original_glrlm_RunLengthNonUniformityNormalized,0.9533814505201392
mask_tumor__t1__follow_up_4__original_glrlm_RunPercentage,0.9756283320639756
mask_tumor__t1__follow_up_4__original_glrlm_RunVariance,0.0267491544238018
mask_tumor__t1__follow_up_4__original_glrlm_ShortRunEmphasis,0.9816481690193328
mask_tumor__t1__follow_up_4__original_glrlm_ShortRunHighGrayLevelEmphasis,728.5435131995868
mask_tumor__t1__follow_up_4__original_glrlm_ShortRunLowGrayLevelEmphasis,0.0111013177415571
mask_tumor__t1__follow_up_4__original_glszm_GrayLevelNonUniformity,4.337837837837838
mask_tumor__t1__follow_up_4__original_glszm_GrayLevelNonUniformityNormalized,0.0293097151205259
mask_tumor__t1__follow_up_4__original_glszm_GrayLevelVariance,100.25725894813732
mask_tumor__t1__follow_up_4__original_glszm_HighGrayLevelZoneEmphasis,759.8445945945946
mask_tumor__t1__follow_up_4__original_glszm_LargeAreaEmphasis,2.4324324324324325
mask_tumor__t1__follow_up_4__original_glszm_LargeAreaHighGrayLevelEmphasis,1725.1891891891892
mask_tumor__t1__follow_up_4__original_glszm_LargeAreaLowGrayLevelEmphasis,0.0262803357145186
mask_tumor__t1__follow_up_4__original_glszm_LowGrayLevelZoneEmphasis,0.0119355100989573
mask_tumor__t1__follow_up_4__original_glszm_SizeZoneNonUniformity,89.0945945945946
mask_tumor__t1__follow_up_4__original_glszm_SizeZoneNonUniformityNormalized,0.6019905040175311
mask_tumor__t1__follow_up_4__original_glszm_SmallAreaEmphasis,0.8045120120120121
mask_tumor__t1__follow_up_4__original_glszm_SmallAreaHighGrayLevelEmphasis,620.9792248498499
mask_tumor__t1__follow_up_4__original_glszm_SmallAreaLowGrayLevelEmphasis,0.0104624551910155
mask_tumor__t1__follow_up_4__original_glszm_ZoneEntropy,5.752952396102041
mask_tumor__t1__follow_up_4__original_glszm_ZonePercentage,0.7326732673267327
mask_tumor__t1__follow_up_4__original_glszm_ZoneVariance,0.5695763330898467
mask_tumor__t1__follow_up_4__original_gldm_DependenceEntropy,6.0339962921430566
mask_tumor__t1__follow_up_4__original_gldm_DependenceNonUniformity,82.72277227722772
mask_tumor__t1__follow_up_4__original_gldm_DependenceNonUniformityNormalized,0.4095186746397412
mask_tumor__t1__follow_up_4__original_gldm_DependenceVariance,0.6974806391530242
mask_tumor__t1__follow_up_4__original_gldm_GrayLevelNonUniformity,5.752475247524752
mask_tumor__t1__follow_up_4__original_gldm_GrayLevelVariance,114.05783746691502
mask_tumor__t1__follow_up_4__original_gldm_HighGrayLevelEmphasis,741.039603960396
mask_tumor__t1__follow_up_4__original_gldm_LargeDependenceEmphasis,3.366336633663366
mask_tumor__t1__follow_up_4__original_gldm_LargeDependenceHighGrayLevelEmphasis,2451.0495049504952
mask_tumor__t1__follow_up_4__original_gldm_LargeDependenceLowGrayLevelEmphasis,0.0330985805003703
mask_tumor__t1__follow_up_4__original_gldm_LowGrayLevelEmphasis,0.0112066647264562
mask_tumor__t1__follow_up_4__original_gldm_SmallDependenceEmphasis,0.6434185918591858
mask_tumor__t1__follow_up_4__original_gldm_SmallDependenceHighGrayLevelEmphasis,490.4974642464246
mask_tumor__t1__follow_up_4__original_gldm_SmallDependenceLowGrayLevelEmphasis,0.008194722009704
mask_tumor__t1__follow_up_4__original_ngtdm_Busyness,0.0395265908409209
mask_tumor__t1__follow_up_4__original_ngtdm_Coarseness,0.0318267428026607
mask_tumor__t1__follow_up_4__original_ngtdm_Complexity,3947.171101765183
mask_tumor__t1__follow_up_4__original_ngtdm_Contrast,0.7732971350781263
mask_tumor__t1__follow_up_4__original_ngtdm_Strength,19.274669733406867
mask_all__t1__follow_up_4__original_shape_Elongation,0.731857531996813
mask_all__t1__follow_up_4__original_shape_Flatness,0.4512679518439484
mask_all__t1__follow_up_4__original_shape_LeastAxisLength,8.70760047609405
mask_all__t1__follow_up_4__original_shape_MajorAxisLength,19.295853916754975
mask_all__t1__follow_up_4__original_shape_Maximum2DDiameterColumn,17.26267650163207
mask_all__t1__follow_up_4__original_shape_Maximum2DDiameterRow,20.8806130178211
mask_all__t1__follow_up_4__original_shape_Maximum2DDiameterSlice,22.13594362117865
mask_all__t1__follow_up_4__original_shape_Maximum3DDiameter,23.17326045251293
mask_all__t1__follow_up_4__original_shape_MeshVolume,1244.0
mask_all__t1__follow_up_4__original_shape_MinorAxisLength,14.12181602528734
mask_all__t1__follow_up_4__original_shape_Sphericity,0.6604820360129328
mask_all__t1__follow_up_4__original_shape_SurfaceArea,846.9089088600914
mask_all__t1__follow_up_4__original_shape_SurfaceVolumeRatio,0.6807949428135783
mask_all__t1__follow_up_4__original_shape_VoxelVolume,1264.0
mask_all__t1__follow_up_4__original_firstorder_10Percentile,813.8101243973578
mask_all__t1__follow_up_4__original_firstorder_90Percentile,962.1450974616502
mask_all__t1__follow_up_4__original_firstorder_Energy,1017775569.8096764
mask_all__t1__follow_up_4__original_firstorder_Entropy,5.471667118558433
mask_all__t1__follow_up_4__original_firstorder_InterquartileRange,71.33877094123352
mask_all__t1__follow_up_4__original_firstorder_Kurtosis,3.914043710375566
mask_all__t1__follow_up_4__original_firstorder_MeanAbsoluteDeviation,46.23357283234192
mask_all__t1__follow_up_4__original_firstorder_Mean,895.326334932535
mask_all__t1__follow_up_4__original_firstorder_Median,905.7364132635043
mask_all__t1__follow_up_4__original_firstorder_Range,333.60822220541934
mask_all__t1__follow_up_4__original_firstorder_RobustMeanAbsoluteDeviation,30.33188492547588
mask_all__t1__follow_up_4__original_firstorder_RootMeanSquared,897.3305919810846
mask_all__t1__follow_up_4__original_firstorder_Skewness,-0.9327345605069122
mask_all__t1__follow_up_4__original_firstorder_TotalEnergy,1017775569.8096764
mask_all__t1__follow_up_4__original_firstorder_Uniformity,0.0275509233295946
mask_all__t1__follow_up_4__original_firstorder_Variance,3592.9452813981256
mask_all__t1__follow_up_4__original_glcm_Autocorrelation,2009.7081234202792
mask_all__t1__follow_up_4__original_glcm_ClusterProminence,1108001.0610255643
mask_all__t1__follow_up_4__original_glcm_ClusterShade,-12518.85804148389
mask_all__t1__follow_up_4__original_glcm_ClusterTendency,536.1059425774109
mask_all__t1__follow_up_4__original_glcm_Contrast,58.043206011283424
mask_all__t1__follow_up_4__original_glcm_Correlation,0.8047120508139335
mask_all__t1__follow_up_4__original_glcm_DifferenceAverage,5.622007159538476
mask_all__t1__follow_up_4__original_glcm_DifferenceEntropy,3.904505936280197
mask_all__t1__follow_up_4__original_glcm_DifferenceVariance,25.02374146552792
mask_all__t1__follow_up_4__original_glcm_Id,0.2718849690035859
mask_all__t1__follow_up_4__original_glcm_Idm,0.1817040641573539
mask_all__t1__follow_up_4__original_glcm_Idmn,0.9881207536957928
mask_all__t1__follow_up_4__original_glcm_Idn,0.9277231280048106
mask_all__t1__follow_up_4__original_glcm_Imc1,-0.2840909784152344
mask_all__t1__follow_up_4__original_glcm_Imc2,0.9756641017673068
mask_all__t1__follow_up_4__original_glcm_InverseVariance,0.190560480100477
mask_all__t1__follow_up_4__original_glcm_JointAverage,43.47584169124583
mask_all__t1__follow_up_4__original_glcm_JointEnergy,0.0020056363562839
mask_all__t1__follow_up_4__original_glcm_JointEntropy,9.373298387789996
mask_all__t1__follow_up_4__original_glcm_MCC,0.8382121381572385
mask_all__t1__follow_up_4__original_glcm_MaximumProbability,0.0080609581072816
mask_all__t1__follow_up_4__original_glcm_SumAverage,86.9516833824917
mask_all__t1__follow_up_4__original_glcm_SumEntropy,6.310685635598871
mask_all__t1__follow_up_4__original_glcm_SumSquares,148.53728714717346
mask_all__t1__follow_up_4__original_glrlm_GrayLevelNonUniformity,32.54934371446265
mask_all__t1__follow_up_4__original_glrlm_GrayLevelNonUniformityNormalized,0.0271599171538403
mask_all__t1__follow_up_4__original_glrlm_GrayLevelVariance,146.081079970768
mask_all__t1__follow_up_4__original_glrlm_HighGrayLevelRunEmphasis,2036.1706642930665
mask_all__t1__follow_up_4__original_glrlm_LongRunEmphasis,1.1751881233637549
mask_all__t1__follow_up_4__original_glrlm_LongRunHighGrayLevelEmphasis,2408.1850020254487
mask_all__t1__follow_up_4__original_glrlm_LongRunLowGrayLevelEmphasis,0.0026117304600862
mask_all__t1__follow_up_4__original_glrlm_LowGrayLevelRunEmphasis,0.0024162320534004
mask_all__t1__follow_up_4__original_glrlm_RunEntropy,5.7472838510312165
mask_all__t1__follow_up_4__original_glrlm_RunLengthNonUniformity,1083.086474777886
mask_all__t1__follow_up_4__original_glrlm_RunLengthNonUniformityNormalized,0.9032185992356196
mask_all__t1__follow_up_4__original_glrlm_RunPercentage,0.948089094449854
mask_all__t1__follow_up_4__original_glrlm_RunVariance,0.0614788705973359
mask_all__t1__follow_up_4__original_glrlm_ShortRunEmphasis,0.9611786073980192
mask_all__t1__follow_up_4__original_glrlm_ShortRunHighGrayLevelEmphasis,1953.8861987657608
mask_all__t1__follow_up_4__original_glrlm_ShortRunLowGrayLevelEmphasis,0.0023714294900154
mask_all__t1__follow_up_4__original_glszm_GrayLevelNonUniformity,14.32484076433121
mask_all__t1__follow_up_4__original_glszm_GrayLevelNonUniformityNormalized,0.0228102559941579
mask_all__t1__follow_up_4__original_glszm_GrayLevelVariance,176.6708690007708
mask_all__t1__follow_up_4__original_glszm_HighGrayLevelZoneEmphasis,1955.9522292993631
mask_all__t1__follow_up_4__original_glszm_LargeAreaEmphasis,8.52547770700637
mask_all__t1__follow_up_4__original_glszm_LargeAreaHighGrayLevelEmphasis,18586.214968152864
mask_all__t1__follow_up_4__original_glszm_LargeAreaLowGrayLevelEmphasis,0.0103279437643751
mask_all__t1__follow_up_4__original_glszm_LowGrayLevelZoneEmphasis,0.0034749743944558
mask_all__t1__follow_up_4__original_glszm_SizeZoneNonUniformity,267.4012738853503
mask_all__t1__follow_up_4__original_glszm_SizeZoneNonUniformityNormalized,0.4257982068238062
mask_all__t1__follow_up_4__original_glszm_SmallAreaEmphasis,0.6782835070180145
mask_all__t1__follow_up_4__original_glszm_SmallAreaHighGrayLevelEmphasis,1296.1217508461746
mask_all__t1__follow_up_4__original_glszm_SmallAreaLowGrayLevelEmphasis,0.0029883630664581
mask_all__t1__follow_up_4__original_glszm_ZoneEntropy,7.102175486077147
mask_all__t1__follow_up_4__original_glszm_ZonePercentage,0.4968354430379746
mask_all__t1__follow_up_4__original_glszm_ZoneVariance,4.474360014605054
mask_all__t1__follow_up_4__original_gldm_DependenceEntropy,7.356330298809169
mask_all__t1__follow_up_4__original_gldm_DependenceNonUniformity,311.2262658227848
mask_all__t1__follow_up_4__original_gldm_DependenceNonUniformityNormalized,0.2462233115686588
mask_all__t1__follow_up_4__original_gldm_DependenceVariance,1.6403796466912357
mask_all__t1__follow_up_4__original_gldm_GrayLevelNonUniformity,34.824367088607595
mask_all__t1__follow_up_4__original_gldm_GrayLevelVariance,143.82788653160554
mask_all__t1__follow_up_4__original_gldm_HighGrayLevelEmphasis,2040.692246835443
mask_all__t1__follow_up_4__original_gldm_LargeDependenceEmphasis,7.161392405063292
mask_all__t1__follow_up_4__original_gldm_LargeDependenceHighGrayLevelEmphasis,15170.37262658228
mask_all__t1__follow_up_4__original_gldm_LargeDependenceLowGrayLevelEmphasis,0.00876637699011
mask_all__t1__follow_up_4__original_gldm_LowGrayLevelEmphasis,0.0023492794674973
mask_all__t1__follow_up_4__original_gldm_SmallDependenceEmphasis,0.4176186305218289
mask_all__t1__follow_up_4__original_gldm_SmallDependenceHighGrayLevelEmphasis,813.590914613472
mask_all__t1__follow_up_4__original_gldm_SmallDependenceLowGrayLevelEmphasis,0.0016051903103477
mask_all__t1__follow_up_4__original_ngtdm_Busyness,0.0263133865321767
mask_all__t1__follow_up_4__original_ngtdm_Coarseness,0.0114006225454554
mask_all__t1__follow_up_4__original_ngtdm_Complexity,5677.661638380648
mask_all__t1__follow_up_4__original_ngtdm_Contrast,0.2014286766007017
mask_all__t1__follow_up_4__original_ngtdm_Strength,20.437883267112355
mask_oedema__t1__follow_up_4__original_shape_Elongation,0.7221548415844259
mask_oedema__t1__follow_up_4__original_shape_Flatness,0.4235498381533844
mask_oedema__t1__follow_up_4__original_shape_LeastAxisLength,8.30413690474466
mask_oedema__t1__follow_up_4__original_shape_MajorAxisLength,19.60604433459233
mask_oedema__t1__follow_up_4__original_shape_Maximum2DDiameterColumn,17.26267650163207
mask_oedema__t1__follow_up_4__original_shape_Maximum2DDiameterRow,20.8806130178211
mask_oedema__t1__follow_up_4__original_shape_Maximum2DDiameterSlice,22.13594362117865
mask_oedema__t1__follow_up_4__original_shape_Maximum3DDiameter,23.17326045251293
mask_oedema__t1__follow_up_4__original_shape_MeshVolume,1040.75
mask_oedema__t1__follow_up_4__original_shape_MinorAxisLength,14.15859984054475
mask_oedema__t1__follow_up_4__original_shape_Sphericity,0.6295160526774957
mask_oedema__t1__follow_up_4__original_shape_SurfaceArea,788.9356752811218
mask_oedema__t1__follow_up_4__original_shape_SurfaceVolumeRatio,0.7580453281586566
mask_oedema__t1__follow_up_4__original_shape_VoxelVolume,1062.0
mask_oedema__t1__follow_up_4__original_firstorder_10Percentile,856.0293739487709
mask_oedema__t1__follow_up_4__original_firstorder_90Percentile,966.5014028120922
mask_oedema__t1__follow_up_4__original_firstorder_Energy,887042991.8944278
mask_oedema__t1__follow_up_4__original_firstorder_Entropy,5.058378781813037
mask_oedema__t1__follow_up_4__original_firstorder_InterquartileRange,57.08955664787209
mask_oedema__t1__follow_up_4__original_firstorder_Kurtosis,3.807576937581893
mask_oedema__t1__follow_up_4__original_firstorder_MeanAbsoluteDeviation,33.526624633851746
mask_oedema__t1__follow_up_4__original_firstorder_Mean,912.9435917700326
mask_oedema__t1__follow_up_4__original_firstorder_Median,916.7681157634532
mask_oedema__t1__follow_up_4__original_firstorder_Range,325.397820095464
mask_oedema__t1__follow_up_4__original_firstorder_RobustMeanAbsoluteDeviation,23.39597182461336
mask_oedema__t1__follow_up_4__original_firstorder_RootMeanSquared,913.9239872738472
mask_oedema__t1__follow_up_4__original_firstorder_Skewness,-0.4344487976352314
mask_oedema__t1__follow_up_4__original_firstorder_TotalEnergy,887042991.8944278
mask_oedema__t1__follow_up_4__original_firstorder_Uniformity,0.0348842570426406
mask_oedema__t1__follow_up_4__original_firstorder_Variance,1791.0527605592445
mask_oedema__t1__follow_up_4__original_glcm_Autocorrelation,2107.2728276946714
mask_oedema__t1__follow_up_4__original_glcm_ClusterProminence,144341.7216446991
mask_oedema__t1__follow_up_4__original_glcm_ClusterShade,-1019.036237166228
mask_oedema__t1__follow_up_4__original_glcm_ClusterTendency,222.20954791658792
mask_oedema__t1__follow_up_4__original_glcm_Contrast,41.78304574075576
mask_oedema__t1__follow_up_4__original_glcm_Correlation,0.6825046981954522
mask_oedema__t1__follow_up_4__original_glcm_DifferenceAverage,4.795029958719389
mask_oedema__t1__follow_up_4__original_glcm_DifferenceEntropy,3.6779718437974216
mask_oedema__t1__follow_up_4__original_glcm_DifferenceVariance,17.9208684691741
mask_oedema__t1__follow_up_4__original_glcm_Id,0.292842415813434
mask_oedema__t1__follow_up_4__original_glcm_Idm,0.2010255398497089
mask_oedema__t1__follow_up_4__original_glcm_Idmn,0.990853747116583
mask_oedema__t1__follow_up_4__original_glcm_Idn,0.9354385641946192
mask_oedema__t1__follow_up_4__original_glcm_Imc1,-0.2219831841704594
mask_oedema__t1__follow_up_4__original_glcm_Imc2,0.9399950423529332
mask_oedema__t1__follow_up_4__original_glcm_InverseVariance,0.2112785247066607
mask_oedema__t1__follow_up_4__original_glcm_JointAverage,45.41074205583883
mask_oedema__t1__follow_up_4__original_glcm_JointEnergy,0.0026950069033849
mask_oedema__t1__follow_up_4__original_glcm_JointEntropy,8.901060841410253
mask_oedema__t1__follow_up_4__original_glcm_MCC,0.7598668321432829
mask_oedema__t1__follow_up_4__original_glcm_MaximumProbability,0.0099015757115871
mask_oedema__t1__follow_up_4__original_glcm_SumAverage,90.82148411167768
mask_oedema__t1__follow_up_4__original_glcm_SumEntropy,5.836552076578557
mask_oedema__t1__follow_up_4__original_glcm_SumSquares,65.99814841433597
mask_oedema__t1__follow_up_4__original_glrlm_GrayLevelNonUniformity,34.63468349465705
mask_oedema__t1__follow_up_4__original_glrlm_GrayLevelNonUniformityNormalized,0.0345461102978488
mask_oedema__t1__follow_up_4__original_glrlm_GrayLevelVariance,72.95278564646443
mask_oedema__t1__follow_up_4__original_glrlm_HighGrayLevelRunEmphasis,2105.579542135471
mask_oedema__t1__follow_up_4__original_glrlm_LongRunEmphasis,1.1888919883351254
mask_oedema__t1__follow_up_4__original_glrlm_LongRunHighGrayLevelEmphasis,2497.02354797758
mask_oedema__t1__follow_up_4__original_glrlm_LongRunLowGrayLevelEmphasis,0.0019036037363206
mask_oedema__t1__follow_up_4__original_glrlm_LowGrayLevelRunEmphasis,0.001800765496546
mask_oedema__t1__follow_up_4__original_glrlm_RunEntropy,5.353010489021035
mask_oedema__t1__follow_up_4__original_glrlm_RunLengthNonUniformity,898.4645640366543
mask_oedema__t1__follow_up_4__original_glrlm_RunLengthNonUniformityNormalized,0.8955889801652754
mask_oedema__t1__follow_up_4__original_glrlm_RunPercentage,0.9440098507895116
mask_oedema__t1__follow_up_4__original_glrlm_RunVariance,0.0655045283465673
mask_oedema__t1__follow_up_4__original_glrlm_ShortRunEmphasis,0.9579253510291732
mask_oedema__t1__follow_up_4__original_glrlm_ShortRunHighGrayLevelEmphasis,2018.570859652232
mask_oedema__t1__follow_up_4__original_glrlm_ShortRunLowGrayLevelEmphasis,0.001777746629241
mask_oedema__t1__follow_up_4__original_glszm_GrayLevelNonUniformity,14.987780040733195
mask_oedema__t1__follow_up_4__original_glszm_GrayLevelNonUniformityNormalized,0.030525010266259
mask_oedema__t1__follow_up_4__original_glszm_GrayLevelVariance,91.99940269038208
mask_oedema__t1__follow_up_4__original_glszm_HighGrayLevelZoneEmphasis,2119.1995926680243
mask_oedema__t1__follow_up_4__original_glszm_LargeAreaEmphasis,10.0
mask_oedema__t1__follow_up_4__original_glszm_LargeAreaHighGrayLevelEmphasis,21141.048879837068
mask_oedema__t1__follow_up_4__original_glszm_LargeAreaLowGrayLevelEmphasis,0.0078199697314757
mask_oedema__t1__follow_up_4__original_glszm_LowGrayLevelZoneEmphasis,0.0031141360404804
mask_oedema__t1__follow_up_4__original_glszm_SizeZoneNonUniformity,193.18737270875764
mask_oedema__t1__follow_up_4__original_glszm_SizeZoneNonUniformityNormalized,0.3934569708936001
mask_oedema__t1__follow_up_4__original_glszm_SmallAreaEmphasis,0.6513633787179695
mask_oedema__t1__follow_up_4__original_glszm_SmallAreaHighGrayLevelEmphasis,1386.0519288971473
mask_oedema__t1__follow_up_4__original_glszm_SmallAreaLowGrayLevelEmphasis,0.0029213750392145
mask_oedema__t1__follow_up_4__original_glszm_ZoneEntropy,6.798698526202136
mask_oedema__t1__follow_up_4__original_glszm_ZonePercentage,0.4623352165725047
mask_oedema__t1__follow_up_4__original_glszm_ZoneVariance,5.32172174497368
mask_oedema__t1__follow_up_4__original_gldm_DependenceEntropy,7.055950068004199
mask_oedema__t1__follow_up_4__original_gldm_DependenceNonUniformity,249.38418079096044
mask_oedema__t1__follow_up_4__original_gldm_DependenceNonUniformityNormalized,0.2348250289933714
mask_oedema__t1__follow_up_4__original_gldm_DependenceVariance,1.7056685144399402
mask_oedema__t1__follow_up_4__original_gldm_GrayLevelNonUniformity,37.04708097928437
mask_oedema__t1__follow_up_4__original_gldm_GrayLevelVariance,71.89747961597527
mask_oedema__t1__follow_up_4__original_gldm_HighGrayLevelEmphasis,2103.5979284369114
mask_oedema__t1__follow_up_4__original_gldm_LargeDependenceEmphasis,7.736346516007533
mask_oedema__t1__follow_up_4__original_gldm_LargeDependenceHighGrayLevelEmphasis,15959.26836158192
mask_oedema__t1__follow_up_4__original_gldm_LargeDependenceLowGrayLevelEmphasis,0.0054238562940157
mask_oedema__t1__follow_up_4__original_gldm_LowGrayLevelEmphasis,0.0017300482420223
mask_oedema__t1__follow_up_4__original_gldm_SmallDependenceEmphasis,0.3855212430232607
mask_oedema__t1__follow_up_4__original_gldm_SmallDependenceHighGrayLevelEmphasis,818.7648750699275
mask_oedema__t1__follow_up_4__original_gldm_SmallDependenceLowGrayLevelEmphasis,0.001396123621663
mask_oedema__t1__follow_up_4__original_ngtdm_Busyness,0.038731918797934
mask_oedema__t1__follow_up_4__original_ngtdm_Coarseness,0.0113310440934586
mask_oedema__t1__follow_up_4__original_ngtdm_Complexity,3062.8247170529885
mask_oedema__t1__follow_up_4__original_ngtdm_Contrast,0.168061389964594
mask_oedema__t1__follow_up_4__original_ngtdm_Strength,11.261823542809951
mask_necrosis__fla__follow_up_2__original_shape_Elongation,0.611012947074524
mask_necrosis__fla__follow_up_2__original_shape_Flatness,0.558553300048374
mask_necrosis__fla__follow_up_2__original_shape_LeastAxisLength,3.64607969070456
mask_necrosis__fla__follow_up_2__original_shape_MajorAxisLength,6.5277202558624
mask_necrosis__fla__follow_up_2__original_shape_Maximum2DDiameterColumn,6.324555320336759
mask_necrosis__fla__follow_up_2__original_shape_Maximum2DDiameterRow,6.708203932499369
mask_necrosis__fla__follow_up_2__original_shape_Maximum2DDiameterSlice,5.385164807134504
mask_necrosis__fla__follow_up_2__original_shape_Maximum3DDiameter,7.0
mask_necrosis__fla__follow_up_2__original_shape_MeshVolume,53.25
mask_necrosis__fla__follow_up_2__original_shape_MinorAxisLength,3.988521591212552
mask_necrosis__fla__follow_up_2__original_shape_Sphericity,0.7691656021943208
mask_necrosis__fla__follow_up_2__original_shape_SurfaceArea,88.99057480277139
mask_necrosis__fla__follow_up_2__original_shape_SurfaceVolumeRatio,1.6711845033384298
mask_necrosis__fla__follow_up_2__original_shape_VoxelVolume,60.0
mask_necrosis__fla__follow_up_2__original_firstorder_10Percentile,552.7538658038353
mask_necrosis__fla__follow_up_2__original_firstorder_90Percentile,893.8245630671588
mask_necrosis__fla__follow_up_2__original_firstorder_Energy,34450422.19915951
mask_necrosis__fla__follow_up_2__original_firstorder_Entropy,5.281727678869723
mask_necrosis__fla__follow_up_2__original_firstorder_InterquartileRange,199.02939014762512
mask_necrosis__fla__follow_up_2__original_firstorder_Kurtosis,2.277582039110194
mask_necrosis__fla__follow_up_2__original_firstorder_MeanAbsoluteDeviation,109.87153899391896
mask_necrosis__fla__follow_up_2__original_firstorder_Mean,746.5980637384777
mask_necrosis__fla__follow_up_2__original_firstorder_Median,763.5852510515838
mask_necrosis__fla__follow_up_2__original_firstorder_Range,445.7989392284097
mask_necrosis__fla__follow_up_2__original_firstorder_RobustMeanAbsoluteDeviation,84.83388356640232
mask_necrosis__fla__follow_up_2__original_firstorder_RootMeanSquared,757.7425046276111
mask_necrosis__fla__follow_up_2__original_firstorder_Skewness,-0.5634345715006319
mask_necrosis__fla__follow_up_2__original_firstorder_TotalEnergy,34450422.19915951
mask_necrosis__fla__follow_up_2__original_firstorder_Uniformity,0.0277777777777777
mask_necrosis__fla__follow_up_2__original_firstorder_Variance,16765.0345412812
mask_necrosis__fla__follow_up_2__original_glcm_Autocorrelation,3209.7938960416627
mask_necrosis__fla__follow_up_2__original_glcm_ClusterProminence,7935590.425421026
mask_necrosis__fla__follow_up_2__original_glcm_ClusterShade,-33664.399477514206
mask_necrosis__fla__follow_up_2__original_glcm_ClusterTendency,1885.568040371259
mask_necrosis__fla__follow_up_2__original_glcm_Contrast,680.5544770695791
mask_necrosis__fla__follow_up_2__original_glcm_Correlation,0.4694531728258136
mask_necrosis__fla__follow_up_2__original_glcm_DifferenceAverage,21.05126519671267
mask_necrosis__fla__follow_up_2__original_glcm_DifferenceEntropy,4.328445885074473
mask_necrosis__fla__follow_up_2__original_glcm_DifferenceVariance,195.3653625075084
mask_necrosis__fla__follow_up_2__original_glcm_Id,0.1123000235773117
mask_necrosis__fla__follow_up_2__original_glcm_Idm,0.0554603981260964
mask_necrosis__fla__follow_up_2__original_glcm_Idmn,0.9296592605926576
mask_necrosis__fla__follow_up_2__original_glcm_Idn,0.8254373792800765
mask_necrosis__fla__follow_up_2__original_glcm_Imc1,-0.8428985861261573
mask_necrosis__fla__follow_up_2__original_glcm_Imc2,0.99989777841946
mask_necrosis__fla__follow_up_2__original_glcm_InverseVariance,0.0615405748797946
mask_necrosis__fla__follow_up_2__original_glcm_JointAverage,53.89675056109362
mask_necrosis__fla__follow_up_2__original_glcm_JointEnergy,0.0174208496998222
mask_necrosis__fla__follow_up_2__original_glcm_JointEntropy,5.879512469991379
mask_necrosis__fla__follow_up_2__original_glcm_MCC,0.9999999999998844
mask_necrosis__fla__follow_up_2__original_glcm_MaximumProbability,0.0280365232511755
mask_necrosis__fla__follow_up_2__original_glcm_SumAverage,107.79350112218724
mask_necrosis__fla__follow_up_2__original_glcm_SumEntropy,4.7374497285015895
mask_necrosis__fla__follow_up_2__original_glcm_SumSquares,641.5306293602096
mask_necrosis__fla__follow_up_2__original_glrlm_GrayLevelNonUniformity,1.641963448386285
mask_necrosis__fla__follow_up_2__original_glrlm_GrayLevelNonUniformityNormalized,0.0276461999016411
mask_necrosis__fla__follow_up_2__original_glrlm_GrayLevelVariance,675.3501532710519
mask_necrosis__fla__follow_up_2__original_glrlm_HighGrayLevelRunEmphasis,3891.436671698804
mask_necrosis__fla__follow_up_2__original_glrlm_LongRunEmphasis,1.031702463459823
mask_necrosis__fla__follow_up_2__original_glrlm_LongRunHighGrayLevelEmphasis,4044.353778677463
mask_necrosis__fla__follow_up_2__original_glrlm_LongRunLowGrayLevelEmphasis,0.0231459080315439
mask_necrosis__fla__follow_up_2__original_glrlm_LowGrayLevelRunEmphasis,0.0231366521914372
mask_necrosis__fla__follow_up_2__original_glrlm_RunEntropy,5.295857054826066
mask_necrosis__fla__follow_up_2__original_glrlm_RunLengthNonUniformity,58.19117546146985
mask_necrosis__fla__follow_up_2__original_glrlm_RunLengthNonUniformityNormalized,0.9795121708158128
mask_necrosis__fla__follow_up_2__original_glrlm_RunPercentage,0.9897435897435896
mask_necrosis__fla__follow_up_2__original_glrlm_RunVariance,0.0102439145920935
mask_necrosis__fla__follow_up_2__original_glrlm_ShortRunEmphasis,0.992074384135044
mask_necrosis__fla__follow_up_2__original_glrlm_ShortRunHighGrayLevelEmphasis,3853.207394954139
mask_necrosis__fla__follow_up_2__original_glrlm_ShortRunLowGrayLevelEmphasis,0.0231343382314105
mask_necrosis__fla__follow_up_2__original_glszm_GrayLevelNonUniformity,1.4150943396226414
mask_necrosis__fla__follow_up_2__original_glszm_GrayLevelNonUniformityNormalized,0.0266998932004271
mask_necrosis__fla__follow_up_2__original_glszm_GrayLevelVariance,694.5439658241366
mask_necrosis__fla__follow_up_2__original_glszm_HighGrayLevelZoneEmphasis,3725.77358490566
mask_necrosis__fla__follow_up_2__original_glszm_LargeAreaEmphasis,1.4339622641509433
mask_necrosis__fla__follow_up_2__original_glszm_LargeAreaHighGrayLevelEmphasis,5870.811320754717
mask_necrosis__fla__follow_up_2__original_glszm_LargeAreaLowGrayLevelEmphasis,0.0260102206706535
mask_necrosis__fla__follow_up_2__original_glszm_LowGrayLevelZoneEmphasis,0.0258876337029589
mask_necrosis__fla__follow_up_2__original_glszm_SizeZoneNonUniformity,42.16981132075472
mask_necrosis__fla__follow_up_2__original_glszm_SizeZoneNonUniformityNormalized,0.7956568173727305
mask_necrosis__fla__follow_up_2__original_glszm_SmallAreaEmphasis,0.9124737945492664
mask_necrosis__fla__follow_up_2__original_glszm_SmallAreaHighGrayLevelEmphasis,3230.1011530398328
mask_necrosis__fla__follow_up_2__original_glszm_SmallAreaLowGrayLevelEmphasis,0.0258678156596856
mask_necrosis__fla__follow_up_2__original_glszm_ZoneEntropy,5.350561963997147
mask_necrosis__fla__follow_up_2__original_glszm_ZonePercentage,0.8833333333333333
mask_necrosis__fla__follow_up_2__original_glszm_ZoneVariance,0.1523673905304378
mask_necrosis__fla__follow_up_2__original_gldm_DependenceEntropy,5.327642470572448
mask_necrosis__fla__follow_up_2__original_gldm_DependenceNonUniformity,38.63333333333333
mask_necrosis__fla__follow_up_2__original_gldm_DependenceNonUniformityNormalized,0.6438888888888888
mask_necrosis__fla__follow_up_2__original_gldm_DependenceVariance,0.2955555555555555
mask_necrosis__fla__follow_up_2__original_gldm_GrayLevelNonUniformity,1.6666666666666667
mask_necrosis__fla__follow_up_2__original_gldm_GrayLevelVariance,673.0497222222223
mask_necrosis__fla__follow_up_2__original_gldm_HighGrayLevelEmphasis,3901.183333333333
mask_necrosis__fla__follow_up_2__original_gldm_LargeDependenceEmphasis,1.9
mask_necrosis__fla__follow_up_2__original_gldm_LargeDependenceHighGrayLevelEmphasis,7948.883333333333
mask_necrosis__fla__follow_up_2__original_gldm_LargeDependenceLowGrayLevelEmphasis,0.0231832064452711
mask_necrosis__fla__follow_up_2__original_gldm_LowGrayLevelEmphasis,0.0228977656122613
mask_necrosis__fla__follow_up_2__original_gldm_SmallDependenceEmphasis,0.8305555555555556
mask_necrosis__fla__follow_up_2__original_gldm_SmallDependenceHighGrayLevelEmphasis,2996.8138888888884
mask_necrosis__fla__follow_up_2__original_gldm_SmallDependenceLowGrayLevelEmphasis,0.0228551014554322
mask_necrosis__fla__follow_up_2__original_ngtdm_Busyness,0.0109743324714829
mask_necrosis__fla__follow_up_2__original_ngtdm_Coarseness,0.049801451267627
mask_necrosis__fla__follow_up_2__original_ngtdm_Complexity,18041.13682046765
mask_necrosis__fla__follow_up_2__original_ngtdm_Contrast,9.526026531695187
mask_necrosis__fla__follow_up_2__original_ngtdm_Strength,160.83931753067878
mask_all__fla__follow_up_2__original_shape_Elongation,0.8032801151815605
mask_all__fla__follow_up_2__original_shape_Flatness,0.6835951445160551
mask_all__fla__follow_up_2__original_shape_LeastAxisLength,16.11975153807481
mask_all__fla__follow_up_2__original_shape_MajorAxisLength,23.580845574154328
mask_all__fla__follow_up_2__original_shape_Maximum2DDiameterColumn,23.600847442411894
mask_all__fla__follow_up_2__original_shape_Maximum2DDiameterRow,30.0
mask_all__fla__follow_up_2__original_shape_Maximum2DDiameterSlice,31.575306807693888
mask_all__fla__follow_up_2__original_shape_Maximum3DDiameter,31.63858403911275
mask_all__fla__follow_up_2__original_shape_MeshVolume,3878.7083333333335
mask_all__fla__follow_up_2__original_shape_MinorAxisLength,18.94202434888528
mask_all__fla__follow_up_2__original_shape_Sphericity,0.565518597510789
mask_all__fla__follow_up_2__original_shape_SurfaceArea,2111.034422915839
mask_all__fla__follow_up_2__original_shape_SurfaceVolumeRatio,0.5442622237856259
mask_all__fla__follow_up_2__original_shape_VoxelVolume,3911.0
mask_all__fla__follow_up_2__original_firstorder_10Percentile,737.559736676373
mask_all__fla__follow_up_2__original_firstorder_90Percentile,1024.0
mask_all__fla__follow_up_2__original_firstorder_Energy,3218268625.363284
mask_all__fla__follow_up_2__original_firstorder_Entropy,5.491775917415227
mask_all__fla__follow_up_2__original_firstorder_InterquartileRange,199.2062729328497
mask_all__fla__follow_up_2__original_firstorder_Kurtosis,2.99715212433128
mask_all__fla__follow_up_2__original_firstorder_MeanAbsoluteDeviation,95.56218531013576
mask_all__fla__follow_up_2__original_firstorder_Mean,900.0252418776062
mask_all__fla__follow_up_2__original_firstorder_Median,914.3117552255584
mask_all__fla__follow_up_2__original_firstorder_Range,669.3391055741972
mask_all__fla__follow_up_2__original_firstorder_RobustMeanAbsoluteDeviation,79.04053646951454
mask_all__fla__follow_up_2__original_firstorder_RootMeanSquared,907.1252122467752
mask_all__fla__follow_up_2__original_firstorder_Skewness,-0.7028650813777785
mask_all__fla__follow_up_2__original_firstorder_TotalEnergy,3218268625.363284
mask_all__fla__follow_up_2__original_firstorder_Uniformity,0.068407191695093
mask_all__fla__follow_up_2__original_firstorder_Variance,12830.714676913743
mask_all__fla__follow_up_2__original_glcm_Autocorrelation,13335.987884720178
mask_all__fla__follow_up_2__original_glcm_ClusterProminence,8907871.190118207
mask_all__fla__follow_up_2__original_glcm_ClusterShade,-56985.3052406502
mask_all__fla__follow_up_2__original_glcm_ClusterTendency,1593.3388781542656
mask_all__fla__follow_up_2__original_glcm_Contrast,236.6091960751148
mask_all__fla__follow_up_2__original_glcm_Correlation,0.7418979865210401
mask_all__fla__follow_up_2__original_glcm_DifferenceAverage,10.419881985984771
mask_all__fla__follow_up_2__original_glcm_DifferenceEntropy,4.662069947346669
mask_all__fla__follow_up_2__original_glcm_DifferenceVariance,122.01168034354396
mask_all__fla__follow_up_2__original_glcm_Id,0.3286392194247569
mask_all__fla__follow_up_2__original_glcm_Idm,0.2697213554571639
mask_all__fla__follow_up_2__original_glcm_Idmn,0.9877889903543864
mask_all__fla__follow_up_2__original_glcm_Idn,0.9334533123350828
mask_all__fla__follow_up_2__original_glcm_Imc1,-0.2469036447351588
mask_all__fla__follow_up_2__original_glcm_Imc2,0.9586171315712126
mask_all__fla__follow_up_2__original_glcm_InverseVariance,0.0692673705023841
mask_all__fla__follow_up_2__original_glcm_JointAverage,114.00079871415952
mask_all__fla__follow_up_2__original_glcm_JointEnergy,0.0444394185821484
mask_all__fla__follow_up_2__original_glcm_JointEntropy,9.173655573304204
mask_all__fla__follow_up_2__original_glcm_MCC,0.8537843948437568
mask_all__fla__follow_up_2__original_glcm_MaximumProbability,0.2082531098339671
mask_all__fla__follow_up_2__original_glcm_SumAverage,228.0015974283189
mask_all__fla__follow_up_2__original_glcm_SumEntropy,6.2634930176094485
mask_all__fla__follow_up_2__original_glcm_SumSquares,457.4870185573448
mask_all__fla__follow_up_2__original_glrlm_GrayLevelNonUniformity,65.59431908225534
mask_all__fla__follow_up_2__original_glrlm_GrayLevelNonUniformityNormalized,0.0205407427940587
mask_all__fla__follow_up_2__original_glrlm_GrayLevelVariance,466.1289484275573
mask_all__fla__follow_up_2__original_glrlm_HighGrayLevelRunEmphasis,11550.940832845878
mask_all__fla__follow_up_2__original_glrlm_LongRunEmphasis,2.557628969991175
mask_all__fla__follow_up_2__original_glrlm_LongRunHighGrayLevelEmphasis,39568.60779973472
mask_all__fla__follow_up_2__original_glrlm_LongRunLowGrayLevelEmphasis,0.0005178489375531
mask_all__fla__follow_up_2__original_glrlm_LowGrayLevelRunEmphasis,0.0004298429185826
mask_all__fla__follow_up_2__original_glrlm_RunEntropy,6.43550133496962
mask_all__fla__follow_up_2__original_glrlm_RunLengthNonUniformity,2671.111560625923
mask_all__fla__follow_up_2__original_glrlm_RunLengthNonUniformityNormalized,0.8397568843256287
mask_all__fla__follow_up_2__original_glrlm_RunPercentage,0.81348464882088
mask_all__fla__follow_up_2__original_glrlm_RunVariance,1.043009160804239
mask_all__fla__follow_up_2__original_glrlm_ShortRunEmphasis,0.927336538132664
mask_all__fla__follow_up_2__original_glrlm_ShortRunHighGrayLevelEmphasis,10310.202107527244
mask_all__fla__follow_up_2__original_glrlm_ShortRunLowGrayLevelEmphasis,0.0004252851573918
mask_all__fla__follow_up_2__original_glszm_GrayLevelNonUniformity,32.507502206531335
mask_all__fla__follow_up_2__original_glszm_GrayLevelNonUniformityNormalized,0.0143457644335972
mask_all__fla__follow_up_2__original_glszm_GrayLevelVariance,430.9740414150156
mask_all__fla__follow_up_2__original_glszm_HighGrayLevelZoneEmphasis,10668.466460723745
mask_all__fla__follow_up_2__original_glszm_LargeAreaEmphasis,407.2352162400706
mask_all__fla__follow_up_2__original_glszm_LargeAreaHighGrayLevelEmphasis,7406402.723742277
mask_all__fla__follow_up_2__original_glszm_LargeAreaLowGrayLevelEmphasis,0.0229114923689786
mask_all__fla__follow_up_2__original_glszm_LowGrayLevelZoneEmphasis,0.0005684922361226
mask_all__fla__follow_up_2__original_glszm_SizeZoneNonUniformity,1472.2241835834068
mask_all__fla__follow_up_2__original_glszm_SizeZoneNonUniformityNormalized,0.6497017579803208
mask_all__fla__follow_up_2__original_glszm_SmallAreaEmphasis,0.8336357137352923
mask_all__fla__follow_up_2__original_glszm_SmallAreaHighGrayLevelEmphasis,8734.188780491684
mask_all__fla__follow_up_2__original_glszm_SmallAreaLowGrayLevelEmphasis,0.0005515378987754
mask_all__fla__follow_up_2__original_glszm_ZoneEntropy,7.134753287537139
mask_all__fla__follow_up_2__original_glszm_ZonePercentage,0.5793914599846587
mask_all__fla__follow_up_2__original_glszm_ZoneVariance,404.25631695060105
mask_all__fla__follow_up_2__original_gldm_DependenceEntropy,7.415436239832988
mask_all__fla__follow_up_2__original_gldm_DependenceNonUniformity,1056.4589619023268
mask_all__fla__follow_up_2__original_gldm_DependenceNonUniformityNormalized,0.2701250222199761
mask_all__fla__follow_up_2__original_gldm_DependenceVariance,66.70322068216748
mask_all__fla__follow_up_2__original_gldm_GrayLevelNonUniformity,267.5405267195091
mask_all__fla__follow_up_2__original_gldm_GrayLevelVariance,510.1091558984909
mask_all__fla__follow_up_2__original_gldm_HighGrayLevelEmphasis,12704.231654308362
mask_all__fla__follow_up_2__original_gldm_LargeDependenceEmphasis,100.91869087189976
mask_all__fla__follow_up_2__original_gldm_LargeDependenceHighGrayLevelEmphasis,1825061.1204295575
mask_all__fla__follow_up_2__original_gldm_LargeDependenceLowGrayLevelEmphasis,0.0059012667570764
mask_all__fla__follow_up_2__original_gldm_LowGrayLevelEmphasis,0.0003603257005374
mask_all__fla__follow_up_2__original_gldm_SmallDependenceEmphasis,0.5234333706442573
mask_all__fla__follow_up_2__original_gldm_SmallDependenceHighGrayLevelEmphasis,5540.84093099304
mask_all__fla__follow_up_2__original_gldm_SmallDependenceLowGrayLevelEmphasis,0.0003235562701391
mask_all__fla__follow_up_2__original_ngtdm_Busyness,0.0632780647680414
mask_all__fla__follow_up_2__original_ngtdm_Coarseness,0.0010508679586091
mask_all__fla__follow_up_2__original_ngtdm_Complexity,37655.30621783892
mask_all__fla__follow_up_2__original_ngtdm_Contrast,0.5427146745486416
mask_all__fla__follow_up_2__original_ngtdm_Strength,23.60111044698783
mask_tumor__fla__follow_up_2__original_shape_Elongation,0.9704161571962024
mask_tumor__fla__follow_up_2__original_shape_Flatness,0.7584625837848019
mask_tumor__fla__follow_up_2__original_shape_LeastAxisLength,8.075536562242782
mask_tumor__fla__follow_up_2__original_shape_MajorAxisLength,10.64724448494884
mask_tumor__fla__follow_up_2__original_shape_Maximum2DDiameterColumn,11.6619037896906
mask_tumor__fla__follow_up_2__original_shape_Maximum2DDiameterRow,11.40175425099138
mask_tumor__fla__follow_up_2__original_shape_Maximum2DDiameterSlice,11.6619037896906
mask_tumor__fla__follow_up_2__original_shape_Maximum3DDiameter,12.68857754044952
mask_tumor__fla__follow_up_2__original_shape_MeshVolume,465.3333333333333
mask_tumor__fla__follow_up_2__original_shape_MinorAxisLength,10.33225807781252
mask_tumor__fla__follow_up_2__original_shape_Sphericity,0.5833891359350818
mask_tumor__fla__follow_up_2__original_shape_SurfaceArea,497.77746260330656
mask_tumor__fla__follow_up_2__original_shape_SurfaceVolumeRatio,1.0697223408380514
mask_tumor__fla__follow_up_2__original_shape_VoxelVolume,476.0
mask_tumor__fla__follow_up_2__original_firstorder_10Percentile,687.819151604599
mask_tumor__fla__follow_up_2__original_firstorder_90Percentile,934.2412674974424
mask_tumor__fla__follow_up_2__original_firstorder_Energy,314948658.1158272
mask_tumor__fla__follow_up_2__original_firstorder_Entropy,6.110597193764455
mask_tumor__fla__follow_up_2__original_firstorder_InterquartileRange,125.74558395050748
mask_tumor__fla__follow_up_2__original_firstorder_Kurtosis,4.662001076086878
mask_tumor__fla__follow_up_2__original_firstorder_MeanAbsoluteDeviation,81.23497406702725
mask_tumor__fla__follow_up_2__original_firstorder_Mean,806.0134072865525
mask_tumor__fla__follow_up_2__original_firstorder_Median,809.9980172229502
mask_tumor__fla__follow_up_2__original_firstorder_Range,669.3391055741972
mask_tumor__fla__follow_up_2__original_firstorder_RobustMeanAbsoluteDeviation,51.670319041060736
mask_tumor__fla__follow_up_2__original_firstorder_RootMeanSquared,813.4229187705185
mask_tumor__fla__follow_up_2__original_firstorder_Skewness,-0.6692481405826087
mask_tumor__fla__follow_up_2__original_firstorder_TotalEnergy,314948658.1158272
mask_tumor__fla__follow_up_2__original_firstorder_Uniformity,0.0172922110020478
mask_tumor__fla__follow_up_2__original_firstorder_Variance,11999.232055471768
mask_tumor__fla__follow_up_2__original_glcm_Autocorrelation,8509.225272356973
mask_tumor__fla__follow_up_2__original_glcm_ClusterProminence,7608706.078860661
mask_tumor__fla__follow_up_2__original_glcm_ClusterShade,-23737.97438842763
mask_tumor__fla__follow_up_2__original_glcm_ClusterTendency,1285.9937377358526
mask_tumor__fla__follow_up_2__original_glcm_Contrast,310.9308313102292
mask_tumor__fla__follow_up_2__original_glcm_Correlation,0.6087989491515992
mask_tumor__fla__follow_up_2__original_glcm_DifferenceAverage,12.624551976683414
mask_tumor__fla__follow_up_2__original_glcm_DifferenceEntropy,4.909657016108126
mask_tumor__fla__follow_up_2__original_glcm_DifferenceVariance,144.5893711517642
mask_tumor__fla__follow_up_2__original_glcm_Id,0.170929391938716
mask_tumor__fla__follow_up_2__original_glcm_Idm,0.0950149181358942
mask_tumor__fla__follow_up_2__original_glcm_Idmn,0.9843342649926916
mask_tumor__fla__follow_up_2__original_glcm_Idn,0.9200534934482664
mask_tumor__fla__follow_up_2__original_glcm_Imc1,-0.4969220194020051
mask_tumor__fla__follow_up_2__original_glcm_Imc2,0.998654729543052
mask_tumor__fla__follow_up_2__original_glcm_InverseVariance,0.0915300455892649
mask_tumor__fla__follow_up_2__original_glcm_JointAverage,90.90580252445687
mask_tumor__fla__follow_up_2__original_glcm_JointEnergy,0.0021601909050549
mask_tumor__fla__follow_up_2__original_glcm_JointEntropy,8.997653616391005
mask_tumor__fla__follow_up_2__original_glcm_MCC,0.959443057861062
mask_tumor__fla__follow_up_2__original_glcm_MaximumProbability,0.0095050909753287
mask_tumor__fla__follow_up_2__original_glcm_SumAverage,181.8116050489137
mask_tumor__fla__follow_up_2__original_glcm_SumEntropy,6.635288366530025
mask_tumor__fla__follow_up_2__original_glcm_SumSquares,399.23114226152063
mask_tumor__fla__follow_up_2__original_glrlm_GrayLevelNonUniformity,7.932571408623675
mask_tumor__fla__follow_up_2__original_glrlm_GrayLevelNonUniformityNormalized,0.0170867867112758
mask_tumor__fla__follow_up_2__original_glrlm_GrayLevelVariance,477.537167759201
mask_tumor__fla__follow_up_2__original_glrlm_HighGrayLevelRunEmphasis,8831.534374827108
mask_tumor__fla__follow_up_2__original_glrlm_LongRunEmphasis,1.0808565982067189
mask_tumor__fla__follow_up_2__original_glrlm_LongRunHighGrayLevelEmphasis,9735.864668769687
mask_tumor__fla__follow_up_2__original_glrlm_LongRunLowGrayLevelEmphasis,0.00236246980119
mask_tumor__fla__follow_up_2__original_glrlm_LowGrayLevelRunEmphasis,0.0023539510686062
mask_tumor__fla__follow_up_2__original_glrlm_RunEntropy,6.217759628528564
mask_tumor__fla__follow_up_2__original_glrlm_RunLengthNonUniformity,442.778891422729
mask_tumor__fla__follow_up_2__original_glrlm_RunLengthNonUniformityNormalized,0.953621498617662
mask_tumor__fla__follow_up_2__original_glrlm_RunPercentage,0.9752747252747253
mask_tumor__fla__follow_up_2__original_glrlm_RunVariance,0.0291160095087945
mask_tumor__fla__follow_up_2__original_glrlm_ShortRunEmphasis,0.9819621690631172
mask_tumor__fla__follow_up_2__original_glrlm_ShortRunHighGrayLevelEmphasis,8635.736336023338
mask_tumor__fla__follow_up_2__original_glrlm_ShortRunLowGrayLevelEmphasis,0.0023520102386254
mask_tumor__fla__follow_up_2__original_glszm_GrayLevelNonUniformity,5.629526462395543
mask_tumor__fla__follow_up_2__original_glszm_GrayLevelNonUniformityNormalized,0.0156811322072299
mask_tumor__fla__follow_up_2__original_glszm_GrayLevelVariance,513.3921990052839
mask_tumor__fla__follow_up_2__original_glszm_HighGrayLevelZoneEmphasis,8556.33426183844
mask_tumor__fla__follow_up_2__original_glszm_LargeAreaEmphasis,2.540389972144846
mask_tumor__fla__follow_up_2__original_glszm_LargeAreaHighGrayLevelEmphasis,25770.01949860724
mask_tumor__fla__follow_up_2__original_glszm_LargeAreaLowGrayLevelEmphasis,0.0031706757783403
mask_tumor__fla__follow_up_2__original_glszm_LowGrayLevelZoneEmphasis,0.0030096466755901
mask_tumor__fla__follow_up_2__original_glszm_SizeZoneNonUniformity,236.54874651810584
mask_tumor__fla__follow_up_2__original_glszm_SizeZoneNonUniformityNormalized,0.6589101574320497
mask_tumor__fla__follow_up_2__original_glszm_SmallAreaEmphasis,0.8386120562162417
mask_tumor__fla__follow_up_2__original_glszm_SmallAreaHighGrayLevelEmphasis,7073.386564860235
mask_tumor__fla__follow_up_2__original_glszm_SmallAreaLowGrayLevelEmphasis,0.0029900308020908
mask_tumor__fla__follow_up_2__original_glszm_ZoneEntropy,6.875269962749477
mask_tumor__fla__follow_up_2__original_glszm_ZonePercentage,0.7542016806722689
mask_tumor__fla__follow_up_2__original_glszm_ZoneVariance,0.7823651275207364
mask_tumor__fla__follow_up_2__original_gldm_DependenceEntropy,7.141455376701906
mask_tumor__fla__follow_up_2__original_gldm_DependenceNonUniformity,211.57142857142856
mask_tumor__fla__follow_up_2__original_gldm_DependenceNonUniformityNormalized,0.4444777911164466
mask_tumor__fla__follow_up_2__original_gldm_DependenceVariance,1.2926170468187277
mask_tumor__fla__follow_up_2__original_gldm_GrayLevelNonUniformity,8.231092436974789
mask_tumor__fla__follow_up_2__original_gldm_GrayLevelVariance,479.6367620577643
mask_tumor__fla__follow_up_2__original_gldm_HighGrayLevelEmphasis,8885.367647058823
mask_tumor__fla__follow_up_2__original_gldm_LargeDependenceEmphasis,3.991596638655462
mask_tumor__fla__follow_up_2__original_gldm_LargeDependenceHighGrayLevelEmphasis,46243.67857142857
mask_tumor__fla__follow_up_2__original_gldm_LargeDependenceLowGrayLevelEmphasis,0.0025836384915535
mask_tumor__fla__follow_up_2__original_gldm_LowGrayLevelEmphasis,0.0022981140540948
mask_tumor__fla__follow_up_2__original_gldm_SmallDependenceEmphasis,0.6816268332729917
mask_tumor__fla__follow_up_2__original_gldm_SmallDependenceHighGrayLevelEmphasis,5790.280185443225
mask_tumor__fla__follow_up_2__original_gldm_SmallDependenceLowGrayLevelEmphasis,0.0022609747335919
mask_tumor__fla__follow_up_2__original_ngtdm_Busyness,0.0063397754112118
mask_tumor__fla__follow_up_2__original_ngtdm_Coarseness,0.0191857525549801
mask_tumor__fla__follow_up_2__original_ngtdm_Complexity,31312.04494574076
mask_tumor__fla__follow_up_2__original_ngtdm_Contrast,0.8793782017298584
mask_tumor__fla__follow_up_2__original_ngtdm_Strength,83.13740984201
mask_oedema__fla__follow_up_2__original_shape_Elongation,0.7277246755167485
mask_oedema__fla__follow_up_2__original_shape_Flatness,0.6664942598712517
mask_oedema__fla__follow_up_2__original_shape_LeastAxisLength,16.70813553875922
mask_oedema__fla__follow_up_2__original_shape_MajorAxisLength,25.06868632595091
mask_oedema__fla__follow_up_2__original_shape_Maximum2DDiameterColumn,23.600847442411894
mask_oedema__fla__follow_up_2__original_shape_Maximum2DDiameterRow,30.0
mask_oedema__fla__follow_up_2__original_shape_Maximum2DDiameterSlice,31.575306807693888
mask_oedema__fla__follow_up_2__original_shape_Maximum3DDiameter,31.63858403911275
mask_oedema__fla__follow_up_2__original_shape_MeshVolume,3342.333333333333
mask_oedema__fla__follow_up_2__original_shape_MinorAxisLength,18.243101622183776
mask_oedema__fla__follow_up_2__original_shape_Sphericity,0.4948645925140381
mask_oedema__fla__follow_up_2__original_shape_SurfaceArea,2184.5613720436886
mask_oedema__fla__follow_up_2__original_shape_SurfaceVolumeRatio,0.6536036816725905
mask_oedema__fla__follow_up_2__original_shape_VoxelVolume,3375.0
mask_oedema__fla__follow_up_2__original_firstorder_10Percentile,759.1958974560489
mask_oedema__fla__follow_up_2__original_firstorder_90Percentile,1024.0
mask_oedema__fla__follow_up_2__original_firstorder_Energy,2868869545.0482974
mask_oedema__fla__follow_up_2__original_firstorder_Entropy,5.242418289368477
mask_oedema__fla__follow_up_2__original_firstorder_InterquartileRange,183.2958500855016
mask_oedema__fla__follow_up_2__original_firstorder_Kurtosis,2.37782743911119
mask_oedema__fla__follow_up_2__original_firstorder_MeanAbsoluteDeviation,89.51047045045725
mask_oedema__fla__follow_up_2__original_firstorder_Mean,916.0119867527732
mask_oedema__fla__follow_up_2__original_firstorder_Median,938.038538624088
mask_oedema__fla__follow_up_2__original_firstorder_Range,446.0468184162575
mask_oedema__fla__follow_up_2__original_firstorder_RobustMeanAbsoluteDeviation,72.66484695003363
mask_oedema__fla__follow_up_2__original_firstorder_RootMeanSquared,921.9736551306936
mask_oedema__fla__follow_up_2__original_firstorder_Skewness,-0.6727767257952714
mask_oedema__fla__follow_up_2__original_firstorder_TotalEnergy,2868869545.0482974
mask_oedema__fla__follow_up_2__original_firstorder_Uniformity,0.0864336241426611
mask_oedema__fla__follow_up_2__original_firstorder_Variance,10957.460880288156
mask_oedema__fla__follow_up_2__original_glcm_Autocorrelation,5592.379208562594
mask_oedema__fla__follow_up_2__original_glcm_ClusterProminence,3979773.742513927
mask_oedema__fla__follow_up_2__original_glcm_ClusterShade,-35026.63161935091
mask_oedema__fla__follow_up_2__original_glcm_ClusterTendency,1169.3989840424952
mask_oedema__fla__follow_up_2__original_glcm_Contrast,205.0837433983028
mask_oedema__fla__follow_up_2__original_glcm_Correlation,0.7003456683589152
mask_oedema__fla__follow_up_2__original_glcm_DifferenceAverage,9.67176653020647
mask_oedema__fla__follow_up_2__original_glcm_DifferenceEntropy,4.480099798076475
mask_oedema__fla__follow_up_2__original_glcm_DifferenceVariance,105.7535995665024
mask_oedema__fla__follow_up_2__original_glcm_Id,0.3622009654233488
mask_oedema__fla__follow_up_2__original_glcm_Idm,0.3061061095248474
mask_oedema__fla__follow_up_2__original_glcm_Idmn,0.9770318108271042
mask_oedema__fla__follow_up_2__original_glcm_Idn,0.9121354964650028
mask_oedema__fla__follow_up_2__original_glcm_Imc1,-0.2444660954411359
mask_oedema__fla__follow_up_2__original_glcm_Imc2,0.9487463796237664
mask_oedema__fla__follow_up_2__original_glcm_InverseVariance,0.0660706283985518
mask_oedema__fla__follow_up_2__original_glcm_JointAverage,73.14379713654158
mask_oedema__fla__follow_up_2__original_glcm_JointEnergy,0.0630156115530102
mask_oedema__fla__follow_up_2__original_glcm_JointEntropy,8.520813578137986
mask_oedema__fla__follow_up_2__original_glcm_MCC,0.7520748311177647
mask_oedema__fla__follow_up_2__original_glcm_MaximumProbability,0.2483006673458593
mask_oedema__fla__follow_up_2__original_glcm_SumAverage,146.28759427308316
mask_oedema__fla__follow_up_2__original_glcm_SumEntropy,5.880482947680161
mask_oedema__fla__follow_up_2__original_glcm_SumSquares,343.62068186019945
mask_oedema__fla__follow_up_2__original_glrlm_GrayLevelNonUniformity,64.78906712244049
mask_oedema__fla__follow_up_2__original_glrlm_GrayLevelNonUniformityNormalized,0.0241429435468009
mask_oedema__fla__follow_up_2__original_glrlm_GrayLevelVariance,403.03236103441697
mask_oedema__fla__follow_up_2__original_glrlm_HighGrayLevelRunEmphasis,4416.204067352539
mask_oedema__fla__follow_up_2__original_glrlm_LongRunEmphasis,2.8017883092322884
mask_oedema__fla__follow_up_2__original_glrlm_LongRunHighGrayLevelEmphasis,18829.38786805699
mask_oedema__fla__follow_up_2__original_glrlm_LongRunLowGrayLevelEmphasis,0.0010489276382237
mask_oedema__fla__follow_up_2__original_glrlm_LowGrayLevelRunEmphasis,0.0008141397660267
mask_oedema__fla__follow_up_2__original_glrlm_RunEntropy,6.312649946258612
mask_oedema__fla__follow_up_2__original_glrlm_RunLengthNonUniformity,2189.599262498241
mask_oedema__fla__follow_up_2__original_glrlm_RunLengthNonUniformityNormalized,0.8203463629278513
mask_oedema__fla__follow_up_2__original_glrlm_RunPercentage,0.7911111111111111
mask_oedema__fla__follow_up_2__original_glrlm_RunVariance,1.1990662708688655
mask_oedema__fla__follow_up_2__original_glrlm_ShortRunEmphasis,0.917566633941907
mask_oedema__fla__follow_up_2__original_glrlm_ShortRunHighGrayLevelEmphasis,3789.471167333358
mask_oedema__fla__follow_up_2__original_glrlm_ShortRunLowGrayLevelEmphasis,0.0008012593826964
mask_oedema__fla__follow_up_2__original_glszm_GrayLevelNonUniformity,29.147213459516298
mask_oedema__fla__follow_up_2__original_glszm_GrayLevelNonUniformityNormalized,0.0153245076022693
mask_oedema__fla__follow_up_2__original_glszm_GrayLevelVariance,358.95203372176724
mask_oedema__fla__follow_up_2__original_glszm_HighGrayLevelZoneEmphasis,3841.254994742376
mask_oedema__fla__follow_up_2__original_glszm_LargeAreaEmphasis,470.5967402733965
mask_oedema__fla__follow_up_2__original_glszm_LargeAreaHighGrayLevelEmphasis,3803880.705047319
mask_oedema__fla__follow_up_2__original_glszm_LargeAreaLowGrayLevelEmphasis,0.0592436614018423
mask_oedema__fla__follow_up_2__original_glszm_LowGrayLevelZoneEmphasis,0.0010307617820376
mask_oedema__fla__follow_up_2__original_glszm_SizeZoneNonUniformity,1264.9684542586751
mask_oedema__fla__follow_up_2__original_glszm_SizeZoneNonUniformityNormalized,0.6650727940371582
mask_oedema__fla__follow_up_2__original_glszm_SmallAreaEmphasis,0.8426961391575809
mask_oedema__fla__follow_up_2__original_glszm_SmallAreaHighGrayLevelEmphasis,3143.8102342157786
mask_oedema__fla__follow_up_2__original_glszm_SmallAreaLowGrayLevelEmphasis,0.0009702261006323
mask_oedema__fla__follow_up_2__original_glszm_ZoneEntropy,6.96397097678523
mask_oedema__fla__follow_up_2__original_glszm_ZonePercentage,0.5635555555555556
mask_oedema__fla__follow_up_2__original_glszm_ZoneVariance,467.4480747478165
mask_oedema__fla__follow_up_2__original_gldm_DependenceEntropy,7.225006739080798
mask_oedema__fla__follow_up_2__original_gldm_DependenceNonUniformity,869.3792592592592
mask_oedema__fla__follow_up_2__original_gldm_DependenceNonUniformityNormalized,0.257593854595336
mask_oedema__fla__follow_up_2__original_gldm_DependenceVariance,73.05473580246912
mask_oedema__fla__follow_up_2__original_gldm_GrayLevelNonUniformity,291.7134814814815
mask_oedema__fla__follow_up_2__original_gldm_GrayLevelVariance,435.13755829903977
mask_oedema__fla__follow_up_2__original_gldm_HighGrayLevelEmphasis,5143.130370370371
mask_oedema__fla__follow_up_2__original_gldm_LargeDependenceEmphasis,114.41392592592592
mask_oedema__fla__follow_up_2__original_gldm_LargeDependenceHighGrayLevelEmphasis,919864.6408888889
mask_oedema__fla__follow_up_2__original_gldm_LargeDependenceLowGrayLevelEmphasis,0.0149296908775734
mask_oedema__fla__follow_up_2__original_gldm_LowGrayLevelEmphasis,0.0006723581977445
mask_oedema__fla__follow_up_2__original_gldm_SmallDependenceEmphasis,0.5120747590237337
mask_oedema__fla__follow_up_2__original_gldm_SmallDependenceHighGrayLevelEmphasis,1943.5468025778391
mask_oedema__fla__follow_up_2__original_gldm_SmallDependenceLowGrayLevelEmphasis,0.0005602424027348
mask_oedema__fla__follow_up_2__original_ngtdm_Busyness,0.1309635093121487
mask_oedema__fla__follow_up_2__original_ngtdm_Coarseness,0.001061624395944
mask_oedema__fla__follow_up_2__original_ngtdm_Complexity,18274.74631678959
mask_oedema__fla__follow_up_2__original_ngtdm_Contrast,0.7664479822988274
mask_oedema__fla__follow_up_2__original_ngtdm_Strength,11.63051763991366
mask_necrosis__t1c__follow_up_2__original_shape_Elongation,0.611012947074524
mask_necrosis__t1c__follow_up_2__original_shape_Flatness,0.558553300048374
mask_necrosis__t1c__follow_up_2__original_shape_LeastAxisLength,3.64607969070456
mask_necrosis__t1c__follow_up_2__original_shape_MajorAxisLength,6.5277202558624
mask_necrosis__t1c__follow_up_2__original_shape_Maximum2DDiameterColumn,6.324555320336759
mask_necrosis__t1c__follow_up_2__original_shape_Maximum2DDiameterRow,6.708203932499369
mask_necrosis__t1c__follow_up_2__original_shape_Maximum2DDiameterSlice,5.385164807134504
mask_necrosis__t1c__follow_up_2__original_shape_Maximum3DDiameter,7.0
mask_necrosis__t1c__follow_up_2__original_shape_MeshVolume,53.25
mask_necrosis__t1c__follow_up_2__original_shape_MinorAxisLength,3.988521591212552
mask_necrosis__t1c__follow_up_2__original_shape_Sphericity,0.7691656021943208
mask_necrosis__t1c__follow_up_2__original_shape_SurfaceArea,88.99057480277139
mask_necrosis__t1c__follow_up_2__original_shape_SurfaceVolumeRatio,1.6711845033384298
mask_necrosis__t1c__follow_up_2__original_shape_VoxelVolume,60.0
mask_necrosis__t1c__follow_up_2__original_firstorder_10Percentile,405.2586853592994
mask_necrosis__t1c__follow_up_2__original_firstorder_90Percentile,668.6791615872355
mask_necrosis__t1c__follow_up_2__original_firstorder_Energy,17108526.52978969
mask_necrosis__t1c__follow_up_2__original_firstorder_Entropy,5.210649970428216
mask_necrosis__t1c__follow_up_2__original_firstorder_InterquartileRange,163.9009960232478
mask_necrosis__t1c__follow_up_2__original_firstorder_Kurtosis,2.539582184848782
mask_necrosis__t1c__follow_up_2__original_firstorder_MeanAbsoluteDeviation,86.08279626887473
mask_necrosis__t1c__follow_up_2__original_firstorder_Mean,524.2102100049573
mask_necrosis__t1c__follow_up_2__original_firstorder_Median,512.2812779262422
mask_necrosis__t1c__follow_up_2__original_firstorder_Range,392.177279046514
mask_necrosis__t1c__follow_up_2__original_firstorder_RobustMeanAbsoluteDeviation,66.7406083309619
mask_necrosis__t1c__follow_up_2__original_firstorder_RootMeanSquared,533.986993127949
mask_necrosis__t1c__follow_up_2__original_firstorder_Skewness,0.5937847369454601
mask_necrosis__t1c__follow_up_2__original_firstorder_TotalEnergy,17108526.52978969
mask_necrosis__t1c__follow_up_2__original_firstorder_Uniformity,0.03
mask_necrosis__t1c__follow_up_2__original_firstorder_Variance,10345.76455638673
mask_necrosis__t1c__follow_up_2__original_glcm_Autocorrelation,578.7897065545469
mask_necrosis__t1c__follow_up_2__original_glcm_ClusterProminence,1975846.1301569336
mask_necrosis__t1c__follow_up_2__original_glcm_ClusterShade,16535.846590607627
mask_necrosis__t1c__follow_up_2__original_glcm_ClusterTendency,747.1161384850446
mask_necrosis__t1c__follow_up_2__original_glcm_Contrast,664.4237014804517
mask_necrosis__t1c__follow_up_2__original_glcm_Correlation,0.0792756043643059
mask_necrosis__t1c__follow_up_2__original_glcm_DifferenceAverage,19.847881305783364
mask_necrosis__t1c__follow_up_2__original_glcm_DifferenceEntropy,4.237465431509912
mask_necrosis__t1c__follow_up_2__original_glcm_DifferenceVariance,230.797107602118
mask_necrosis__t1c__follow_up_2__original_glcm_Id,0.1323532297243072
mask_necrosis__t1c__follow_up_2__original_glcm_Idm,0.0712881798750542
mask_necrosis__t1c__follow_up_2__original_glcm_Idmn,0.919170544169648
mask_necrosis__t1c__follow_up_2__original_glcm_Idn,0.821157324897957
mask_necrosis__t1c__follow_up_2__original_glcm_Imc1,-0.8029584870320805
mask_necrosis__t1c__follow_up_2__original_glcm_Imc2,0.9997937596167904
mask_necrosis__t1c__follow_up_2__original_glcm_InverseVariance,0.0653112437273047
mask_necrosis__t1c__follow_up_2__original_glcm_JointAverage,23.60864349268909
mask_necrosis__t1c__follow_up_2__original_glcm_JointEnergy,0.0177980354742464
mask_necrosis__t1c__follow_up_2__original_glcm_JointEntropy,5.855690565947327
mask_necrosis__t1c__follow_up_2__original_glcm_MCC,0.9999999999999004
mask_necrosis__t1c__follow_up_2__original_glcm_MaximumProbability,0.031631027774062
mask_necrosis__t1c__follow_up_2__original_glcm_SumAverage,47.21728698537818
mask_necrosis__t1c__follow_up_2__original_glcm_SumEntropy,4.607688794614424
mask_necrosis__t1c__follow_up_2__original_glcm_SumSquares,352.88495999137405
mask_necrosis__t1c__follow_up_2__original_glrlm_GrayLevelNonUniformity,1.762621948478173
mask_necrosis__t1c__follow_up_2__original_glrlm_GrayLevelNonUniformityNormalized,0.029835183735002
mask_necrosis__t1c__follow_up_2__original_glrlm_GrayLevelVariance,416.3508345083087
mask_necrosis__t1c__follow_up_2__original_glrlm_HighGrayLevelRunEmphasis,1231.0707488498251
mask_necrosis__t1c__follow_up_2__original_glrlm_LongRunEmphasis,1.0474756103043654
mask_necrosis__t1c__follow_up_2__original_glrlm_LongRunHighGrayLevelEmphasis,1252.832853781714
mask_necrosis__t1c__follow_up_2__original_glrlm_LongRunLowGrayLevelEmphasis,0.0318670844967642
mask_necrosis__t1c__follow_up_2__original_glrlm_LowGrayLevelRunEmphasis,0.030897119425549
mask_necrosis__t1c__follow_up_2__original_glrlm_RunEntropy,5.234100506863282
mask_necrosis__t1c__follow_up_2__original_glrlm_RunLengthNonUniformity,57.283639796790006
mask_necrosis__t1c__follow_up_2__original_glrlm_RunLengthNonUniformityNormalized,0.96925810661596
mask_necrosis__t1c__follow_up_2__original_glrlm_RunPercentage,0.9846153846153848
mask_necrosis__t1c__follow_up_2__original_glrlm_RunVariance,0.01537094669202
mask_necrosis__t1c__follow_up_2__original_glrlm_ShortRunEmphasis,0.9881310974239086
mask_necrosis__t1c__follow_up_2__original_glrlm_ShortRunHighGrayLevelEmphasis,1225.630222616853
mask_necrosis__t1c__follow_up_2__original_glrlm_ShortRunLowGrayLevelEmphasis,0.0306546281577452
mask_necrosis__t1c__follow_up_2__original_glszm_GrayLevelNonUniformity,1.3673469387755102
mask_necrosis__t1c__follow_up_2__original_glszm_GrayLevelNonUniformityNormalized,0.0279050395668471
mask_necrosis__t1c__follow_up_2__original_glszm_GrayLevelVariance,445.057892544773
mask_necrosis__t1c__follow_up_2__original_glszm_HighGrayLevelZoneEmphasis,1380.9183673469388
mask_necrosis__t1c__follow_up_2__original_glszm_LargeAreaEmphasis,1.7551020408163265
mask_necrosis__t1c__follow_up_2__original_glszm_LargeAreaHighGrayLevelEmphasis,1764.0816326530612
mask_necrosis__t1c__follow_up_2__original_glszm_LargeAreaLowGrayLevelEmphasis,0.0477098544781364
mask_necrosis__t1c__follow_up_2__original_glszm_LowGrayLevelZoneEmphasis,0.0338885664944613
mask_necrosis__t1c__follow_up_2__original_glszm_SizeZoneNonUniformity,33.734693877551024
mask_necrosis__t1c__follow_up_2__original_glszm_SizeZoneNonUniformityNormalized,0.6884631403581841
mask_necrosis__t1c__follow_up_2__original_glszm_SmallAreaEmphasis,0.8565759637188208
mask_necrosis__t1c__follow_up_2__original_glszm_SmallAreaHighGrayLevelEmphasis,1311.7035147392291
mask_necrosis__t1c__follow_up_2__original_glszm_SmallAreaLowGrayLevelEmphasis,0.0318700937480462
mask_necrosis__t1c__follow_up_2__original_glszm_ZoneEntropy,5.3544060175404296
mask_necrosis__t1c__follow_up_2__original_glszm_ZonePercentage,0.8166666666666667
mask_necrosis__t1c__follow_up_2__original_glszm_ZoneVariance,0.2557267805081216
mask_necrosis__t1c__follow_up_2__original_gldm_DependenceEntropy,5.348394345536389
mask_necrosis__t1c__follow_up_2__original_gldm_DependenceNonUniformity,31.2
mask_necrosis__t1c__follow_up_2__original_gldm_DependenceNonUniformityNormalized,0.52
mask_necrosis__t1c__follow_up_2__original_gldm_DependenceVariance,0.3733333333333333
mask_necrosis__t1c__follow_up_2__original_gldm_GrayLevelNonUniformity,1.8
mask_necrosis__t1c__follow_up_2__original_gldm_GrayLevelVariance,414.3655555555556
mask_necrosis__t1c__follow_up_2__original_gldm_HighGrayLevelEmphasis,1219.0333333333333
mask_necrosis__t1c__follow_up_2__original_gldm_LargeDependenceEmphasis,2.333333333333333
mask_necrosis__t1c__follow_up_2__original_gldm_LargeDependenceHighGrayLevelEmphasis,1808.4666666666667
mask_necrosis__t1c__follow_up_2__original_gldm_LargeDependenceLowGrayLevelEmphasis,0.0616133368770082
mask_necrosis__t1c__follow_up_2__original_gldm_LowGrayLevelEmphasis,0.0307340682337759
mask_necrosis__t1c__follow_up_2__original_gldm_SmallDependenceEmphasis,0.7407407407407407
mask_necrosis__t1c__follow_up_2__original_gldm_SmallDependenceHighGrayLevelEmphasis,1093.9712962962965
mask_necrosis__t1c__follow_up_2__original_gldm_SmallDependenceLowGrayLevelEmphasis,0.0265024927748774
mask_necrosis__t1c__follow_up_2__original_ngtdm_Busyness,0.0288746957293628
mask_necrosis__t1c__follow_up_2__original_ngtdm_Coarseness,0.0381414092195314
mask_necrosis__t1c__follow_up_2__original_ngtdm_Complexity,18270.11468455922
mask_necrosis__t1c__follow_up_2__original_ngtdm_Contrast,7.995783532217331
mask_necrosis__t1c__follow_up_2__original_ngtdm_Strength,76.96229330112327
mask_all__t1c__follow_up_2__original_shape_Elongation,0.8032801151815605
mask_all__t1c__follow_up_2__original_shape_Flatness,0.6835951445160551
mask_all__t1c__follow_up_2__original_shape_LeastAxisLength,16.11975153807481
mask_all__t1c__follow_up_2__original_shape_MajorAxisLength,23.580845574154328
mask_all__t1c__follow_up_2__original_shape_Maximum2DDiameterColumn,23.600847442411894
mask_all__t1c__follow_up_2__original_shape_Maximum2DDiameterRow,30.0
mask_all__t1c__follow_up_2__original_shape_Maximum2DDiameterSlice,31.575306807693888
mask_all__t1c__follow_up_2__original_shape_Maximum3DDiameter,31.63858403911275
mask_all__t1c__follow_up_2__original_shape_MeshVolume,3878.7083333333335
mask_all__t1c__follow_up_2__original_shape_MinorAxisLength,18.94202434888528
mask_all__t1c__follow_up_2__original_shape_Sphericity,0.565518597510789
mask_all__t1c__follow_up_2__original_shape_SurfaceArea,2111.034422915839
mask_all__t1c__follow_up_2__original_shape_SurfaceVolumeRatio,0.5442622237856259
mask_all__t1c__follow_up_2__original_shape_VoxelVolume,3911.0
mask_all__t1c__follow_up_2__original_firstorder_10Percentile,503.0247019276989
mask_all__t1c__follow_up_2__original_firstorder_90Percentile,626.6116992217109
mask_all__t1c__follow_up_2__original_firstorder_Energy,1279723764.2050576
mask_all__t1c__follow_up_2__original_firstorder_Entropy,5.4511237805248935
mask_all__t1c__follow_up_2__original_firstorder_InterquartileRange,58.207314612929736
mask_all__t1c__follow_up_2__original_firstorder_Kurtosis,11.155646243902163
mask_all__t1c__follow_up_2__original_firstorder_MeanAbsoluteDeviation,48.41853749580408
mask_all__t1c__follow_up_2__original_firstorder_Mean,566.8927522808913
mask_all__t1c__follow_up_2__original_firstorder_Median,552.6102349726151
mask_all__t1c__follow_up_2__original_firstorder_Range,634.9596553178972
mask_all__t1c__follow_up_2__original_firstorder_RobustMeanAbsoluteDeviation,24.86708248298145
mask_all__t1c__follow_up_2__original_firstorder_RootMeanSquared,572.0239458105619
mask_all__t1c__follow_up_2__original_firstorder_Skewness,2.420042726467399
mask_all__t1c__follow_up_2__original_firstorder_TotalEnergy,1279723764.2050576
mask_all__t1c__follow_up_2__original_firstorder_Uniformity,0.0312429045625954
mask_all__t1c__follow_up_2__original_firstorder_Variance,5844.001992080633
mask_all__t1c__follow_up_2__original_glcm_Autocorrelation,1542.3022096893103
mask_all__t1c__follow_up_2__original_glcm_ClusterProminence,8453423.713288851
mask_all__t1c__follow_up_2__original_glcm_ClusterShade,64837.64039801058
mask_all__t1c__follow_up_2__original_glcm_ClusterTendency,880.142260729171
mask_all__t1c__follow_up_2__original_glcm_Contrast,134.18738487235575
mask_all__t1c__follow_up_2__original_glcm_Correlation,0.7358595066589382
mask_all__t1c__follow_up_2__original_glcm_DifferenceAverage,6.46395748074008
mask_all__t1c__follow_up_2__original_glcm_DifferenceEntropy,4.03437112395892
mask_all__t1c__follow_up_2__original_glcm_DifferenceVariance,90.49756075512896
mask_all__t1c__follow_up_2__original_glcm_Id,0.2926400225066959
mask_all__t1c__follow_up_2__original_glcm_Idm,0.2056959595808306
mask_all__t1c__follow_up_2__original_glcm_Idmn,0.992743649479861
mask_all__t1c__follow_up_2__original_glcm_Idn,0.9558109408323202
mask_all__t1c__follow_up_2__original_glcm_Imc1,-0.2430651028818574
mask_all__t1c__follow_up_2__original_glcm_Imc2,0.9592567914232438
mask_all__t1c__follow_up_2__original_glcm_InverseVariance,0.2124739296540632
mask_all__t1c__follow_up_2__original_glcm_JointAverage,36.82108674462013
mask_all__t1c__follow_up_2__original_glcm_JointEnergy,0.0021122124541272
mask_all__t1c__follow_up_2__original_glcm_JointEntropy,9.57428258520981
mask_all__t1c__follow_up_2__original_glcm_MCC,0.8198032942325238
mask_all__t1c__follow_up_2__original_glcm_MaximumProbability,0.0062488721227954
mask_all__t1c__follow_up_2__original_glcm_SumAverage,73.64217348924025
mask_all__t1c__follow_up_2__original_glcm_SumEntropy,6.320963397257744
mask_all__t1c__follow_up_2__original_glcm_SumSquares,253.5824114003817
mask_all__t1c__follow_up_2__original_glrlm_GrayLevelNonUniformity,112.58499375992588
mask_all__t1c__follow_up_2__original_glrlm_GrayLevelNonUniformityNormalized,0.0307588952488819
mask_all__t1c__follow_up_2__original_glrlm_GrayLevelVariance,239.8318880692896
mask_all__t1c__follow_up_2__original_glrlm_HighGrayLevelRunEmphasis,1613.8472860524805
mask_all__t1c__follow_up_2__original_glrlm_LongRunEmphasis,1.224801086851086
mask_all__t1c__follow_up_2__original_glrlm_LongRunHighGrayLevelEmphasis,1905.8698006951768
mask_all__t1c__follow_up_2__original_glrlm_LongRunLowGrayLevelEmphasis,0.0017582870137803
mask_all__t1c__follow_up_2__original_glrlm_LowGrayLevelRunEmphasis,0.001506141860438
mask_all__t1c__follow_up_2__original_glrlm_RunEntropy,5.810705318697074
mask_all__t1c__follow_up_2__original_glrlm_RunLengthNonUniformity,3233.75361183328
mask_all__t1c__follow_up_2__original_glrlm_RunLengthNonUniformityNormalized,0.8828535005127034
mask_all__t1c__follow_up_2__original_glrlm_RunPercentage,0.9357433668351592
mask_all__t1c__follow_up_2__original_glrlm_RunVariance,0.0807081756579036
mask_all__t1c__follow_up_2__original_glrlm_ShortRunEmphasis,0.9523420674990452
mask_all__t1c__follow_up_2__original_glrlm_ShortRunHighGrayLevelEmphasis,1551.0229017906834
mask_all__t1c__follow_up_2__original_glrlm_ShortRunLowGrayLevelEmphasis,0.0014520669891201
mask_all__t1c__follow_up_2__original_glszm_GrayLevelNonUniformity,39.03914373088685
mask_all__t1c__follow_up_2__original_glszm_GrayLevelNonUniformityNormalized,0.0238771521289827
mask_all__t1c__follow_up_2__original_glszm_GrayLevelVariance,341.243370834853
mask_all__t1c__follow_up_2__original_glszm_HighGrayLevelZoneEmphasis,1946.8752293577984
mask_all__t1c__follow_up_2__original_glszm_LargeAreaEmphasis,18.295412844036697
mask_all__t1c__follow_up_2__original_glszm_LargeAreaHighGrayLevelEmphasis,21891.784097859327
mask_all__t1c__follow_up_2__original_glszm_LargeAreaLowGrayLevelEmphasis,0.0209953662746529
mask_all__t1c__follow_up_2__original_glszm_LowGrayLevelZoneEmphasis,0.0019897023351121
mask_all__t1c__follow_up_2__original_glszm_SizeZoneNonUniformity,675.7804281345566
mask_all__t1c__follow_up_2__original_glszm_SizeZoneNonUniformityNormalized,0.4133213627734291
mask_all__t1c__follow_up_2__original_glszm_SmallAreaEmphasis,0.668103226504032
mask_all__t1c__follow_up_2__original_glszm_SmallAreaHighGrayLevelEmphasis,1415.5126319678393
mask_all__t1c__follow_up_2__original_glszm_SmallAreaLowGrayLevelEmphasis,0.0016019299644105
mask_all__t1c__follow_up_2__original_glszm_ZoneEntropy,7.523145762979559
mask_all__t1c__follow_up_2__original_glszm_ZonePercentage,0.4180516491945794
mask_all__t1c__follow_up_2__original_glszm_ZoneVariance,12.57351476213188
mask_all__t1c__follow_up_2__original_gldm_DependenceEntropy,7.669104730971902
mask_all__t1c__follow_up_2__original_gldm_DependenceNonUniformity,822.7703912042956
mask_all__t1c__follow_up_2__original_gldm_DependenceNonUniformityNormalized,0.2103734060864985
mask_all__t1c__follow_up_2__original_gldm_DependenceVariance,2.273542861524977
mask_all__t1c__follow_up_2__original_gldm_GrayLevelNonUniformity,122.19099974431091
mask_all__t1c__follow_up_2__original_gldm_GrayLevelVariance,233.7616712324809
mask_all__t1c__follow_up_2__original_gldm_HighGrayLevelEmphasis,1594.0718486320634
mask_all__t1c__follow_up_2__original_gldm_LargeDependenceEmphasis,9.406034262336998
mask_all__t1c__follow_up_2__original_gldm_LargeDependenceHighGrayLevelEmphasis,12190.316287394528
mask_all__t1c__follow_up_2__original_gldm_LargeDependenceLowGrayLevelEmphasis,0.0109353470594523
mask_all__t1c__follow_up_2__original_gldm_LowGrayLevelEmphasis,0.0014816272772182
mask_all__t1c__follow_up_2__original_gldm_SmallDependenceEmphasis,0.3607598120524192
mask_all__t1c__follow_up_2__original_gldm_SmallDependenceHighGrayLevelEmphasis,707.9878259912992
mask_all__t1c__follow_up_2__original_gldm_SmallDependenceLowGrayLevelEmphasis,0.0007592972344785
mask_all__t1c__follow_up_2__original_ngtdm_Busyness,0.0544056987844884
mask_all__t1c__follow_up_2__original_ngtdm_Coarseness,0.0032359895849001
mask_all__t1c__follow_up_2__original_ngtdm_Complexity,24079.419626297946
mask_all__t1c__follow_up_2__original_ngtdm_Contrast,0.1288214229901138
mask_all__t1c__follow_up_2__original_ngtdm_Strength,30.80524711312756
mask_tumor__t1c__follow_up_2__original_shape_Elongation,0.9704161571962024
mask_tumor__t1c__follow_up_2__original_shape_Flatness,0.7584625837848019
mask_tumor__t1c__follow_up_2__original_shape_LeastAxisLength,8.075536562242782
mask_tumor__t1c__follow_up_2__original_shape_MajorAxisLength,10.64724448494884
mask_tumor__t1c__follow_up_2__original_shape_Maximum2DDiameterColumn,11.6619037896906
mask_tumor__t1c__follow_up_2__original_shape_Maximum2DDiameterRow,11.40175425099138
mask_tumor__t1c__follow_up_2__original_shape_Maximum2DDiameterSlice,11.6619037896906
mask_tumor__t1c__follow_up_2__original_shape_Maximum3DDiameter,12.68857754044952
mask_tumor__t1c__follow_up_2__original_shape_MeshVolume,465.3333333333333
mask_tumor__t1c__follow_up_2__original_shape_MinorAxisLength,10.33225807781252
mask_tumor__t1c__follow_up_2__original_shape_Sphericity,0.5833891359350818
mask_tumor__t1c__follow_up_2__original_shape_SurfaceArea,497.77746260330656
mask_tumor__t1c__follow_up_2__original_shape_SurfaceVolumeRatio,1.0697223408380514
mask_tumor__t1c__follow_up_2__original_shape_VoxelVolume,476.0
mask_tumor__t1c__follow_up_2__original_firstorder_10Percentile,537.8758377556397
mask_tumor__t1c__follow_up_2__original_firstorder_90Percentile,864.6684867061651
mask_tumor__t1c__follow_up_2__original_firstorder_Energy,240249347.77552336
mask_tumor__t1c__follow_up_2__original_firstorder_Entropy,6.465879205556486
mask_tumor__t1c__follow_up_2__original_firstorder_InterquartileRange,195.90641389804264
mask_tumor__t1c__follow_up_2__original_firstorder_Kurtosis,2.3928296687025106
mask_tumor__t1c__follow_up_2__original_firstorder_MeanAbsoluteDeviation,108.0260463448678
mask_tumor__t1c__follow_up_2__original_firstorder_Mean,698.4550949478546
mask_tumor__t1c__follow_up_2__original_firstorder_Median,688.2109553266591
mask_tumor__t1c__follow_up_2__original_firstorder_Range,606.4753426632612
mask_tumor__t1c__follow_up_2__original_firstorder_RobustMeanAbsoluteDeviation,80.25701956284288
mask_tumor__t1c__follow_up_2__original_firstorder_RootMeanSquared,710.4403708523424
mask_tumor__t1c__follow_up_2__original_firstorder_Skewness,0.2545888593768183
mask_tumor__t1c__follow_up_2__original_firstorder_TotalEnergy,240249347.77552336
mask_tumor__t1c__follow_up_2__original_firstorder_Uniformity,0.0127551020408163
mask_tumor__t1c__follow_up_2__original_firstorder_Variance,16886.00087819718
mask_tumor__t1c__follow_up_2__original_glcm_Autocorrelation,4288.064812820733
mask_tumor__t1c__follow_up_2__original_glcm_ClusterProminence,12616537.87390215
mask_tumor__t1c__follow_up_2__original_glcm_ClusterShade,3966.185537868519
mask_tumor__t1c__follow_up_2__original_glcm_ClusterTendency,2323.905147725927
mask_tumor__t1c__follow_up_2__original_glcm_Contrast,485.84002132350514
mask_tumor__t1c__follow_up_2__original_glcm_Correlation,0.6549935121956392
mask_tumor__t1c__follow_up_2__original_glcm_DifferenceAverage,16.876400291207286
mask_tumor__t1c__follow_up_2__original_glcm_DifferenceEntropy,5.285293282243142
mask_tumor__t1c__follow_up_2__original_glcm_DifferenceVariance,193.55722058998617
mask_tumor__t1c__follow_up_2__original_glcm_Id,0.1336025348865767
mask_tumor__t1c__follow_up_2__original_glcm_Idm,0.0682032969909389
mask_tumor__t1c__follow_up_2__original_glcm_Idmn,0.970762291646678
mask_tumor__t1c__follow_up_2__original_glcm_Idn,0.8867112364427381
mask_tumor__t1c__follow_up_2__original_glcm_Imc1,-0.5773512196030681
mask_tumor__t1c__follow_up_2__original_glcm_Imc2,0.9996955366543306
mask_tumor__t1c__follow_up_2__original_glcm_InverseVariance,0.0624685874384585
mask_tumor__t1c__follow_up_2__original_glcm_JointAverage,61.85207776008885
mask_tumor__t1c__follow_up_2__original_glcm_JointEnergy,0.0018691590062773
mask_tumor__t1c__follow_up_2__original_glcm_JointEntropy,9.135156335259314
mask_tumor__t1c__follow_up_2__original_glcm_MCC,0.9120093570563376
mask_tumor__t1c__follow_up_2__original_glcm_MaximumProbability,0.0064249904958834
mask_tumor__t1c__follow_up_2__original_glcm_SumAverage,123.70415552017772
mask_tumor__t1c__follow_up_2__original_glcm_SumEntropy,7.037397114834614
mask_tumor__t1c__follow_up_2__original_glcm_SumSquares,702.4362922623578
mask_tumor__t1c__follow_up_2__original_glrlm_GrayLevelNonUniformity,5.948713729644774
mask_tumor__t1c__follow_up_2__original_glrlm_GrayLevelNonUniformityNormalized,0.0127382587228101
mask_tumor__t1c__follow_up_2__original_glrlm_GrayLevelVariance,668.784707582001
mask_tumor__t1c__follow_up_2__original_glrlm_HighGrayLevelRunEmphasis,3915.401662868727
mask_tumor__t1c__follow_up_2__original_glrlm_LongRunEmphasis,1.059037081798249
mask_tumor__t1c__follow_up_2__original_glrlm_LongRunHighGrayLevelEmphasis,4246.7370122386055
mask_tumor__t1c__follow_up_2__original_glrlm_LongRunLowGrayLevelEmphasis,0.0031878698872138
mask_tumor__t1c__follow_up_2__original_glrlm_LowGrayLevelRunEmphasis,0.0031503129706445
mask_tumor__t1c__follow_up_2__original_glrlm_RunEntropy,6.5270787065149705
mask_tumor__t1c__follow_up_2__original_glrlm_RunLengthNonUniformity,449.85065273024617
mask_tumor__t1c__follow_up_2__original_glrlm_RunLengthNonUniformityNormalized,0.9631377287400268
mask_tumor__t1c__follow_up_2__original_glrlm_RunPercentage,0.9810924369747898
mask_tumor__t1c__follow_up_2__original_glrlm_RunVariance,0.0198899389970622
mask_tumor__t1c__follow_up_2__original_glrlm_ShortRunEmphasis,0.9857929689086472
mask_tumor__t1c__follow_up_2__original_glrlm_ShortRunHighGrayLevelEmphasis,3838.477476958297
mask_tumor__t1c__follow_up_2__original_glrlm_ShortRunLowGrayLevelEmphasis,0.0031410310988462
mask_tumor__t1c__follow_up_2__original_glszm_GrayLevelNonUniformity,4.786666666666667
mask_tumor__t1c__follow_up_2__original_glszm_GrayLevelNonUniformityNormalized,0.0127644444444444
mask_tumor__t1c__follow_up_2__original_glszm_GrayLevelVariance,621.919288888889
mask_tumor__t1c__follow_up_2__original_glszm_HighGrayLevelZoneEmphasis,3658.664
mask_tumor__t1c__follow_up_2__original_glszm_LargeAreaEmphasis,2.096
mask_tumor__t1c__follow_up_2__original_glszm_LargeAreaHighGrayLevelEmphasis,9600.957333333334
mask_tumor__t1c__follow_up_2__original_glszm_LargeAreaLowGrayLevelEmphasis,0.0044124634472579
mask_tumor__t1c__follow_up_2__original_glszm_LowGrayLevelZoneEmphasis,0.0037486892051487
mask_tumor__t1c__follow_up_2__original_glszm_SizeZoneNonUniformity,257.8693333333333
mask_tumor__t1c__follow_up_2__original_glszm_SizeZoneNonUniformityNormalized,0.6876515555555556
mask_tumor__t1c__follow_up_2__original_glszm_SmallAreaEmphasis,0.8551666666666666
mask_tumor__t1c__follow_up_2__original_glszm_SmallAreaHighGrayLevelEmphasis,2992.988629629629
mask_tumor__t1c__follow_up_2__original_glszm_SmallAreaLowGrayLevelEmphasis,0.0036282212227335
mask_tumor__t1c__follow_up_2__original_glszm_ZoneEntropy,6.9153920135632525
mask_tumor__t1c__follow_up_2__original_glszm_ZonePercentage,0.7878151260504201
mask_tumor__t1c__follow_up_2__original_glszm_ZoneVariance,0.4847928888888888
mask_tumor__t1c__follow_up_2__original_gldm_DependenceEntropy,7.159970359010707
mask_tumor__t1c__follow_up_2__original_gldm_DependenceNonUniformity,231.9957983193277
mask_tumor__t1c__follow_up_2__original_gldm_DependenceNonUniformityNormalized,0.4873861309229574
mask_tumor__t1c__follow_up_2__original_gldm_DependenceVariance,0.6322823246945837
mask_tumor__t1c__follow_up_2__original_gldm_GrayLevelNonUniformity,6.071428571428571
mask_tumor__t1c__follow_up_2__original_gldm_GrayLevelVariance,675.6057967304569
mask_tumor__t1c__follow_up_2__original_gldm_HighGrayLevelEmphasis,3945.955882352941
mask_tumor__t1c__follow_up_2__original_gldm_LargeDependenceEmphasis,2.857142857142857
mask_tumor__t1c__follow_up_2__original_gldm_LargeDependenceHighGrayLevelEmphasis,15209.241596638656
mask_tumor__t1c__follow_up_2__original_gldm_LargeDependenceLowGrayLevelEmphasis,0.0041605935755073
mask_tumor__t1c__follow_up_2__original_gldm_LowGrayLevelEmphasis,0.0031027367591588
mask_tumor__t1c__follow_up_2__original_gldm_SmallDependenceEmphasis,0.7185387488328665
mask_tumor__t1c__follow_up_2__original_gldm_SmallDependenceHighGrayLevelEmphasis,2559.8500770308124
mask_tumor__t1c__follow_up_2__original_gldm_SmallDependenceLowGrayLevelEmphasis,0.002893527857264
mask_tumor__t1c__follow_up_2__original_ngtdm_Busyness,0.0120541121980056
mask_tumor__t1c__follow_up_2__original_ngtdm_Coarseness,0.0163154993076964
mask_tumor__t1c__follow_up_2__original_ngtdm_Complexity,47076.805461122
mask_tumor__t1c__follow_up_2__original_ngtdm_Contrast,1.2670977146035245
mask_tumor__t1c__follow_up_2__original_ngtdm_Strength,71.22073592926054
mask_oedema__t1c__follow_up_2__original_shape_Elongation,0.7277246755167485
mask_oedema__t1c__follow_up_2__original_shape_Flatness,0.6664942598712517
mask_oedema__t1c__follow_up_2__original_shape_LeastAxisLength,16.70813553875922
mask_oedema__t1c__follow_up_2__original_shape_MajorAxisLength,25.06868632595091
mask_oedema__t1c__follow_up_2__original_shape_Maximum2DDiameterColumn,23.600847442411894
mask_oedema__t1c__follow_up_2__original_shape_Maximum2DDiameterRow,30.0
mask_oedema__t1c__follow_up_2__original_shape_Maximum2DDiameterSlice,31.575306807693888
mask_oedema__t1c__follow_up_2__original_shape_Maximum3DDiameter,31.63858403911275
mask_oedema__t1c__follow_up_2__original_shape_MeshVolume,3342.333333333333
mask_oedema__t1c__follow_up_2__original_shape_MinorAxisLength,18.243101622183776
mask_oedema__t1c__follow_up_2__original_shape_Sphericity,0.4948645925140381
mask_oedema__t1c__follow_up_2__original_shape_SurfaceArea,2184.5613720436886
mask_oedema__t1c__follow_up_2__original_shape_SurfaceVolumeRatio,0.6536036816725905
mask_oedema__t1c__follow_up_2__original_shape_VoxelVolume,3375.0
mask_oedema__t1c__follow_up_2__original_firstorder_10Percentile,502.62492665191706
mask_oedema__t1c__follow_up_2__original_firstorder_90Percentile,598.8665649276579
mask_oedema__t1c__follow_up_2__original_firstorder_Energy,1022365889.8997444
mask_oedema__t1c__follow_up_2__original_firstorder_Entropy,4.931390197502806
mask_oedema__t1c__follow_up_2__original_firstorder_InterquartileRange,50.63751662783045
mask_oedema__t1c__follow_up_2__original_firstorder_Kurtosis,3.489758534080239
mask_oedema__t1c__follow_up_2__original_firstorder_MeanAbsoluteDeviation,29.85271919514407
mask_oedema__t1c__follow_up_2__original_firstorder_Mean,549.0963900370637
mask_oedema__t1c__follow_up_2__original_firstorder_Median,548.2202613840451
mask_oedema__t1c__follow_up_2__original_firstorder_Range,332.2002978099349
mask_oedema__t1c__follow_up_2__original_firstorder_RobustMeanAbsoluteDeviation,20.826862947036247
mask_oedema__t1c__follow_up_2__original_firstorder_RootMeanSquared,550.384617006109
mask_oedema__t1c__follow_up_2__original_firstorder_Skewness,0.1504558361641076
mask_oedema__t1c__follow_up_2__original_firstorder_TotalEnergy,1022365889.8997444
mask_oedema__t1c__follow_up_2__original_firstorder_Uniformity,0.0381195061728395
mask_oedema__t1c__follow_up_2__original_firstorder_Variance,1416.3810852262577
mask_oedema__t1c__follow_up_2__original_glcm_Autocorrelation,709.261738172083
mask_oedema__t1c__follow_up_2__original_glcm_ClusterProminence,90097.70547964513
mask_oedema__t1c__follow_up_2__original_glcm_ClusterShade,207.10822426735044
mask_oedema__t1c__follow_up_2__original_glcm_ClusterTendency,177.57350654998135
mask_oedema__t1c__follow_up_2__original_glcm_Contrast,27.96972259165113
mask_oedema__t1c__follow_up_2__original_glcm_Correlation,0.7282900678467488
mask_oedema__t1c__follow_up_2__original_glcm_DifferenceAverage,3.932977291829664
mask_oedema__t1c__follow_up_2__original_glcm_DifferenceEntropy,3.413903780921013
mask_oedema__t1c__follow_up_2__original_glcm_DifferenceVariance,11.76369125670957
mask_oedema__t1c__follow_up_2__original_glcm_Id,0.3256491476748759
mask_oedema__t1c__follow_up_2__original_glcm_Idm,0.2340677646442636
mask_oedema__t1c__follow_up_2__original_glcm_Idmn,0.9939956108831686
mask_oedema__t1c__follow_up_2__original_glcm_Idn,0.946698796791343
mask_oedema__t1c__follow_up_2__original_glcm_Imc1,-0.1719358247702107
mask_oedema__t1c__follow_up_2__original_glcm_Imc2,0.8850588350371797
mask_oedema__t1c__follow_up_2__original_glcm_InverseVariance,0.2428474691250192
mask_oedema__t1c__follow_up_2__original_glcm_JointAverage,25.92000089728285
mask_oedema__t1c__follow_up_2__original_glcm_JointEnergy,0.0028538061774767
mask_oedema__t1c__follow_up_2__original_glcm_JointEntropy,8.891388501240991
mask_oedema__t1c__follow_up_2__original_glcm_MCC,0.7927826638136217
mask_oedema__t1c__follow_up_2__original_glcm_MaximumProbability,0.0074096358774846
mask_oedema__t1c__follow_up_2__original_glcm_SumAverage,51.8400017945657
mask_oedema__t1c__follow_up_2__original_glcm_SumEntropy,5.748730788840977
mask_oedema__t1c__follow_up_2__original_glcm_SumSquares,51.38580728540812
mask_oedema__t1c__follow_up_2__original_glrlm_GrayLevelNonUniformity,118.8557150536295
mask_oedema__t1c__follow_up_2__original_glrlm_GrayLevelNonUniformityNormalized,0.0378601196218427
mask_oedema__t1c__follow_up_2__original_glrlm_GrayLevelVariance,57.46429611672837
mask_oedema__t1c__follow_up_2__original_glrlm_HighGrayLevelRunEmphasis,752.5583624621787
mask_oedema__t1c__follow_up_2__original_glrlm_LongRunEmphasis,1.246863574731248
mask_oedema__t1c__follow_up_2__original_glrlm_LongRunHighGrayLevelEmphasis,927.75839634995
mask_oedema__t1c__follow_up_2__original_glrlm_LongRunLowGrayLevelEmphasis,0.003340052855321
mask_oedema__t1c__follow_up_2__original_glrlm_LowGrayLevelRunEmphasis,0.0028557629840397
mask_oedema__t1c__follow_up_2__original_glrlm_RunEntropy,5.308849678846256
mask_oedema__t1c__follow_up_2__original_glrlm_RunLengthNonUniformity,2742.550742752179
mask_oedema__t1c__follow_up_2__original_glrlm_RunLengthNonUniformityNormalized,0.8728026067385823
mask_oedema__t1c__follow_up_2__original_glrlm_RunPercentage,0.930096866096866
mask_oedema__t1c__follow_up_2__original_glrlm_RunVariance,0.0884691621878602
mask_oedema__t1c__follow_up_2__original_glrlm_ShortRunEmphasis,0.9479321266622768
mask_oedema__t1c__follow_up_2__original_glrlm_ShortRunHighGrayLevelEmphasis,715.4697241892648
mask_oedema__t1c__follow_up_2__original_glrlm_ShortRunLowGrayLevelEmphasis,0.0027521260445234
mask_oedema__t1c__follow_up_2__original_glszm_GrayLevelNonUniformity,42.4483306836248
mask_oedema__t1c__follow_up_2__original_glszm_GrayLevelNonUniformityNormalized,0.0337427111952502
mask_oedema__t1c__follow_up_2__original_glszm_GrayLevelVariance,73.12803526429265
mask_oedema__t1c__follow_up_2__original_glszm_HighGrayLevelZoneEmphasis,797.5850556438792
mask_oedema__t1c__follow_up_2__original_glszm_LargeAreaEmphasis,22.646263910969797
mask_oedema__t1c__follow_up_2__original_glszm_LargeAreaHighGrayLevelEmphasis,15443.04213036566
mask_oedema__t1c__follow_up_2__original_glszm_LargeAreaLowGrayLevelEmphasis,0.0462726108440908
mask_oedema__t1c__follow_up_2__original_glszm_LowGrayLevelZoneEmphasis,0.0042091792630598
mask_oedema__t1c__follow_up_2__original_glszm_SizeZoneNonUniformity,457.5262321144674
mask_oedema__t1c__follow_up_2__original_glszm_SizeZoneNonUniformityNormalized,0.3636933482626927
mask_oedema__t1c__follow_up_2__original_glszm_SmallAreaEmphasis,0.6252436275271211
mask_oedema__t1c__follow_up_2__original_glszm_SmallAreaHighGrayLevelEmphasis,510.7365723296452
mask_oedema__t1c__follow_up_2__original_glszm_SmallAreaLowGrayLevelEmphasis,0.0034607129789242
mask_oedema__t1c__follow_up_2__original_glszm_ZoneEntropy,7.043487730755174
mask_oedema__t1c__follow_up_2__original_glszm_ZonePercentage,0.3727407407407407
mask_oedema__t1c__follow_up_2__original_glszm_ZoneVariance,15.448687699202056
mask_oedema__t1c__follow_up_2__original_gldm_DependenceEntropy,7.297610914054548
mask_oedema__t1c__follow_up_2__original_gldm_DependenceNonUniformity,680.1674074074074
mask_oedema__t1c__follow_up_2__original_gldm_DependenceNonUniformityNormalized,0.2015310836762688
mask_oedema__t1c__follow_up_2__original_gldm_DependenceVariance,2.3032795829903976
mask_oedema__t1c__follow_up_2__original_gldm_GrayLevelNonUniformity,128.65333333333334
mask_oedema__t1c__follow_up_2__original_gldm_GrayLevelVariance,56.69423108916324
mask_oedema__t1c__follow_up_2__original_gldm_HighGrayLevelEmphasis,749.6394074074074
mask_oedema__t1c__follow_up_2__original_gldm_LargeDependenceEmphasis,10.24148148148148
mask_oedema__t1c__follow_up_2__original_gldm_LargeDependenceHighGrayLevelEmphasis,7197.048
mask_oedema__t1c__follow_up_2__original_gldm_LargeDependenceLowGrayLevelEmphasis,0.0211724462457015
mask_oedema__t1c__follow_up_2__original_gldm_LowGrayLevelEmphasis,0.0027936816115744
mask_oedema__t1c__follow_up_2__original_gldm_SmallDependenceEmphasis,0.3186799926747105
mask_oedema__t1c__follow_up_2__original_gldm_SmallDependenceHighGrayLevelEmphasis,253.44849850694732
mask_oedema__t1c__follow_up_2__original_gldm_SmallDependenceLowGrayLevelEmphasis,0.0014558554951465
mask_oedema__t1c__follow_up_2__original_ngtdm_Busyness,0.165328988121759
mask_oedema__t1c__follow_up_2__original_ngtdm_Coarseness,0.0037025883055182
mask_oedema__t1c__follow_up_2__original_ngtdm_Complexity,3172.6803936004053
mask_oedema__t1c__follow_up_2__original_ngtdm_Contrast,0.0962577820139454
mask_oedema__t1c__follow_up_2__original_ngtdm_Strength,4.658949644910878
mask_necrosis__t2__follow_up_2__original_shape_Elongation,0.611012947074524
mask_necrosis__t2__follow_up_2__original_shape_Flatness,0.558553300048374
mask_necrosis__t2__follow_up_2__original_shape_LeastAxisLength,3.64607969070456
mask_necrosis__t2__follow_up_2__original_shape_MajorAxisLength,6.5277202558624
mask_necrosis__t2__follow_up_2__original_shape_Maximum2DDiameterColumn,6.324555320336759
mask_necrosis__t2__follow_up_2__original_shape_Maximum2DDiameterRow,6.708203932499369
mask_necrosis__t2__follow_up_2__original_shape_Maximum2DDiameterSlice,5.385164807134504
mask_necrosis__t2__follow_up_2__original_shape_Maximum3DDiameter,7.0
mask_necrosis__t2__follow_up_2__original_shape_MeshVolume,53.25
mask_necrosis__t2__follow_up_2__original_shape_MinorAxisLength,3.988521591212552
mask_necrosis__t2__follow_up_2__original_shape_Sphericity,0.7691656021943208
mask_necrosis__t2__follow_up_2__original_shape_SurfaceArea,88.99057480277139
mask_necrosis__t2__follow_up_2__original_shape_SurfaceVolumeRatio,1.6711845033384298
mask_necrosis__t2__follow_up_2__original_shape_VoxelVolume,60.0
mask_necrosis__t2__follow_up_2__original_firstorder_10Percentile,378.8095157869077
mask_necrosis__t2__follow_up_2__original_firstorder_90Percentile,645.8112129985367
mask_necrosis__t2__follow_up_2__original_firstorder_Energy,17320236.891595554
mask_necrosis__t2__follow_up_2__original_firstorder_Entropy,5.135812887167001
mask_necrosis__t2__follow_up_2__original_firstorder_InterquartileRange,205.1546396384644
mask_necrosis__t2__follow_up_2__original_firstorder_Kurtosis,1.6898374161873309
mask_necrosis__t2__follow_up_2__original_firstorder_MeanAbsoluteDeviation,89.13517588926248
mask_necrosis__t2__follow_up_2__original_firstorder_Mean,527.538544228752
mask_necrosis__t2__follow_up_2__original_firstorder_Median,548.8902327753066
mask_necrosis__t2__follow_up_2__original_firstorder_Range,320.59560241093726
mask_necrosis__t2__follow_up_2__original_firstorder_RobustMeanAbsoluteDeviation,73.46721353451777
mask_necrosis__t2__follow_up_2__original_firstorder_RootMeanSquared,537.2807598080597
mask_necrosis__t2__follow_up_2__original_firstorder_Skewness,-0.3388635161067454
mask_necrosis__t2__follow_up_2__original_firstorder_TotalEnergy,17320236.891595554
mask_necrosis__t2__follow_up_2__original_firstorder_Uniformity,0.0316666666666666
mask_necrosis__t2__follow_up_2__original_firstorder_Variance,10373.699212934958
mask_necrosis__t2__follow_up_2__original_glcm_Autocorrelation,1676.3926383686205
mask_necrosis__t2__follow_up_2__original_glcm_ClusterProminence,2412253.301002348
mask_necrosis__t2__follow_up_2__original_glcm_ClusterShade,-15656.695676157571
mask_necrosis__t2__follow_up_2__original_glcm_ClusterTendency,1048.1575706496894
mask_necrosis__t2__follow_up_2__original_glcm_Contrast,520.8690095148859
mask_necrosis__t2__follow_up_2__original_glcm_Correlation,0.3456198600439447
mask_necrosis__t2__follow_up_2__original_glcm_DifferenceAverage,17.310394865309956
mask_necrosis__t2__follow_up_2__original_glcm_DifferenceEntropy,4.232510332503582
mask_necrosis__t2__follow_up_2__original_glcm_DifferenceVariance,188.8840855269618
mask_necrosis__t2__follow_up_2__original_glcm_Id,0.1442720027308894
mask_necrosis__t2__follow_up_2__original_glcm_Idm,0.077624773649786
mask_necrosis__t2__follow_up_2__original_glcm_Idmn,0.9078524610396068
mask_necrosis__t2__follow_up_2__original_glcm_Idn,0.813224538892727
mask_necrosis__t2__follow_up_2__original_glcm_Imc1,-0.7917893331259047
mask_necrosis__t2__follow_up_2__original_glcm_Imc2,0.9997697231213654
mask_necrosis__t2__follow_up_2__original_glcm_InverseVariance,0.0743860492746212
mask_necrosis__t2__follow_up_2__original_glcm_JointAverage,39.28225943058395
mask_necrosis__t2__follow_up_2__original_glcm_JointEnergy,0.0172530726447484
mask_necrosis__t2__follow_up_2__original_glcm_JointEntropy,5.889806345840698
mask_necrosis__t2__follow_up_2__original_glcm_MCC,0.9999999999998757
mask_necrosis__t2__follow_up_2__original_glcm_MaximumProbability,0.025808742124983
mask_necrosis__t2__follow_up_2__original_glcm_SumAverage,78.5645188611679
mask_necrosis__t2__follow_up_2__original_glcm_SumEntropy,4.752060290401137
mask_necrosis__t2__follow_up_2__original_glcm_SumSquares,392.2566450411439
mask_necrosis__t2__follow_up_2__original_glrlm_GrayLevelNonUniformity,1.861120746838548
mask_necrosis__t2__follow_up_2__original_glrlm_GrayLevelNonUniformityNormalized,0.0314990732083349
mask_necrosis__t2__follow_up_2__original_glrlm_GrayLevelVariance,419.1496137053992
mask_necrosis__t2__follow_up_2__original_glrlm_HighGrayLevelRunEmphasis,1714.5706822804889
mask_necrosis__t2__follow_up_2__original_glrlm_LongRunEmphasis,1.0478944292349812
mask_necrosis__t2__follow_up_2__original_glrlm_LongRunHighGrayLevelEmphasis,1811.8655012300335
mask_necrosis__t2__follow_up_2__original_glrlm_LongRunLowGrayLevelEmphasis,0.0279020760422038
mask_necrosis__t2__follow_up_2__original_glrlm_LowGrayLevelRunEmphasis,0.0277816666462758
mask_necrosis__t2__follow_up_2__original_glrlm_RunEntropy,5.15818302758798
mask_necrosis__t2__follow_up_2__original_glrlm_RunLengthNonUniformity,57.30039255401464
mask_necrosis__t2__follow_up_2__original_glrlm_RunLengthNonUniformityNormalized,0.9692824300384276
mask_necrosis__t2__follow_up_2__original_glrlm_RunPercentage,0.9846153846153844
mask_necrosis__t2__follow_up_2__original_glrlm_RunVariance,0.0153587849807862
mask_necrosis__t2__follow_up_2__original_glrlm_ShortRunEmphasis,0.9880263926912546
mask_necrosis__t2__follow_up_2__original_glrlm_ShortRunHighGrayLevelEmphasis,1690.2469775431027
mask_necrosis__t2__follow_up_2__original_glrlm_ShortRunLowGrayLevelEmphasis,0.0277515642972938
mask_necrosis__t2__follow_up_2__original_glszm_GrayLevelNonUniformity,1.375
mask_necrosis__t2__follow_up_2__original_glszm_GrayLevelNonUniformityNormalized,0.0286458333333333
mask_necrosis__t2__follow_up_2__original_glszm_GrayLevelVariance,441.72873263888886
mask_necrosis__t2__follow_up_2__original_glszm_HighGrayLevelZoneEmphasis,1642.0625
mask_necrosis__t2__follow_up_2__original_glszm_LargeAreaEmphasis,1.8333333333333333
mask_necrosis__t2__follow_up_2__original_glszm_LargeAreaHighGrayLevelEmphasis,3320.3541666666665
mask_necrosis__t2__follow_up_2__original_glszm_LargeAreaLowGrayLevelEmphasis,0.0355415595040459
mask_necrosis__t2__follow_up_2__original_glszm_LowGrayLevelZoneEmphasis,0.0335988393385522
mask_necrosis__t2__follow_up_2__original_glszm_SizeZoneNonUniformity,31.5
mask_necrosis__t2__follow_up_2__original_glszm_SizeZoneNonUniformityNormalized,0.65625
mask_necrosis__t2__follow_up_2__original_glszm_SmallAreaEmphasis,0.8379629629629629
mask_necrosis__t2__follow_up_2__original_glszm_SmallAreaHighGrayLevelEmphasis,1309.2488425925926
mask_necrosis__t2__follow_up_2__original_glszm_SmallAreaLowGrayLevelEmphasis,0.0331392368099889
mask_necrosis__t2__follow_up_2__original_glszm_ZoneEntropy,5.334962500721144
mask_necrosis__t2__follow_up_2__original_glszm_ZonePercentage,0.8
mask_necrosis__t2__follow_up_2__original_glszm_ZoneVariance,0.2708333333333333
mask_necrosis__t2__follow_up_2__original_gldm_DependenceEntropy,5.37355726227517
mask_necrosis__t2__follow_up_2__original_gldm_DependenceNonUniformity,30.8
mask_necrosis__t2__follow_up_2__original_gldm_DependenceNonUniformityNormalized,0.5133333333333333
mask_necrosis__t2__follow_up_2__original_gldm_DependenceVariance,0.3066666666666666
mask_necrosis__t2__follow_up_2__original_gldm_GrayLevelNonUniformity,1.9
mask_necrosis__t2__follow_up_2__original_gldm_GrayLevelVariance,417.5430555555556
mask_necrosis__t2__follow_up_2__original_gldm_HighGrayLevelEmphasis,1719.55
mask_necrosis__t2__follow_up_2__original_gldm_LargeDependenceEmphasis,2.2666666666666666
mask_necrosis__t2__follow_up_2__original_gldm_LargeDependenceHighGrayLevelEmphasis,4279.883333333333
mask_necrosis__t2__follow_up_2__original_gldm_LargeDependenceLowGrayLevelEmphasis,0.0304554136218345
mask_necrosis__t2__follow_up_2__original_gldm_LowGrayLevelEmphasis,0.0273846129754912
mask_necrosis__t2__follow_up_2__original_gldm_SmallDependenceEmphasis,0.7203703703703703
mask_necrosis__t2__follow_up_2__original_gldm_SmallDependenceHighGrayLevelEmphasis,1148.874074074074
mask_necrosis__t2__follow_up_2__original_gldm_SmallDependenceLowGrayLevelEmphasis,0.0266377748241535
mask_necrosis__t2__follow_up_2__original_ngtdm_Busyness,0.015555790092613
mask_necrosis__t2__follow_up_2__original_ngtdm_Coarseness,0.0507057462060573
mask_necrosis__t2__follow_up_2__original_ngtdm_Complexity,11963.963733356364
mask_necrosis__t2__follow_up_2__original_ngtdm_Contrast,6.392014524758303
mask_necrosis__t2__follow_up_2__original_ngtdm_Strength,100.69256122070456
mask_all__t2__follow_up_2__original_shape_Elongation,0.8032801151815605
mask_all__t2__follow_up_2__original_shape_Flatness,0.6835951445160551
mask_all__t2__follow_up_2__original_shape_LeastAxisLength,16.11975153807481
mask_all__t2__follow_up_2__original_shape_MajorAxisLength,23.580845574154328
mask_all__t2__follow_up_2__original_shape_Maximum2DDiameterColumn,23.600847442411894
mask_all__t2__follow_up_2__original_shape_Maximum2DDiameterRow,30.0
mask_all__t2__follow_up_2__original_shape_Maximum2DDiameterSlice,31.575306807693888
mask_all__t2__follow_up_2__original_shape_Maximum3DDiameter,31.63858403911275
mask_all__t2__follow_up_2__original_shape_MeshVolume,3878.7083333333335
mask_all__t2__follow_up_2__original_shape_MinorAxisLength,18.94202434888528
mask_all__t2__follow_up_2__original_shape_Sphericity,0.565518597510789
mask_all__t2__follow_up_2__original_shape_SurfaceArea,2111.034422915839
mask_all__t2__follow_up_2__original_shape_SurfaceVolumeRatio,0.5442622237856259
mask_all__t2__follow_up_2__original_shape_VoxelVolume,3911.0
mask_all__t2__follow_up_2__original_firstorder_10Percentile,244.3741844903128
mask_all__t2__follow_up_2__original_firstorder_90Percentile,420.5118707280201
mask_all__t2__follow_up_2__original_firstorder_Energy,483700305.8214985
mask_all__t2__follow_up_2__original_firstorder_Entropy,5.789516723690883
mask_all__t2__follow_up_2__original_firstorder_InterquartileRange,105.6056829223832
mask_all__t2__follow_up_2__original_firstorder_Kurtosis,4.660851059303977
mask_all__t2__follow_up_2__original_firstorder_MeanAbsoluteDeviation,59.39940621818722
mask_all__t2__follow_up_2__original_firstorder_Mean,343.5034248682616
mask_all__t2__follow_up_2__original_firstorder_Median,347.1875496178627
mask_all__t2__follow_up_2__original_firstorder_Range,585.6523339737867
mask_all__t2__follow_up_2__original_firstorder_RobustMeanAbsoluteDeviation,42.90405019699877
mask_all__t2__follow_up_2__original_firstorder_RootMeanSquared,351.6772486179252
mask_all__t2__follow_up_2__original_firstorder_Skewness,0.656107419043951
mask_all__t2__follow_up_2__original_firstorder_TotalEnergy,483700305.8214985
mask_all__t2__follow_up_2__original_firstorder_Uniformity,0.0210800644171737
mask_all__t2__follow_up_2__original_firstorder_Variance,5682.284299248471
mask_all__t2__follow_up_2__original_glcm_Autocorrelation,1493.3866177070158
mask_all__t2__follow_up_2__original_glcm_ClusterProminence,2741099.027754006
mask_all__t2__follow_up_2__original_glcm_ClusterShade,12992.217838689676
mask_all__t2__follow_up_2__original_glcm_ClusterTendency,771.6246342043939
mask_all__t2__follow_up_2__original_glcm_Contrast,82.82285883326284
mask_all__t2__follow_up_2__original_glcm_Correlation,0.8062128224380098
mask_all__t2__follow_up_2__original_glcm_DifferenceAverage,6.3825767454636
mask_all__t2__follow_up_2__original_glcm_DifferenceEntropy,4.096536515913995
mask_all__t2__follow_up_2__original_glcm_DifferenceVariance,39.74016642588764
mask_all__t2__follow_up_2__original_glcm_Id,0.2641252293887072
mask_all__t2__follow_up_2__original_glcm_Idm,0.1765720948214973
mask_all__t2__follow_up_2__original_glcm_Idmn,0.9942880174293436
mask_all__t2__follow_up_2__original_glcm_Idn,0.9510148949930728
mask_all__t2__follow_up_2__original_glcm_Imc1,-0.2330646831309424
mask_all__t2__follow_up_2__original_glcm_Imc2,0.9593131192106786
mask_all__t2__follow_up_2__original_glcm_InverseVariance,0.184423265520242
mask_all__t2__follow_up_2__original_glcm_JointAverage,36.344771451479886
mask_all__t2__follow_up_2__original_glcm_JointEnergy,0.0012802911181915
mask_all__t2__follow_up_2__original_glcm_JointEntropy,10.143063909553105
mask_all__t2__follow_up_2__original_glcm_MCC,0.8267134069093403
mask_all__t2__follow_up_2__original_glcm_MaximumProbability,0.0048844789095423
mask_all__t2__follow_up_2__original_glcm_SumAverage,72.68954290295977
mask_all__t2__follow_up_2__original_glcm_SumEntropy,6.668601140966874
mask_all__t2__follow_up_2__original_glcm_SumSquares,213.611873259414
mask_all__t2__follow_up_2__original_glrlm_GrayLevelNonUniformity,77.35517636087765
mask_all__t2__follow_up_2__original_glrlm_GrayLevelNonUniformityNormalized,0.020894240297081
mask_all__t2__follow_up_2__original_glrlm_GrayLevelVariance,230.1591896215747
mask_all__t2__follow_up_2__original_glrlm_HighGrayLevelRunEmphasis,1387.9482707424786
mask_all__t2__follow_up_2__original_glrlm_LongRunEmphasis,1.1863179170518563
mask_all__t2__follow_up_2__original_glrlm_LongRunHighGrayLevelEmphasis,1677.8286540106872
mask_all__t2__follow_up_2__original_glrlm_LongRunLowGrayLevelEmphasis,0.0029300617889133
mask_all__t2__follow_up_2__original_glrlm_LowGrayLevelRunEmphasis,0.0026214562672746
mask_all__t2__follow_up_2__original_glrlm_RunEntropy,6.080677774323892
mask_all__t2__follow_up_2__original_glrlm_RunLengthNonUniformity,3348.710631995618
mask_all__t2__follow_up_2__original_glrlm_RunLengthNonUniformityNormalized,0.9040131055934862
mask_all__t2__follow_up_2__original_glrlm_RunPercentage,0.946580650237004
mask_all__t2__follow_up_2__original_glrlm_RunVariance,0.0689556860659018
mask_all__t2__follow_up_2__original_glrlm_ShortRunEmphasis,0.9613627201626248
mask_all__t2__follow_up_2__original_glrlm_ShortRunHighGrayLevelEmphasis,1327.6294395966538
mask_all__t2__follow_up_2__original_glrlm_ShortRunLowGrayLevelEmphasis,0.0025583204376737
mask_all__t2__follow_up_2__original_glszm_GrayLevelNonUniformity,38.084566596194506
mask_all__t2__follow_up_2__original_glszm_GrayLevelNonUniformityNormalized,0.020129263528644
mask_all__t2__follow_up_2__original_glszm_GrayLevelVariance,266.1929664348386
mask_all__t2__follow_up_2__original_glszm_HighGrayLevelZoneEmphasis,1304.3472515856238
mask_all__t2__follow_up_2__original_glszm_LargeAreaEmphasis,14.69186046511628
mask_all__t2__follow_up_2__original_glszm_LargeAreaHighGrayLevelEmphasis,26725.718287526423
mask_all__t2__follow_up_2__original_glszm_LargeAreaLowGrayLevelEmphasis,0.0175212766799539
mask_all__t2__follow_up_2__original_glszm_LowGrayLevelZoneEmphasis,0.0033669680671372
mask_all__t2__follow_up_2__original_glszm_SizeZoneNonUniformity,837.9883720930233
mask_all__t2__follow_up_2__original_glszm_SizeZoneNonUniformityNormalized,0.4429114017404985
mask_all__t2__follow_up_2__original_glszm_SmallAreaEmphasis,0.692055429730058
mask_all__t2__follow_up_2__original_glszm_SmallAreaHighGrayLevelEmphasis,901.6870846311016
mask_all__t2__follow_up_2__original_glszm_SmallAreaLowGrayLevelEmphasis,0.0026335660040836
mask_all__t2__follow_up_2__original_glszm_ZoneEntropy,7.427605494701212
mask_all__t2__follow_up_2__original_glszm_ZonePercentage,0.4837637432881616
mask_all__t2__follow_up_2__original_glszm_ZoneVariance,10.418855792051993
mask_all__t2__follow_up_2__original_gldm_DependenceEntropy,7.808734021371083
mask_all__t2__follow_up_2__original_gldm_DependenceNonUniformity,962.050370749169
mask_all__t2__follow_up_2__original_gldm_DependenceNonUniformityNormalized,0.2459857762079184
mask_all__t2__follow_up_2__original_gldm_DependenceVariance,2.0024235219311084
mask_all__t2__follow_up_2__original_gldm_GrayLevelNonUniformity,82.44413193556635
mask_all__t2__follow_up_2__original_gldm_GrayLevelVariance,227.61386790635228
mask_all__t2__follow_up_2__original_gldm_HighGrayLevelEmphasis,1397.197903349527
mask_all__t2__follow_up_2__original_gldm_LargeDependenceEmphasis,7.709281513679365
mask_all__t2__follow_up_2__original_gldm_LargeDependenceHighGrayLevelEmphasis,12448.904883661467
mask_all__t2__follow_up_2__original_gldm_LargeDependenceLowGrayLevelEmphasis,0.0122188843197877
mask_all__t2__follow_up_2__original_gldm_LowGrayLevelEmphasis,0.002568906299192
mask_all__t2__follow_up_2__original_gldm_SmallDependenceEmphasis,0.4173407184850828
mask_all__t2__follow_up_2__original_gldm_SmallDependenceHighGrayLevelEmphasis,549.2373613238312
mask_all__t2__follow_up_2__original_gldm_SmallDependenceLowGrayLevelEmphasis,0.0014496533253092
mask_all__t2__follow_up_2__original_ngtdm_Busyness,0.0624687704132965
mask_all__t2__follow_up_2__original_ngtdm_Coarseness,0.0040095307622845
mask_all__t2__follow_up_2__original_ngtdm_Complexity,16864.341009669155
mask_all__t2__follow_up_2__original_ngtdm_Contrast,0.1639454943813766
mask_all__t2__follow_up_2__original_ngtdm_Strength,20.3266397869314
mask_tumor__t2__follow_up_2__original_shape_Elongation,0.9704161571962024
mask_tumor__t2__follow_up_2__original_shape_Flatness,0.7584625837848019
mask_tumor__t2__follow_up_2__original_shape_LeastAxisLength,8.075536562242782
mask_tumor__t2__follow_up_2__original_shape_MajorAxisLength,10.64724448494884
mask_tumor__t2__follow_up_2__original_shape_Maximum2DDiameterColumn,11.6619037896906
mask_tumor__t2__follow_up_2__original_shape_Maximum2DDiameterRow,11.40175425099138
mask_tumor__t2__follow_up_2__original_shape_Maximum2DDiameterSlice,11.6619037896906
mask_tumor__t2__follow_up_2__original_shape_Maximum3DDiameter,12.68857754044952
mask_tumor__t2__follow_up_2__original_shape_MeshVolume,465.3333333333333
mask_tumor__t2__follow_up_2__original_shape_MinorAxisLength,10.33225807781252
mask_tumor__t2__follow_up_2__original_shape_Sphericity,0.5833891359350818
mask_tumor__t2__follow_up_2__original_shape_SurfaceArea,497.77746260330656
mask_tumor__t2__follow_up_2__original_shape_SurfaceVolumeRatio,1.0697223408380514
mask_tumor__t2__follow_up_2__original_shape_VoxelVolume,476.0
mask_tumor__t2__follow_up_2__original_firstorder_10Percentile,316.70359169406464
mask_tumor__t2__follow_up_2__original_firstorder_90Percentile,529.1948811714831
mask_tumor__t2__follow_up_2__original_firstorder_Energy,82155348.43197879
mask_tumor__t2__follow_up_2__original_firstorder_Entropy,5.747771707890715
mask_tumor__t2__follow_up_2__original_firstorder_InterquartileRange,97.71517639915368
mask_tumor__t2__follow_up_2__original_firstorder_Kurtosis,4.268584781130241
mask_tumor__t2__follow_up_2__original_firstorder_MeanAbsoluteDeviation,64.25510780181872
mask_tumor__t2__follow_up_2__original_firstorder_Mean,406.9199193179623
mask_tumor__t2__follow_up_2__original_firstorder_Median,389.6456976296125
mask_tumor__t2__follow_up_2__original_firstorder_Range,527.6548135472449
mask_tumor__t2__follow_up_2__original_firstorder_RobustMeanAbsoluteDeviation,41.9517488465068
mask_tumor__t2__follow_up_2__original_firstorder_RootMeanSquared,415.4458686942036
mask_tumor__t2__follow_up_2__original_firstorder_Skewness,1.071027088658998
mask_tumor__t2__follow_up_2__original_firstorder_TotalEnergy,82155348.43197879
mask_tumor__t2__follow_up_2__original_firstorder_Uniformity,0.0220764776498834
mask_tumor__t2__follow_up_2__original_firstorder_Variance,7011.449077344592
mask_tumor__t2__follow_up_2__original_glcm_Autocorrelation,1337.59319967721
mask_tumor__t2__follow_up_2__original_glcm_ClusterProminence,2695002.2166097485
mask_tumor__t2__follow_up_2__original_glcm_ClusterShade,24283.94655341816
mask_tumor__t2__follow_up_2__original_glcm_ClusterTendency,839.4527573840139
mask_tumor__t2__follow_up_2__original_glcm_Contrast,176.57725092746065
mask_tumor__t2__follow_up_2__original_glcm_Correlation,0.6472159474276986
mask_tumor__t2__follow_up_2__original_glcm_DifferenceAverage,9.393889411540515
mask_tumor__t2__follow_up_2__original_glcm_DifferenceEntropy,4.512782786893572
mask_tumor__t2__follow_up_2__original_glcm_DifferenceVariance,84.4609032417108
mask_tumor__t2__follow_up_2__original_glcm_Id,0.2057897388599761
mask_tumor__t2__follow_up_2__original_glcm_Idm,0.1231087841892335
mask_tumor__t2__follow_up_2__original_glcm_Idmn,0.9856688787670536
mask_tumor__t2__follow_up_2__original_glcm_Idn,0.9238664045583334
mask_tumor__t2__follow_up_2__original_glcm_Imc1,-0.4395117621797011
mask_tumor__t2__follow_up_2__original_glcm_Imc2,0.9964397754415318
mask_tumor__t2__follow_up_2__original_glcm_InverseVariance,0.1333616219214498
mask_tumor__t2__follow_up_2__original_glcm_JointAverage,34.22907756579047
mask_tumor__t2__follow_up_2__original_glcm_JointEnergy,0.0024606733909671
mask_tumor__t2__follow_up_2__original_glcm_JointEntropy,8.834082109345543
mask_tumor__t2__follow_up_2__original_glcm_MCC,0.8999025509897168
mask_tumor__t2__follow_up_2__original_glcm_MaximumProbability,0.0082706290869027
mask_tumor__t2__follow_up_2__original_glcm_SumAverage,68.45815513158094
mask_tumor__t2__follow_up_2__original_glcm_SumEntropy,6.36780205630582
mask_tumor__t2__follow_up_2__original_glcm_SumSquares,254.0075020778687
mask_tumor__t2__follow_up_2__original_glrlm_GrayLevelNonUniformity,10.14935090146626
mask_tumor__t2__follow_up_2__original_glrlm_GrayLevelNonUniformityNormalized,0.0219236376933878
mask_tumor__t2__follow_up_2__original_glrlm_GrayLevelVariance,283.6952340335676
mask_tumor__t2__follow_up_2__original_glrlm_HighGrayLevelRunEmphasis,1504.7086131409385
mask_tumor__t2__follow_up_2__original_glrlm_LongRunEmphasis,1.0861047759751952
mask_tumor__t2__follow_up_2__original_glrlm_LongRunHighGrayLevelEmphasis,1609.078099261027
mask_tumor__t2__follow_up_2__original_glrlm_LongRunLowGrayLevelEmphasis,0.0040891157372289
mask_tumor__t2__follow_up_2__original_glrlm_LowGrayLevelRunEmphasis,0.0039484804128657
mask_tumor__t2__follow_up_2__original_glrlm_RunEntropy,5.873618587597751
mask_tumor__t2__follow_up_2__original_glrlm_RunLengthNonUniformity,438.02826219036064
mask_tumor__t2__follow_up_2__original_glrlm_RunLengthNonUniformityNormalized,0.9460149137827596
mask_tumor__t2__follow_up_2__original_glrlm_RunPercentage,0.9725274725274724
mask_tumor__t2__follow_up_2__original_glrlm_RunVariance,0.0284478292592997
mask_tumor__t2__follow_up_2__original_glrlm_ShortRunEmphasis,0.979034099306152
mask_tumor__t2__follow_up_2__original_glrlm_ShortRunHighGrayLevelEmphasis,1479.0641427526202
mask_tumor__t2__follow_up_2__original_glrlm_ShortRunLowGrayLevelEmphasis,0.0039142680414083
mask_tumor__t2__follow_up_2__original_glszm_GrayLevelNonUniformity,6.798780487804878
mask_tumor__t2__follow_up_2__original_glszm_GrayLevelNonUniformityNormalized,0.020727989292088
mask_tumor__t2__follow_up_2__original_glszm_GrayLevelVariance,317.4916344437835
mask_tumor__t2__follow_up_2__original_glszm_HighGrayLevelZoneEmphasis,1620.0853658536585
mask_tumor__t2__follow_up_2__original_glszm_LargeAreaEmphasis,3.0365853658536586
mask_tumor__t2__follow_up_2__original_glszm_LargeAreaHighGrayLevelEmphasis,3983.7256097560976
mask_tumor__t2__follow_up_2__original_glszm_LargeAreaLowGrayLevelEmphasis,0.0080758173448799
mask_tumor__t2__follow_up_2__original_glszm_LowGrayLevelZoneEmphasis,0.0048707221807462
mask_tumor__t2__follow_up_2__original_glszm_SizeZoneNonUniformity,185.7317073170732
mask_tumor__t2__follow_up_2__original_glszm_SizeZoneNonUniformityNormalized,0.5662552052349792
mask_tumor__t2__follow_up_2__original_glszm_SmallAreaEmphasis,0.780713473397489
mask_tumor__t2__follow_up_2__original_glszm_SmallAreaHighGrayLevelEmphasis,1326.5700338753388
mask_tumor__t2__follow_up_2__original_glszm_SmallAreaLowGrayLevelEmphasis,0.0044739426067483
mask_tumor__t2__follow_up_2__original_glszm_ZoneEntropy,6.613394782017701
mask_tumor__t2__follow_up_2__original_glszm_ZonePercentage,0.6890756302521008
mask_tumor__t2__follow_up_2__original_glszm_ZoneVariance,0.9305472932778108
mask_tumor__t2__follow_up_2__original_gldm_DependenceEntropy,6.876959642561754
mask_tumor__t2__follow_up_2__original_gldm_DependenceNonUniformity,179.72268907563026
mask_tumor__t2__follow_up_2__original_gldm_DependenceNonUniformityNormalized,0.3775686745286349
mask_tumor__t2__follow_up_2__original_gldm_DependenceVariance,0.7418967587034814
mask_tumor__t2__follow_up_2__original_gldm_GrayLevelNonUniformity,10.508403361344538
mask_tumor__t2__follow_up_2__original_gldm_GrayLevelVariance,280.87379069274766
mask_tumor__t2__follow_up_2__original_gldm_HighGrayLevelEmphasis,1496.7731092436975
mask_tumor__t2__follow_up_2__original_gldm_LargeDependenceEmphasis,3.680672268907563
mask_tumor__t2__follow_up_2__original_gldm_LargeDependenceHighGrayLevelEmphasis,4678.621848739495
mask_tumor__t2__follow_up_2__original_gldm_LargeDependenceLowGrayLevelEmphasis,0.0080918628286419
mask_tumor__t2__follow_up_2__original_gldm_LowGrayLevelEmphasis,0.0038846026094817
mask_tumor__t2__follow_up_2__original_gldm_SmallDependenceEmphasis,0.6016835901027078
mask_tumor__t2__follow_up_2__original_gldm_SmallDependenceHighGrayLevelEmphasis,992.6109307889824
mask_tumor__t2__follow_up_2__original_gldm_SmallDependenceLowGrayLevelEmphasis,0.0031979758799651
mask_tumor__t2__follow_up_2__original_ngtdm_Busyness,0.0290463855339065
mask_tumor__t2__follow_up_2__original_ngtdm_Coarseness,0.018698234128962
mask_tumor__t2__follow_up_2__original_ngtdm_Complexity,14221.38421324073
mask_tumor__t2__follow_up_2__original_ngtdm_Contrast,0.705529033871682
mask_tumor__t2__follow_up_2__original_ngtdm_Strength,44.92115282340932
mask_oedema__t2__follow_up_2__original_shape_Elongation,0.7277246755167485
mask_oedema__t2__follow_up_2__original_shape_Flatness,0.6664942598712517
mask_oedema__t2__follow_up_2__original_shape_LeastAxisLength,16.70813553875922
mask_oedema__t2__follow_up_2__original_shape_MajorAxisLength,25.06868632595091
mask_oedema__t2__follow_up_2__original_shape_Maximum2DDiameterColumn,23.600847442411894
mask_oedema__t2__follow_up_2__original_shape_Maximum2DDiameterRow,30.0
mask_oedema__t2__follow_up_2__original_shape_Maximum2DDiameterSlice,31.575306807693888
mask_oedema__t2__follow_up_2__original_shape_Maximum3DDiameter,31.63858403911275
mask_oedema__t2__follow_up_2__original_shape_MeshVolume,3342.333333333333
mask_oedema__t2__follow_up_2__original_shape_MinorAxisLength,18.243101622183776
mask_oedema__t2__follow_up_2__original_shape_Sphericity,0.4948645925140381
mask_oedema__t2__follow_up_2__original_shape_SurfaceArea,2184.5613720436886
mask_oedema__t2__follow_up_2__original_shape_SurfaceVolumeRatio,0.6536036816725905
mask_oedema__t2__follow_up_2__original_shape_VoxelVolume,3375.0
mask_oedema__t2__follow_up_2__original_firstorder_10Percentile,240.9299932004156
mask_oedema__t2__follow_up_2__original_firstorder_90Percentile,411.0953449861339
mask_oedema__t2__follow_up_2__original_firstorder_Energy,384224720.4979241
mask_oedema__t2__follow_up_2__original_firstorder_Entropy,5.589117928394939
mask_oedema__t2__follow_up_2__original_firstorder_InterquartileRange,107.90951798580636
mask_oedema__t2__follow_up_2__original_firstorder_Kurtosis,2.030941655516299
mask_oedema__t2__follow_up_2__original_firstorder_MeanAbsoluteDeviation,55.04420427694213
mask_oedema__t2__follow_up_2__original_firstorder_Mean,331.2876149365025
mask_oedema__t2__follow_up_2__original_firstorder_Median,338.57412936977863
mask_oedema__t2__follow_up_2__original_firstorder_Range,357.3976022824183
mask_oedema__t2__follow_up_2__original_firstorder_RobustMeanAbsoluteDeviation,43.36570067040902
mask_oedema__t2__follow_up_2__original_firstorder_RootMeanSquared,337.4083010671411
mask_oedema__t2__follow_up_2__original_firstorder_Skewness,-0.1587534973824626
mask_oedema__t2__follow_up_2__original_firstorder_TotalEnergy,384224720.4979241
mask_oedema__t2__follow_up_2__original_firstorder_Uniformity,0.0226267654320987
mask_oedema__t2__follow_up_2__original_firstorder_Variance,4092.8778186981967
mask_oedema__t2__follow_up_2__original_glcm_Autocorrelation,1241.882119041228
mask_oedema__t2__follow_up_2__original_glcm_ClusterProminence,606397.5516398285
mask_oedema__t2__follow_up_2__original_glcm_ClusterShade,-3404.1620466034374
mask_oedema__t2__follow_up_2__original_glcm_ClusterTendency,529.9536121812148
mask_oedema__t2__follow_up_2__original_glcm_Contrast,57.40095647731492
mask_oedema__t2__follow_up_2__original_glcm_Correlation,0.8044452326754281
mask_oedema__t2__follow_up_2__original_glcm_DifferenceAverage,5.598313742112027
mask_oedema__t2__follow_up_2__original_glcm_DifferenceEntropy,3.897319522986658
mask_oedema__t2__follow_up_2__original_glcm_DifferenceVariance,24.08906126146504
mask_oedema__t2__follow_up_2__original_glcm_Id,0.2779718464845787
mask_oedema__t2__follow_up_2__original_glcm_Idm,0.1891561201790379
mask_oedema__t2__follow_up_2__original_glcm_Idmn,0.9896699858149908
mask_oedema__t2__follow_up_2__original_glcm_Idn,0.9324007699828664
mask_oedema__t2__follow_up_2__original_glcm_Imc1,-0.2147407798409196
mask_oedema__t2__follow_up_2__original_glcm_Imc2,0.943398007351289
mask_oedema__t2__follow_up_2__original_glcm_InverseVariance,0.1965745087361385
mask_oedema__t2__follow_up_2__original_glcm_JointAverage,33.519763063357914
mask_oedema__t2__follow_up_2__original_glcm_JointEnergy,0.0014859257763392
mask_oedema__t2__follow_up_2__original_glcm_JointEntropy,9.845542419974043
mask_oedema__t2__follow_up_2__original_glcm_MCC,0.8199344410468667
mask_oedema__t2__follow_up_2__original_glcm_MaximumProbability,0.0055753902868859
mask_oedema__t2__follow_up_2__original_glcm_SumAverage,67.03952612671586
mask_oedema__t2__follow_up_2__original_glcm_SumEntropy,6.434735978393116
mask_oedema__t2__follow_up_2__original_glcm_SumSquares,146.83864216463235
mask_oedema__t2__follow_up_2__original_glrlm_GrayLevelNonUniformity,71.7280690264758
mask_oedema__t2__follow_up_2__original_glrlm_GrayLevelNonUniformityNormalized,0.022502888195729
mask_oedema__t2__follow_up_2__original_glrlm_GrayLevelVariance,163.3253835139255
mask_oedema__t2__follow_up_2__original_glrlm_HighGrayLevelRunEmphasis,1155.432932192305
mask_oedema__t2__follow_up_2__original_glrlm_LongRunEmphasis,1.1956328389916837
mask_oedema__t2__follow_up_2__original_glrlm_LongRunHighGrayLevelEmphasis,1441.3494947621814
mask_oedema__t2__follow_up_2__original_glrlm_LongRunLowGrayLevelEmphasis,0.003293329928625
mask_oedema__t2__follow_up_2__original_glrlm_LowGrayLevelRunEmphasis,0.0029467354450376
mask_oedema__t2__follow_up_2__original_glrlm_RunEntropy,5.884078749547375
mask_oedema__t2__follow_up_2__original_glrlm_RunLengthNonUniformity,2873.421289327894
mask_oedema__t2__follow_up_2__original_glrlm_RunLengthNonUniformityNormalized,0.9008522856300444
mask_oedema__t2__follow_up_2__original_glrlm_RunPercentage,0.9444330484330484
mask_oedema__t2__follow_up_2__original_glrlm_RunVariance,0.0729522933369317
mask_oedema__t2__follow_up_2__original_glrlm_ShortRunEmphasis,0.959960873786812
mask_oedema__t2__follow_up_2__original_glrlm_ShortRunHighGrayLevelEmphasis,1097.3439645577992
mask_oedema__t2__follow_up_2__original_glrlm_ShortRunLowGrayLevelEmphasis,0.0028761877579045
mask_oedema__t2__follow_up_2__original_glszm_GrayLevelNonUniformity,36.240554156171285
mask_oedema__t2__follow_up_2__original_glszm_GrayLevelNonUniformityNormalized,0.0228215076550197
mask_oedema__t2__follow_up_2__original_glszm_GrayLevelVariance,152.67979739418436
mask_oedema__t2__follow_up_2__original_glszm_HighGrayLevelZoneEmphasis,968.8469773299748
mask_oedema__t2__follow_up_2__original_glszm_LargeAreaEmphasis,15.685768261964736
mask_oedema__t2__follow_up_2__original_glszm_LargeAreaHighGrayLevelEmphasis,27812.72292191436
mask_oedema__t2__follow_up_2__original_glszm_LargeAreaLowGrayLevelEmphasis,0.0198547294267645
mask_oedema__t2__follow_up_2__original_glszm_LowGrayLevelZoneEmphasis,0.0038928844509147
mask_oedema__t2__follow_up_2__original_glszm_SizeZoneNonUniformity,695.0176322418137
mask_oedema__t2__follow_up_2__original_glszm_SizeZoneNonUniformityNormalized,0.4376685341573133
mask_oedema__t2__follow_up_2__original_glszm_SmallAreaEmphasis,0.6879979039417009
mask_oedema__t2__follow_up_2__original_glszm_SmallAreaHighGrayLevelEmphasis,639.2790147351553
mask_oedema__t2__follow_up_2__original_glszm_SmallAreaLowGrayLevelEmphasis,0.003052973767293
mask_oedema__t2__follow_up_2__original_glszm_ZoneEntropy,7.186198623058491
mask_oedema__t2__follow_up_2__original_glszm_ZonePercentage,0.4705185185185185
mask_oedema__t2__follow_up_2__original_glszm_ZoneVariance,11.168805001617928
mask_oedema__t2__follow_up_2__original_gldm_DependenceEntropy,7.65613847976804
mask_oedema__t2__follow_up_2__original_gldm_DependenceNonUniformity,805.5688888888889
mask_oedema__t2__follow_up_2__original_gldm_DependenceNonUniformityNormalized,0.2386870781893004
mask_oedema__t2__follow_up_2__original_gldm_DependenceVariance,2.1136130809327844
mask_oedema__t2__follow_up_2__original_gldm_GrayLevelNonUniformity,76.36533333333334
mask_oedema__t2__follow_up_2__original_gldm_GrayLevelVariance,163.93060661728396
mask_oedema__t2__follow_up_2__original_gldm_HighGrayLevelEmphasis,1172.4023703703704
mask_oedema__t2__follow_up_2__original_gldm_LargeDependenceEmphasis,8.09037037037037
mask_oedema__t2__follow_up_2__original_gldm_LargeDependenceHighGrayLevelEmphasis,12353.404444444444
mask_oedema__t2__follow_up_2__original_gldm_LargeDependenceLowGrayLevelEmphasis,0.0136711971242635
mask_oedema__t2__follow_up_2__original_gldm_LowGrayLevelEmphasis,0.0028805914845177
mask_oedema__t2__follow_up_2__original_gldm_SmallDependenceEmphasis,0.4066435703689359
mask_oedema__t2__follow_up_2__original_gldm_SmallDependenceHighGrayLevelEmphasis,399.0026347732523
mask_oedema__t2__follow_up_2__original_gldm_SmallDependenceLowGrayLevelEmphasis,0.0016322840934697
mask_oedema__t2__follow_up_2__original_ngtdm_Busyness,0.0952741819810628
mask_oedema__t2__follow_up_2__original_ngtdm_Coarseness,0.0045689244471024
mask_oedema__t2__follow_up_2__original_ngtdm_Complexity,6210.315657967404
mask_oedema__t2__follow_up_2__original_ngtdm_Contrast,0.2136985745456573
mask_oedema__t2__follow_up_2__original_ngtdm_Strength,7.752939660451666
mask_necrosis__t1__follow_up_2__original_shape_Elongation,0.611012947074524
mask_necrosis__t1__follow_up_2__original_shape_Flatness,0.558553300048374
mask_necrosis__t1__follow_up_2__original_shape_LeastAxisLength,3.64607969070456
mask_necrosis__t1__follow_up_2__original_shape_MajorAxisLength,6.5277202558624
mask_necrosis__t1__follow_up_2__original_shape_Maximum2DDiameterColumn,6.324555320336759
mask_necrosis__t1__follow_up_2__original_shape_Maximum2DDiameterRow,6.708203932499369
mask_necrosis__t1__follow_up_2__original_shape_Maximum2DDiameterSlice,5.385164807134504
mask_necrosis__t1__follow_up_2__original_shape_Maximum3DDiameter,7.0
mask_necrosis__t1__follow_up_2__original_shape_MeshVolume,53.25
mask_necrosis__t1__follow_up_2__original_shape_MinorAxisLength,3.988521591212552
mask_necrosis__t1__follow_up_2__original_shape_Sphericity,0.7691656021943208
mask_necrosis__t1__follow_up_2__original_shape_SurfaceArea,88.99057480277139
mask_necrosis__t1__follow_up_2__original_shape_SurfaceVolumeRatio,1.6711845033384298
mask_necrosis__t1__follow_up_2__original_shape_VoxelVolume,60.0
mask_necrosis__t1__follow_up_2__original_firstorder_10Percentile,379.6934100363928
mask_necrosis__t1__follow_up_2__original_firstorder_90Percentile,539.433357118991
mask_necrosis__t1__follow_up_2__original_firstorder_Energy,13357437.200663926
mask_necrosis__t1__follow_up_2__original_firstorder_Entropy,4.896404087556997
mask_necrosis__t1__follow_up_2__original_firstorder_InterquartileRange,94.65529017822227
mask_necrosis__t1__follow_up_2__original_firstorder_Kurtosis,5.5382470906617245
mask_necrosis__t1__follow_up_2__original_firstorder_MeanAbsoluteDeviation,53.983068057292776
mask_necrosis__t1__follow_up_2__original_firstorder_Mean,466.7354176926065
mask_necrosis__t1__follow_up_2__original_firstorder_Median,465.9891514524549
mask_necrosis__t1__follow_up_2__original_firstorder_Range,393.7003243452994
mask_necrosis__t1__follow_up_2__original_firstorder_RobustMeanAbsoluteDeviation,39.0790063335919
mask_necrosis__t1__follow_up_2__original_firstorder_RootMeanSquared,471.8304285910339
mask_necrosis__t1__follow_up_2__original_firstorder_Skewness,0.9807185824905718
mask_necrosis__t1__follow_up_2__original_firstorder_TotalEnergy,13357437.200663926
mask_necrosis__t1__follow_up_2__original_firstorder_Uniformity,0.0372222222222222
mask_necrosis__t1__follow_up_2__original_firstorder_Variance,4782.003215706893
mask_necrosis__t1__follow_up_2__original_glcm_Autocorrelation,608.3858293946397
mask_necrosis__t1__follow_up_2__original_glcm_ClusterProminence,666805.155194373
mask_necrosis__t1__follow_up_2__original_glcm_ClusterShade,3637.92518891853
mask_necrosis__t1__follow_up_2__original_glcm_ClusterTendency,472.66625058991184
mask_necrosis__t1__follow_up_2__original_glcm_Contrast,126.91579686005863
mask_necrosis__t1__follow_up_2__original_glcm_Correlation,0.592018084448471
mask_necrosis__t1__follow_up_2__original_glcm_DifferenceAverage,8.024457846940116
mask_necrosis__t1__follow_up_2__original_glcm_DifferenceEntropy,3.554263444771919
mask_necrosis__t1__follow_up_2__original_glcm_DifferenceVariance,56.85808007384868
mask_necrosis__t1__follow_up_2__original_glcm_Id,0.2042513852545365
mask_necrosis__t1__follow_up_2__original_glcm_Idm,0.1139116691488033
mask_necrosis__t1__follow_up_2__original_glcm_Idmn,0.9827353892367552
mask_necrosis__t1__follow_up_2__original_glcm_Idn,0.9148222020046956
mask_necrosis__t1__follow_up_2__original_glcm_Imc1,-0.7502635343562266
mask_necrosis__t1__follow_up_2__original_glcm_Imc2,0.9994951006793116
mask_necrosis__t1__follow_up_2__original_glcm_InverseVariance,0.1272295105545406
mask_necrosis__t1__follow_up_2__original_glcm_JointAverage,22.83954733532457
mask_necrosis__t1__follow_up_2__original_glcm_JointEnergy,0.0188608758594145
mask_necrosis__t1__follow_up_2__original_glcm_JointEntropy,5.800152736848924
mask_necrosis__t1__follow_up_2__original_glcm_MCC,0.9949275989939524
mask_necrosis__t1__follow_up_2__original_glcm_MaximumProbability,0.0338864089592091
mask_necrosis__t1__follow_up_2__original_glcm_SumAverage,45.67909467064913
mask_necrosis__t1__follow_up_2__original_glcm_SumEntropy,4.599567599400928
mask_necrosis__t1__follow_up_2__original_glcm_SumSquares,149.8955118624926
mask_necrosis__t1__follow_up_2__original_glrlm_GrayLevelNonUniformity,2.188310613786636
mask_necrosis__t1__follow_up_2__original_glrlm_GrayLevelNonUniformityNormalized,0.0370890630083394
mask_necrosis__t1__follow_up_2__original_glrlm_GrayLevelVariance,193.1339954634905
mask_necrosis__t1__follow_up_2__original_glrlm_HighGrayLevelRunEmphasis,764.1607527225203
mask_necrosis__t1__follow_up_2__original_glrlm_LongRunEmphasis,1.0544511933973315
mask_necrosis__t1__follow_up_2__original_glrlm_LongRunHighGrayLevelEmphasis,800.3543535478537
mask_necrosis__t1__follow_up_2__original_glrlm_LongRunLowGrayLevelEmphasis,0.0242779462118497
mask_necrosis__t1__follow_up_2__original_glrlm_LowGrayLevelRunEmphasis,0.0237698199083233
mask_necrosis__t1__follow_up_2__original_glrlm_RunEntropy,4.916580034821495
mask_necrosis__t1__follow_up_2__original_glrlm_RunLengthNonUniformity,57.21783553430175
mask_necrosis__t1__follow_up_2__original_glrlm_RunLengthNonUniformityNormalized,0.969229159773627
mask_necrosis__t1__follow_up_2__original_glrlm_RunPercentage,0.9833333333333332
mask_necrosis__t1__follow_up_2__original_glrlm_RunVariance,0.0192956003016068
mask_necrosis__t1__follow_up_2__original_glrlm_ShortRunEmphasis,0.9878608238139444
mask_necrosis__t1__follow_up_2__original_glrlm_ShortRunHighGrayLevelEmphasis,756.1866230732157
mask_necrosis__t1__follow_up_2__original_glrlm_ShortRunLowGrayLevelEmphasis,0.023644809762021
mask_necrosis__t1__follow_up_2__original_glszm_GrayLevelNonUniformity,1.6382978723404256
mask_necrosis__t1__follow_up_2__original_glszm_GrayLevelNonUniformityNormalized,0.0348574015391579
mask_necrosis__t1__follow_up_2__original_glszm_GrayLevelVariance,211.12358533272973
mask_necrosis__t1__follow_up_2__original_glszm_HighGrayLevelZoneEmphasis,790.1914893617021
mask_necrosis__t1__follow_up_2__original_glszm_LargeAreaEmphasis,2.0
mask_necrosis__t1__follow_up_2__original_glszm_LargeAreaHighGrayLevelEmphasis,1485.4255319148936
mask_necrosis__t1__follow_up_2__original_glszm_LargeAreaLowGrayLevelEmphasis,0.0356131432961195
mask_necrosis__t1__follow_up_2__original_glszm_LowGrayLevelZoneEmphasis,0.0273541986928526
mask_necrosis__t1__follow_up_2__original_glszm_SizeZoneNonUniformity,30.53191489361702
mask_necrosis__t1__follow_up_2__original_glszm_SizeZoneNonUniformityNormalized,0.6496152105024898
mask_necrosis__t1__follow_up_2__original_glszm_SmallAreaEmphasis,0.8334810874704492
mask_necrosis__t1__follow_up_2__original_glszm_SmallAreaHighGrayLevelEmphasis,687.4734042553191
mask_necrosis__t1__follow_up_2__original_glszm_SmallAreaLowGrayLevelEmphasis,0.0253883807952861
mask_necrosis__t1__follow_up_2__original_glszm_ZoneEntropy,5.070442309078403
mask_necrosis__t1__follow_up_2__original_glszm_ZonePercentage,0.7833333333333333
mask_necrosis__t1__follow_up_2__original_glszm_ZoneVariance,0.3703033046627433
mask_necrosis__t1__follow_up_2__original_gldm_DependenceEntropy,5.160975803905782
mask_necrosis__t1__follow_up_2__original_gldm_DependenceNonUniformity,29.633333333333333
mask_necrosis__t1__follow_up_2__original_gldm_DependenceNonUniformityNormalized,0.4938888888888889
mask_necrosis__t1__follow_up_2__original_gldm_DependenceVariance,0.3455555555555555
mask_necrosis__t1__follow_up_2__original_gldm_GrayLevelNonUniformity,2.2333333333333334
mask_necrosis__t1__follow_up_2__original_gldm_GrayLevelVariance,192.0030555555556
mask_necrosis__t1__follow_up_2__original_gldm_HighGrayLevelEmphasis,762.4166666666666
mask_necrosis__t1__follow_up_2__original_gldm_LargeDependenceEmphasis,2.4
mask_necrosis__t1__follow_up_2__original_gldm_LargeDependenceHighGrayLevelEmphasis,1707.3166666666666
mask_necrosis__t1__follow_up_2__original_gldm_LargeDependenceLowGrayLevelEmphasis,0.0362768195551879
mask_necrosis__t1__follow_up_2__original_gldm_LowGrayLevelEmphasis,0.0235316792286341
mask_necrosis__t1__follow_up_2__original_gldm_SmallDependenceEmphasis,0.7055555555555556
mask_necrosis__t1__follow_up_2__original_gldm_SmallDependenceHighGrayLevelEmphasis,573.025
mask_necrosis__t1__follow_up_2__original_gldm_SmallDependenceLowGrayLevelEmphasis,0.0204119490420827
mask_necrosis__t1__follow_up_2__original_ngtdm_Busyness,0.0165509805485607
mask_necrosis__t1__follow_up_2__original_ngtdm_Coarseness,0.0918879362550537
mask_necrosis__t1__follow_up_2__original_ngtdm_Complexity,3811.059756668296
mask_necrosis__t1__follow_up_2__original_ngtdm_Contrast,1.902189380070301
mask_necrosis__t1__follow_up_2__original_ngtdm_Strength,92.967082003524
mask_all__t1__follow_up_2__original_shape_Elongation,0.8032801151815605
mask_all__t1__follow_up_2__original_shape_Flatness,0.6835951445160551
mask_all__t1__follow_up_2__original_shape_LeastAxisLength,16.11975153807481
mask_all__t1__follow_up_2__original_shape_MajorAxisLength,23.580845574154328
mask_all__t1__follow_up_2__original_shape_Maximum2DDiameterColumn,23.600847442411894
mask_all__t1__follow_up_2__original_shape_Maximum2DDiameterRow,30.0
mask_all__t1__follow_up_2__original_shape_Maximum2DDiameterSlice,31.575306807693888
mask_all__t1__follow_up_2__original_shape_Maximum3DDiameter,31.63858403911275
mask_all__t1__follow_up_2__original_shape_MeshVolume,3878.7083333333335
mask_all__t1__follow_up_2__original_shape_MinorAxisLength,18.94202434888528
mask_all__t1__follow_up_2__original_shape_Sphericity,0.565518597510789
mask_all__t1__follow_up_2__original_shape_SurfaceArea,2111.034422915839
mask_all__t1__follow_up_2__original_shape_SurfaceVolumeRatio,0.5442622237856259
mask_all__t1__follow_up_2__original_shape_VoxelVolume,3911.0
mask_all__t1__follow_up_2__original_firstorder_10Percentile,338.2162064652645
mask_all__t1__follow_up_2__original_firstorder_90Percentile,498.3762001833843
mask_all__t1__follow_up_2__original_firstorder_Energy,696019874.7102445
mask_all__t1__follow_up_2__original_firstorder_Entropy,5.664902890221692
mask_all__t1__follow_up_2__original_firstorder_InterquartileRange,84.97741448471868
mask_all__t1__follow_up_2__original_firstorder_Kurtosis,7.493836763315372
mask_all__t1__follow_up_2__original_firstorder_MeanAbsoluteDeviation,57.30456934925673
mask_all__t1__follow_up_2__original_firstorder_Mean,414.1913917691001
mask_all__t1__follow_up_2__original_firstorder_Median,396.2438679400767
mask_all__t1__follow_up_2__original_firstorder_Range,572.2428479730956
mask_all__t1__follow_up_2__original_firstorder_RobustMeanAbsoluteDeviation,35.006627787057305
mask_all__t1__follow_up_2__original_firstorder_RootMeanSquared,421.85860530686216
mask_all__t1__follow_up_2__original_firstorder_Skewness,1.8410471045852763
mask_all__t1__follow_up_2__original_firstorder_TotalEnergy,696019874.7102445
mask_all__t1__follow_up_2__original_firstorder_Uniformity,0.0250412511937005
mask_all__t1__follow_up_2__original_firstorder_Variance,6410.173855826825
mask_all__t1__follow_up_2__original_glcm_Autocorrelation,903.965099678452
mask_all__t1__follow_up_2__original_glcm_ClusterProminence,7858532.828037696
mask_all__t1__follow_up_2__original_glcm_ClusterShade,63315.71319595826
mask_all__t1__follow_up_2__original_glcm_ClusterTendency,1028.0004663335744
mask_all__t1__follow_up_2__original_glcm_Contrast,89.83168486959966
mask_all__t1__follow_up_2__original_glcm_Correlation,0.8397927276828031
mask_all__t1__follow_up_2__original_glcm_DifferenceAverage,6.151311233324082
mask_all__t1__follow_up_2__original_glcm_DifferenceEntropy,4.03179284111506
mask_all__t1__follow_up_2__original_glcm_DifferenceVariance,49.911725766603645
mask_all__t1__follow_up_2__original_glcm_Id,0.2813438348181433
mask_all__t1__follow_up_2__original_glcm_Idm,0.1945326054881839
mask_all__t1__follow_up_2__original_glcm_Idmn,0.9935975960356233
mask_all__t1__follow_up_2__original_glcm_Idn,0.9521441795818772
mask_all__t1__follow_up_2__original_glcm_Imc1,-0.2573992323007469
mask_all__t1__follow_up_2__original_glcm_Imc2,0.9686684811077696
mask_all__t1__follow_up_2__original_glcm_InverseVariance,0.2019203820482859
mask_all__t1__follow_up_2__original_glcm_JointAverage,25.872968286075675
mask_all__t1__follow_up_2__original_glcm_JointEnergy,0.0016812704129656
mask_all__t1__follow_up_2__original_glcm_JointEntropy,9.867467032286916
mask_all__t1__follow_up_2__original_glcm_MCC,0.8642686345722024
mask_all__t1__follow_up_2__original_glcm_MaximumProbability,0.0061708829972796
mask_all__t1__follow_up_2__original_glcm_SumAverage,51.745936572151386
mask_all__t1__follow_up_2__original_glcm_SumEntropy,6.560544264559932
mask_all__t1__follow_up_2__original_glcm_SumSquares,279.45803780079353
mask_all__t1__follow_up_2__original_glrlm_GrayLevelNonUniformity,90.91032230972448
mask_all__t1__follow_up_2__original_glrlm_GrayLevelNonUniformityNormalized,0.0247483218226411
mask_all__t1__follow_up_2__original_glrlm_GrayLevelVariance,261.385734392816
mask_all__t1__follow_up_2__original_glrlm_HighGrayLevelRunEmphasis,973.9487157834028
mask_all__t1__follow_up_2__original_glrlm_LongRunEmphasis,1.2191187341221554
mask_all__t1__follow_up_2__original_glrlm_LongRunHighGrayLevelEmphasis,1099.1704722703516
mask_all__t1__follow_up_2__original_glrlm_LongRunLowGrayLevelEmphasis,0.0056805020834518
mask_all__t1__follow_up_2__original_glrlm_LowGrayLevelRunEmphasis,0.0044692687438996
mask_all__t1__follow_up_2__original_glrlm_RunEntropy,5.994114101359663
mask_all__t1__follow_up_2__original_glrlm_RunLengthNonUniformity,3281.353962025684
mask_all__t1__follow_up_2__original_glrlm_RunLengthNonUniformityNormalized,0.8924308420552414
mask_all__t1__follow_up_2__original_glrlm_RunPercentage,0.9391066616840076
mask_all__t1__follow_up_2__original_glrlm_RunVariance,0.0826618700461613
mask_all__t1__follow_up_2__original_glrlm_ShortRunEmphasis,0.9562232803304942
mask_all__t1__follow_up_2__original_glrlm_ShortRunHighGrayLevelEmphasis,947.059735973567
mask_all__t1__follow_up_2__original_glrlm_ShortRunLowGrayLevelEmphasis,0.0042261791903268
mask_all__t1__follow_up_2__original_glszm_GrayLevelNonUniformity,39.36983240223464
mask_all__t1__follow_up_2__original_glszm_GrayLevelNonUniformityNormalized,0.0219943197777847
mask_all__t1__follow_up_2__original_glszm_GrayLevelVariance,314.74804781373865
mask_all__t1__follow_up_2__original_glszm_HighGrayLevelZoneEmphasis,1256.7921787709497
mask_all__t1__follow_up_2__original_glszm_LargeAreaEmphasis,16.220670391061454
mask_all__t1__follow_up_2__original_glszm_LargeAreaHighGrayLevelEmphasis,7514.423463687151
mask_all__t1__follow_up_2__original_glszm_LargeAreaLowGrayLevelEmphasis,0.0922042996105826
mask_all__t1__follow_up_2__original_glszm_LowGrayLevelZoneEmphasis,0.0041203344751725
mask_all__t1__follow_up_2__original_glszm_SizeZoneNonUniformity,781.5765363128492
mask_all__t1__follow_up_2__original_glszm_SizeZoneNonUniformityNormalized,0.4366349364876252
mask_all__t1__follow_up_2__original_glszm_SmallAreaEmphasis,0.6870318893025329
mask_all__t1__follow_up_2__original_glszm_SmallAreaHighGrayLevelEmphasis,944.5415321222042
mask_all__t1__follow_up_2__original_glszm_SmallAreaLowGrayLevelEmphasis,0.0028689700825806
mask_all__t1__follow_up_2__original_glszm_ZoneEntropy,7.4509908416107855
mask_all__t1__follow_up_2__original_glszm_ZonePercentage,0.4576834569163897
mask_all__t1__follow_up_2__original_glszm_ZoneVariance,11.446811585156516
mask_all__t1__follow_up_2__original_gldm_DependenceEntropy,7.812004691510718
mask_all__t1__follow_up_2__original_gldm_DependenceNonUniformity,872.3137305037075
mask_all__t1__follow_up_2__original_gldm_DependenceNonUniformityNormalized,0.2230410970349546
mask_all__t1__follow_up_2__original_gldm_DependenceVariance,2.634788974132385
mask_all__t1__follow_up_2__original_gldm_GrayLevelNonUniformity,97.93633341856302
mask_all__t1__follow_up_2__original_gldm_GrayLevelVariance,256.75321819457616
mask_all__t1__follow_up_2__original_gldm_HighGrayLevelEmphasis,950.3906929174124
mask_all__t1__follow_up_2__original_gldm_LargeDependenceEmphasis,9.30784965481974
mask_all__t1__follow_up_2__original_gldm_LargeDependenceHighGrayLevelEmphasis,5030.656098184608
mask_all__t1__follow_up_2__original_gldm_LargeDependenceLowGrayLevelEmphasis,0.0552136994628971
mask_all__t1__follow_up_2__original_gldm_LowGrayLevelEmphasis,0.0045351248904881
mask_all__t1__follow_up_2__original_gldm_SmallDependenceEmphasis,0.3936330164809843
mask_all__t1__follow_up_2__original_gldm_SmallDependenceHighGrayLevelEmphasis,500.2370551423227
mask_all__t1__follow_up_2__original_gldm_SmallDependenceLowGrayLevelEmphasis,0.0016322044138741
mask_all__t1__follow_up_2__original_ngtdm_Busyness,0.0818886141486107
mask_all__t1__follow_up_2__original_ngtdm_Coarseness,0.0041851400019069
mask_all__t1__follow_up_2__original_ngtdm_Complexity,18281.225529807307
mask_all__t1__follow_up_2__original_ngtdm_Contrast,0.1452197722236624
mask_all__t1__follow_up_2__original_ngtdm_Strength,34.09920786469956
mask_tumor__t1__follow_up_2__original_shape_Elongation,0.9704161571962024
mask_tumor__t1__follow_up_2__original_shape_Flatness,0.7584625837848019
mask_tumor__t1__follow_up_2__original_shape_LeastAxisLength,8.075536562242782
mask_tumor__t1__follow_up_2__original_shape_MajorAxisLength,10.64724448494884
mask_tumor__t1__follow_up_2__original_shape_Maximum2DDiameterColumn,11.6619037896906
mask_tumor__t1__follow_up_2__original_shape_Maximum2DDiameterRow,11.40175425099138
mask_tumor__t1__follow_up_2__original_shape_Maximum2DDiameterSlice,11.6619037896906
mask_tumor__t1__follow_up_2__original_shape_Maximum3DDiameter,12.68857754044952
mask_tumor__t1__follow_up_2__original_shape_MeshVolume,465.3333333333333
mask_tumor__t1__follow_up_2__original_shape_MinorAxisLength,10.33225807781252
mask_tumor__t1__follow_up_2__original_shape_Sphericity,0.5833891359350818
mask_tumor__t1__follow_up_2__original_shape_SurfaceArea,497.77746260330656
mask_tumor__t1__follow_up_2__original_shape_SurfaceVolumeRatio,1.0697223408380514
mask_tumor__t1__follow_up_2__original_shape_VoxelVolume,476.0
mask_tumor__t1__follow_up_2__original_firstorder_10Percentile,396.9835588647402
mask_tumor__t1__follow_up_2__original_firstorder_90Percentile,702.3280930618077
mask_tumor__t1__follow_up_2__original_firstorder_Energy,151272104.55835062
mask_tumor__t1__follow_up_2__original_firstorder_Entropy,6.371465150151163
mask_tumor__t1__follow_up_2__original_firstorder_InterquartileRange,164.58455268700868
mask_tumor__t1__follow_up_2__original_firstorder_Kurtosis,2.390165578449201
mask_tumor__t1__follow_up_2__original_firstorder_MeanAbsoluteDeviation,94.83917297617975
mask_tumor__t1__follow_up_2__original_firstorder_Mean,551.8974985803028
mask_tumor__t1__follow_up_2__original_firstorder_Median,556.6910000869525
mask_tumor__t1__follow_up_2__original_firstorder_Range,540.0016190291412
mask_tumor__t1__follow_up_2__original_firstorder_RobustMeanAbsoluteDeviation,69.275514143734
mask_tumor__t1__follow_up_2__original_firstorder_RootMeanSquared,563.7362317503919
mask_tumor__t1__follow_up_2__original_firstorder_Skewness,0.1107445172272026
mask_tumor__t1__follow_up_2__original_firstorder_TotalEnergy,151272104.55835062
mask_tumor__t1__follow_up_2__original_firstorder_Uniformity,0.0138408304498269
mask_tumor__t1__follow_up_2__original_firstorder_Variance,13207.69004893623
mask_tumor__t1__follow_up_2__original_glcm_Autocorrelation,3182.9687540363902
mask_tumor__t1__follow_up_2__original_glcm_ClusterProminence,8182065.734922262
mask_tumor__t1__follow_up_2__original_glcm_ClusterShade,-8010.930003012123
mask_tumor__t1__follow_up_2__original_glcm_ClusterTendency,1829.2406871364608
mask_tumor__t1__follow_up_2__original_glcm_Contrast,290.65779656043566
mask_tumor__t1__follow_up_2__original_glcm_Correlation,0.7273391996209859
mask_tumor__t1__follow_up_2__original_glcm_DifferenceAverage,13.180116139898791
mask_tumor__t1__follow_up_2__original_glcm_DifferenceEntropy,4.955739206642904
mask_tumor__t1__follow_up_2__original_glcm_DifferenceVariance,109.90969588056711
mask_tumor__t1__follow_up_2__original_glcm_Id,0.154458923010775
mask_tumor__t1__follow_up_2__original_glcm_Idm,0.0811950112484007
mask_tumor__t1__follow_up_2__original_glcm_Idmn,0.977335391160711
mask_tumor__t1__follow_up_2__original_glcm_Idn,0.8985881615605985
mask_tumor__t1__follow_up_2__original_glcm_Imc1,-0.5636132024661469
mask_tumor__t1__follow_up_2__original_glcm_Imc2,0.9996007025795838
mask_tumor__t1__follow_up_2__original_glcm_InverseVariance,0.0868459450361105
mask_tumor__t1__follow_up_2__original_glcm_JointAverage,52.88352840443143
mask_tumor__t1__follow_up_2__original_glcm_JointEnergy,0.0019154147686619
mask_tumor__t1__follow_up_2__original_glcm_JointEntropy,9.102887829283375
mask_tumor__t1__follow_up_2__original_glcm_MCC,0.889040585801389
mask_tumor__t1__follow_up_2__original_glcm_MaximumProbability,0.0052997743162399
mask_tumor__t1__follow_up_2__original_glcm_SumAverage,105.76705680886286
mask_tumor__t1__follow_up_2__original_glcm_SumEntropy,6.915375246549535
mask_tumor__t1__follow_up_2__original_glcm_SumSquares,529.9746209242242
mask_tumor__t1__follow_up_2__original_glrlm_GrayLevelNonUniformity,6.459551197194084
mask_tumor__t1__follow_up_2__original_glrlm_GrayLevelNonUniformityNormalized,0.0138117416956803
mask_tumor__t1__follow_up_2__original_glrlm_GrayLevelVariance,527.3037531015846
mask_tumor__t1__follow_up_2__original_glrlm_HighGrayLevelRunEmphasis,2815.0841576773405
mask_tumor__t1__follow_up_2__original_glrlm_LongRunEmphasis,1.0544784334330832
mask_tumor__t1__follow_up_2__original_glrlm_LongRunHighGrayLevelEmphasis,2991.8099182262117
mask_tumor__t1__follow_up_2__original_glrlm_LongRunLowGrayLevelEmphasis,0.0050154990393597
mask_tumor__t1__follow_up_2__original_glrlm_LowGrayLevelRunEmphasis,0.0048524476949262
mask_tumor__t1__follow_up_2__original_glrlm_RunEntropy,6.434998886505372
mask_tumor__t1__follow_up_2__original_glrlm_RunLengthNonUniformity,451.86477020426696
mask_tumor__t1__follow_up_2__original_glrlm_RunLengthNonUniformityNormalized,0.9660393233538908
mask_tumor__t1__follow_up_2__original_glrlm_RunPercentage,0.982546864899806
mask_tumor__t1__follow_up_2__original_glrlm_RunVariance,0.0184369771361803
mask_tumor__t1__follow_up_2__original_glrlm_ShortRunEmphasis,0.986932252167054
mask_tumor__t1__follow_up_2__original_glrlm_ShortRunHighGrayLevelEmphasis,2771.8157377082307
mask_tumor__t1__follow_up_2__original_glrlm_ShortRunLowGrayLevelEmphasis,0.0048120927063625
mask_tumor__t1__follow_up_2__original_glszm_GrayLevelNonUniformity,5.127320954907161
mask_tumor__t1__follow_up_2__original_glszm_GrayLevelNonUniformityNormalized,0.0136003208352975
mask_tumor__t1__follow_up_2__original_glszm_GrayLevelVariance,514.3877885582816
mask_tumor__t1__follow_up_2__original_glszm_HighGrayLevelZoneEmphasis,2677.74801061008
mask_tumor__t1__follow_up_2__original_glszm_LargeAreaEmphasis,2.037135278514589
mask_tumor__t1__follow_up_2__original_glszm_LargeAreaHighGrayLevelEmphasis,6173.915119363395
mask_tumor__t1__follow_up_2__original_glszm_LargeAreaLowGrayLevelEmphasis,0.0080002756468643
mask_tumor__t1__follow_up_2__original_glszm_LowGrayLevelZoneEmphasis,0.0054854482709212
mask_tumor__t1__follow_up_2__original_glszm_SizeZoneNonUniformity,258.7453580901857
mask_tumor__t1__follow_up_2__original_glszm_SizeZoneNonUniformityNormalized,0.6863272097882909
mask_tumor__t1__follow_up_2__original_glszm_SmallAreaEmphasis,0.8546875921013852
mask_tumor__t1__follow_up_2__original_glszm_SmallAreaHighGrayLevelEmphasis,2181.383581638668
mask_tumor__t1__follow_up_2__original_glszm_SmallAreaLowGrayLevelEmphasis,0.0052061186565177
mask_tumor__t1__follow_up_2__original_glszm_ZoneEntropy,6.897291894756348
mask_tumor__t1__follow_up_2__original_glszm_ZonePercentage,0.792016806722689
mask_tumor__t1__follow_up_2__original_glszm_ZoneVariance,0.4429778581429546
mask_tumor__t1__follow_up_2__original_gldm_DependenceEntropy,7.122872544704608
mask_tumor__t1__follow_up_2__original_gldm_DependenceNonUniformity,236.0
mask_tumor__t1__follow_up_2__original_gldm_DependenceNonUniformityNormalized,0.4957983193277311
mask_tumor__t1__follow_up_2__original_gldm_DependenceVariance,0.4831579690699809
mask_tumor__t1__follow_up_2__original_gldm_GrayLevelNonUniformity,6.588235294117647
mask_tumor__t1__follow_up_2__original_gldm_GrayLevelVariance,528.7839488736671
mask_tumor__t1__follow_up_2__original_gldm_HighGrayLevelEmphasis,2823.1134453781515
mask_tumor__t1__follow_up_2__original_gldm_LargeDependenceEmphasis,2.596638655462185
mask_tumor__t1__follow_up_2__original_gldm_LargeDependenceHighGrayLevelEmphasis,7931.27731092437
mask_tumor__t1__follow_up_2__original_gldm_LargeDependenceLowGrayLevelEmphasis,0.0106864782928903
mask_tumor__t1__follow_up_2__original_gldm_LowGrayLevelEmphasis,0.0048206098593412
mask_tumor__t1__follow_up_2__original_gldm_SmallDependenceEmphasis,0.7228057889822596
mask_tumor__t1__follow_up_2__original_gldm_SmallDependenceHighGrayLevelEmphasis,1887.122972105509
mask_tumor__t1__follow_up_2__original_gldm_SmallDependenceLowGrayLevelEmphasis,0.0041988909973468
mask_tumor__t1__follow_up_2__original_ngtdm_Busyness,0.0118869913121289
mask_tumor__t1__follow_up_2__original_ngtdm_Coarseness,0.0212436071124354
mask_tumor__t1__follow_up_2__original_ngtdm_Complexity,29274.592066576424
mask_tumor__t1__follow_up_2__original_ngtdm_Contrast,0.837857149908365
mask_tumor__t1__follow_up_2__original_ngtdm_Strength,75.14635399746429
mask_oedema__t1__follow_up_2__original_shape_Elongation,0.7277246755167485
mask_oedema__t1__follow_up_2__original_shape_Flatness,0.6664942598712517
mask_oedema__t1__follow_up_2__original_shape_LeastAxisLength,16.70813553875922
mask_oedema__t1__follow_up_2__original_shape_MajorAxisLength,25.06868632595091
mask_oedema__t1__follow_up_2__original_shape_Maximum2DDiameterColumn,23.600847442411894
mask_oedema__t1__follow_up_2__original_shape_Maximum2DDiameterRow,30.0
mask_oedema__t1__follow_up_2__original_shape_Maximum2DDiameterSlice,31.575306807693888
mask_oedema__t1__follow_up_2__original_shape_Maximum3DDiameter,31.63858403911275
mask_oedema__t1__follow_up_2__original_shape_MeshVolume,3342.333333333333
mask_oedema__t1__follow_up_2__original_shape_MinorAxisLength,18.243101622183776
mask_oedema__t1__follow_up_2__original_shape_Sphericity,0.4948645925140381
mask_oedema__t1__follow_up_2__original_shape_SurfaceArea,2184.5613720436886
mask_oedema__t1__follow_up_2__original_shape_SurfaceVolumeRatio,0.6536036816725905
mask_oedema__t1__follow_up_2__original_shape_VoxelVolume,3375.0
mask_oedema__t1__follow_up_2__original_firstorder_10Percentile,335.5578809794567
mask_oedema__t1__follow_up_2__original_firstorder_90Percentile,463.5072567853052
mask_oedema__t1__follow_up_2__original_firstorder_Energy,531390332.9512301
mask_oedema__t1__follow_up_2__original_firstorder_Entropy,5.236658363339789
mask_oedema__t1__follow_up_2__original_firstorder_InterquartileRange,69.08736757302512
mask_oedema__t1__follow_up_2__original_firstorder_Kurtosis,2.996241857370796
mask_oedema__t1__follow_up_2__original_firstorder_MeanAbsoluteDeviation,39.55270001341306
mask_oedema__t1__follow_up_2__original_firstorder_Mean,393.8356144661243
mask_oedema__t1__follow_up_2__original_firstorder_Median,386.61596840759177
mask_oedema__t1__follow_up_2__original_firstorder_Range,316.1411672307981
mask_oedema__t1__follow_up_2__original_firstorder_RobustMeanAbsoluteDeviation,28.8644921236852
mask_oedema__t1__follow_up_2__original_firstorder_RootMeanSquared,396.79842179764927
mask_oedema__t1__follow_up_2__original_firstorder_Skewness,0.5567010668349215
mask_oedema__t1__follow_up_2__original_firstorder_TotalEnergy,531390332.9512301
mask_oedema__t1__follow_up_2__original_firstorder_Uniformity,0.0302284554183813
mask_oedema__t1__follow_up_2__original_firstorder_Variance,2342.496319195458
mask_oedema__t1__follow_up_2__original_glcm_Autocorrelation,505.9789826107327
mask_oedema__t1__follow_up_2__original_glcm_ClusterProminence,257396.12979295032
mask_oedema__t1__follow_up_2__original_glcm_ClusterShade,2853.546015886945
mask_oedema__t1__follow_up_2__original_glcm_ClusterTendency,293.6329432631471
mask_oedema__t1__follow_up_2__original_glcm_Contrast,38.53357534297623
mask_oedema__t1__follow_up_2__original_glcm_Correlation,0.7680910193095865
mask_oedema__t1__follow_up_2__original_glcm_DifferenceAverage,4.504889355181006
mask_oedema__t1__follow_up_2__original_glcm_DifferenceEntropy,3.587822379902509
mask_oedema__t1__follow_up_2__original_glcm_DifferenceVariance,17.072275432451725
mask_oedema__t1__follow_up_2__original_glcm_Id,0.3088315180252419
mask_oedema__t1__follow_up_2__original_glcm_Idm,0.2189753572099288
mask_oedema__t1__follow_up_2__original_glcm_Idmn,0.9911534673628576
mask_oedema__t1__follow_up_2__original_glcm_Idn,0.9374493240526331
mask_oedema__t1__follow_up_2__original_glcm_Imc1,-0.2039872548298509
mask_oedema__t1__follow_up_2__original_glcm_Imc2,0.9257413452490104
mask_oedema__t1__follow_up_2__original_glcm_InverseVariance,0.2269759652844538
mask_oedema__t1__follow_up_2__original_glcm_JointAverage,21.02597936001984
mask_oedema__t1__follow_up_2__original_glcm_JointEnergy,0.0022630516238117
mask_oedema__t1__follow_up_2__original_glcm_JointEntropy,9.244851919821256
mask_oedema__t1__follow_up_2__original_glcm_MCC,0.7954026087870918
mask_oedema__t1__follow_up_2__original_glcm_MaximumProbability,0.0074087185463499
mask_oedema__t1__follow_up_2__original_glcm_SumAverage,42.051958720039686
mask_oedema__t1__follow_up_2__original_glcm_SumEntropy,6.035054100819675
mask_oedema__t1__follow_up_2__original_glcm_SumSquares,83.04162965153078
mask_oedema__t1__follow_up_2__original_glrlm_GrayLevelNonUniformity,94.76341295086064
mask_oedema__t1__follow_up_2__original_glrlm_GrayLevelNonUniformityNormalized,0.0300740719898091
mask_oedema__t1__follow_up_2__original_glrlm_GrayLevelVariance,94.11697073763663
mask_oedema__t1__follow_up_2__original_glrlm_HighGrayLevelRunEmphasis,599.3775979417156
mask_oedema__t1__follow_up_2__original_glrlm_LongRunEmphasis,1.2423272912532055
mask_oedema__t1__follow_up_2__original_glrlm_LongRunHighGrayLevelEmphasis,706.9823961408591
mask_oedema__t1__follow_up_2__original_glrlm_LongRunLowGrayLevelEmphasis,0.0064507152899286
mask_oedema__t1__follow_up_2__original_glrlm_LowGrayLevelRunEmphasis,0.00505662647426
mask_oedema__t1__follow_up_2__original_glrlm_RunEntropy,5.584535102273719
mask_oedema__t1__follow_up_2__original_glrlm_RunLengthNonUniformity,2787.1954994061944
mask_oedema__t1__follow_up_2__original_glrlm_RunLengthNonUniformityNormalized,0.8833382944531368
mask_oedema__t1__follow_up_2__original_glrlm_RunPercentage,0.9335840455840456
mask_oedema__t1__follow_up_2__original_glrlm_RunVariance,0.0916239085225539
mask_oedema__t1__follow_up_2__original_glrlm_ShortRunEmphasis,0.9521891688084644
mask_oedema__t1__follow_up_2__original_glrlm_ShortRunHighGrayLevelEmphasis,577.4257055545404
mask_oedema__t1__follow_up_2__original_glrlm_ShortRunLowGrayLevelEmphasis,0.0047779544058408
mask_oedema__t1__follow_up_2__original_glszm_GrayLevelNonUniformity,40.870239774330045
mask_oedema__t1__follow_up_2__original_glszm_GrayLevelNonUniformityNormalized,0.0288224540016431
mask_oedema__t1__follow_up_2__original_glszm_GrayLevelVariance,100.8480467732021
mask_oedema__t1__follow_up_2__original_glszm_HighGrayLevelZoneEmphasis,715.314527503526
mask_oedema__t1__follow_up_2__original_glszm_LargeAreaEmphasis,19.69181946403385
mask_oedema__t1__follow_up_2__original_glszm_LargeAreaHighGrayLevelEmphasis,7216.241889985896
mask_oedema__t1__follow_up_2__original_glszm_LargeAreaLowGrayLevelEmphasis,0.1153413388199512
mask_oedema__t1__follow_up_2__original_glszm_LowGrayLevelZoneEmphasis,0.0049966408760547
mask_oedema__t1__follow_up_2__original_glszm_SizeZoneNonUniformity,580.6657263751763
mask_oedema__t1__follow_up_2__original_glszm_SizeZoneNonUniformityNormalized,0.4094962809415912
mask_oedema__t1__follow_up_2__original_glszm_SmallAreaEmphasis,0.6653438401343136
mask_oedema__t1__follow_up_2__original_glszm_SmallAreaHighGrayLevelEmphasis,510.4438760246322
mask_oedema__t1__follow_up_2__original_glszm_SmallAreaLowGrayLevelEmphasis,0.0034832381692043
mask_oedema__t1__follow_up_2__original_glszm_ZoneEntropy,7.058766725301866
mask_oedema__t1__follow_up_2__original_glszm_ZonePercentage,0.4201481481481481
mask_oedema__t1__follow_up_2__original_glszm_ZoneVariance,14.026882356802822
mask_oedema__t1__follow_up_2__original_gldm_DependenceEntropy,7.507551300279005
mask_oedema__t1__follow_up_2__original_gldm_DependenceNonUniformity,703.976
mask_oedema__t1__follow_up_2__original_gldm_DependenceNonUniformityNormalized,0.2085854814814814
mask_oedema__t1__follow_up_2__original_gldm_DependenceVariance,2.791740224965707
mask_oedema__t1__follow_up_2__original_gldm_GrayLevelNonUniformity,102.02103703703705
mask_oedema__t1__follow_up_2__original_gldm_GrayLevelVariance,93.8147950617284
mask_oedema__t1__follow_up_2__original_gldm_HighGrayLevelEmphasis,589.4213333333333
mask_oedema__t1__follow_up_2__original_gldm_LargeDependenceEmphasis,10.22725925925926
mask_oedema__t1__follow_up_2__original_gldm_LargeDependenceHighGrayLevelEmphasis,4256.463703703704
mask_oedema__t1__follow_up_2__original_gldm_LargeDependenceLowGrayLevelEmphasis,0.0631027987234157
mask_oedema__t1__follow_up_2__original_gldm_LowGrayLevelEmphasis,0.0051057662094067
mask_oedema__t1__follow_up_2__original_gldm_SmallDependenceEmphasis,0.3606251810253426
mask_oedema__t1__follow_up_2__original_gldm_SmallDependenceHighGrayLevelEmphasis,259.8457414403467
mask_oedema__t1__follow_up_2__original_gldm_SmallDependenceLowGrayLevelEmphasis,0.0018212216107294
mask_oedema__t1__follow_up_2__original_ngtdm_Busyness,0.1598378988189052
mask_oedema__t1__follow_up_2__original_ngtdm_Coarseness,0.0047536413422732
mask_oedema__t1__follow_up_2__original_ngtdm_Complexity,3976.04724739902
mask_oedema__t1__follow_up_2__original_ngtdm_Contrast,0.1269613671618784
mask_oedema__t1__follow_up_2__original_ngtdm_Strength,7.13657406627443
