{
  "M1_volume_R2": -1.4542699681702262,
  "M2_log_volume_R2": -0.07252928536617786,
  "M3_svr_R2": -0.17874457730662385,
  "M4_necrosis_F1": 0.5637681159420289,
  "M5_elongation_R2": -0.07252928536617786,
  "M6_nn_consistency_pct": 21.48148148148148,
  "H1_pca_residual_r": 0.015630190861100974,
  "H2_heterogeneity_R2": -0.07252928536617786,
  "H3_subregion_F1": 0.5459041864496865,
  "H4_texture_bundle_R2": -0.5685146102810094,
  "T1_dist_vol_r": -0.031240431413300972,
  "T3_delta_R2": -0.16946271799546636,
  "T4_response_AUC": 0.5,
  "T5_coherence_cos": 0.98583984375,
  "T6_velocity_r": 0.4228545211189883,
  "T7_treatment_d": 2.193359375,
  "T2_tsne": "saved"
}